{
    "uid": "bce41f40-fb0b-43a7-b124-10f0513bdfc5",
    "name": "3_DecisionTree",
    "preprocessing": [
        {
            "ml_task": "regression",
            "params": {
                "columns_preprocessing": {},
                "target_preprocessing": [
                    "na_exclude"
                ],
                "ml_task": "regression"
            }
        },
        {
            "ml_task": "regression",
            "params": {
                "columns_preprocessing": {},
                "target_preprocessing": [
                    "na_exclude"
                ],
                "ml_task": "regression"
            }
        },
        {
            "ml_task": "regression",
            "params": {
                "columns_preprocessing": {},
                "target_preprocessing": [
                    "na_exclude"
                ],
                "ml_task": "regression"
            }
        },
        {
            "ml_task": "regression",
            "params": {
                "columns_preprocessing": {},
                "target_preprocessing": [
                    "na_exclude"
                ],
                "ml_task": "regression"
            }
        }
    ],
    "learners": [
        {
            "library_version": "1.5.1",
            "algorithm_name": "Decision Tree",
            "algorithm_short_name": "Decision Tree",
            "uid": "bf4fa00e-234f-4d9f-b865-3c167843631c",
            "params": {
                "model_type": "Decision Tree",
                "ml_task": "regression",
                "n_jobs": -1,
                "seed": 1237,
                "criterion": "squared_error",
                "max_depth": 4,
                "explain_level": 0
            },
            "name": "learner_fold_0"
        },
        {
            "library_version": "1.5.1",
            "algorithm_name": "Decision Tree",
            "algorithm_short_name": "Decision Tree",
            "uid": "9da33396-6f2d-4f6a-93cc-086ca2d97de2",
            "params": {
                "model_type": "Decision Tree",
                "ml_task": "regression",
                "n_jobs": -1,
                "seed": 1237,
                "criterion": "squared_error",
                "max_depth": 4,
                "explain_level": 0
            },
            "name": "learner_fold_1"
        },
        {
            "library_version": "1.5.1",
            "algorithm_name": "Decision Tree",
            "algorithm_short_name": "Decision Tree",
            "uid": "dbb9ed2a-3762-4d9b-8a2f-6168ca37d659",
            "params": {
                "model_type": "Decision Tree",
                "ml_task": "regression",
                "n_jobs": -1,
                "seed": 1237,
                "criterion": "squared_error",
                "max_depth": 4,
                "explain_level": 0
            },
            "name": "learner_fold_2"
        },
        {
            "library_version": "1.5.1",
            "algorithm_name": "Decision Tree",
            "algorithm_short_name": "Decision Tree",
            "uid": "e9f7b6ec-c782-4f37-a67f-6276207ac97a",
            "params": {
                "model_type": "Decision Tree",
                "ml_task": "regression",
                "n_jobs": -1,
                "seed": 1237,
                "criterion": "squared_error",
                "max_depth": 4,
                "explain_level": 0
            },
            "name": "learner_fold_3"
        }
    ],
    "params": {
        "additional": {
            "trees_in_step": 1,
            "train_cant_improve_limit": 0,
            "max_steps": 1,
            "max_rows_limit": null,
            "max_cols_limit": null
        },
        "preprocessing": {
            "columns_preprocessing": {},
            "target_preprocessing": [
                "na_exclude"
            ],
            "ml_task": "regression"
        },
        "validation_strategy": {
            "validation_type": "kfold",
            "k_folds": 4,
            "shuffle": true,
            "random_seed": 123,
            "X_path": "AutoML_3\\X.data",
            "y_path": "AutoML_3\\y.data",
            "results_path": "AutoML_3"
        },
        "learner": {
            "model_type": "Decision Tree",
            "ml_task": "regression",
            "n_jobs": -1,
            "seed": 1237,
            "criterion": "squared_error",
            "max_depth": 4,
            "explain_level": 0
        },
        "automl_random_state": 1234,
        "ml_task": "regression",
        "explain_level": 0,
        "name": "3_DecisionTree",
        "status": "initialized",
        "final_loss": null,
        "train_time": null,
        "data_type": "original",
        "max_time_for_learner": 60
    },
    "saved": [
        "3_DecisionTree\\learner_fold_0.decision_tree",
        "3_DecisionTree\\learner_fold_1.decision_tree",
        "3_DecisionTree\\learner_fold_2.decision_tree",
        "3_DecisionTree\\learner_fold_3.decision_tree"
    ],
    "predictions_fname": "3_DecisionTree\\predictions_out_of_folds.csv",
    "metric_name": "rmse",
    "final_loss": "0.20690199537838497",
    "train_time": 0.5851724147796631,
    "is_stacked": false,
    "joblib_version": "1.4.2"
}