{
    "uid": "f9958140-2020-4833-a4cd-d14b656f5e85",
    "name": "9_Default_RandomForest",
    "preprocessing": [
        {
            "scale_y": {
                "scale": [
                    0.7402033426838927
                ],
                "mean": [
                    1.238392857142857
                ],
                "var": [
                    0.5479009885204081
                ],
                "n_samples_seen": 112,
                "n_features_in": 1,
                "columns": [
                    "target"
                ],
                "scale_method": "scale_normal"
            },
            "ml_task": "regression",
            "params": {
                "columns_preprocessing": {},
                "target_preprocessing": [
                    "na_exclude",
                    "scale_normal"
                ],
                "ml_task": "regression"
            }
        },
        {
            "scale_y": {
                "scale": [
                    0.7605025694652618
                ],
                "mean": [
                    1.1696428571428572
                ],
                "var": [
                    0.5783641581632654
                ],
                "n_samples_seen": 112,
                "n_features_in": 1,
                "columns": [
                    "target"
                ],
                "scale_method": "scale_normal"
            },
            "ml_task": "regression",
            "params": {
                "columns_preprocessing": {},
                "target_preprocessing": [
                    "na_exclude",
                    "scale_normal"
                ],
                "ml_task": "regression"
            }
        },
        {
            "scale_y": {
                "scale": [
                    0.7692011777653727
                ],
                "mean": [
                    1.2442477876106197
                ],
                "var": [
                    0.5916704518756364
                ],
                "n_samples_seen": 113,
                "n_features_in": 1,
                "columns": [
                    "target"
                ],
                "scale_method": "scale_normal"
            },
            "ml_task": "regression",
            "params": {
                "columns_preprocessing": {},
                "target_preprocessing": [
                    "na_exclude",
                    "scale_normal"
                ],
                "ml_task": "regression"
            }
        },
        {
            "scale_y": {
                "scale": [
                    0.7635491361164356
                ],
                "mean": [
                    1.145132743362832
                ],
                "var": [
                    0.5830072832641552
                ],
                "n_samples_seen": 113,
                "n_features_in": 1,
                "columns": [
                    "target"
                ],
                "scale_method": "scale_normal"
            },
            "ml_task": "regression",
            "params": {
                "columns_preprocessing": {},
                "target_preprocessing": [
                    "na_exclude",
                    "scale_normal"
                ],
                "ml_task": "regression"
            }
        }
    ],
    "learners": [
        {
            "library_version": "1.5.1",
            "algorithm_name": "Random Forest",
            "algorithm_short_name": "Random Forest",
            "uid": "e68462fb-1fea-410f-a29e-39958dfa0b88",
            "params": {
                "model_type": "Random Forest",
                "ml_task": "regression",
                "n_jobs": -1,
                "criterion": "squared_error",
                "max_features": 0.9,
                "min_samples_split": 30,
                "max_depth": 4,
                "seed": 9,
                "eval_metric_name": "rmse",
                "explain_level": 0
            },
            "name": "learner_fold_0"
        },
        {
            "library_version": "1.5.1",
            "algorithm_name": "Random Forest",
            "algorithm_short_name": "Random Forest",
            "uid": "a9cd3d4e-e6ae-468f-ad76-75e0349b7b90",
            "params": {
                "model_type": "Random Forest",
                "ml_task": "regression",
                "n_jobs": -1,
                "criterion": "squared_error",
                "max_features": 0.9,
                "min_samples_split": 30,
                "max_depth": 4,
                "seed": 9,
                "eval_metric_name": "rmse",
                "explain_level": 0
            },
            "name": "learner_fold_1"
        },
        {
            "library_version": "1.5.1",
            "algorithm_name": "Random Forest",
            "algorithm_short_name": "Random Forest",
            "uid": "327b207f-4cba-4df2-b177-166d388c4d6e",
            "params": {
                "model_type": "Random Forest",
                "ml_task": "regression",
                "n_jobs": -1,
                "criterion": "squared_error",
                "max_features": 0.9,
                "min_samples_split": 30,
                "max_depth": 4,
                "seed": 9,
                "eval_metric_name": "rmse",
                "explain_level": 0
            },
            "name": "learner_fold_2"
        },
        {
            "library_version": "1.5.1",
            "algorithm_name": "Random Forest",
            "algorithm_short_name": "Random Forest",
            "uid": "4148b4fe-6035-482f-9f3e-24097c7a9e41",
            "params": {
                "model_type": "Random Forest",
                "ml_task": "regression",
                "n_jobs": -1,
                "criterion": "squared_error",
                "max_features": 0.9,
                "min_samples_split": 30,
                "max_depth": 4,
                "seed": 9,
                "eval_metric_name": "rmse",
                "explain_level": 0
            },
            "name": "learner_fold_3"
        }
    ],
    "params": {
        "additional": {
            "trees_in_step": 100,
            "train_cant_improve_limit": 1,
            "min_steps": 1,
            "max_steps": 50,
            "early_stopping_rounds": 50,
            "max_rows_limit": null,
            "max_cols_limit": null
        },
        "preprocessing": {
            "columns_preprocessing": {},
            "target_preprocessing": [
                "na_exclude",
                "scale_normal"
            ],
            "ml_task": "regression"
        },
        "validation_strategy": {
            "validation_type": "kfold",
            "k_folds": 4,
            "shuffle": true,
            "random_seed": 123,
            "X_path": "AutoML_3\\X.data",
            "y_path": "AutoML_3\\y.data",
            "results_path": "AutoML_3"
        },
        "learner": {
            "model_type": "Random Forest",
            "ml_task": "regression",
            "n_jobs": -1,
            "criterion": "squared_error",
            "max_features": 0.9,
            "min_samples_split": 30,
            "max_depth": 4,
            "seed": 9,
            "eval_metric_name": "rmse",
            "explain_level": 0
        },
        "automl_random_state": 1234,
        "ml_task": "regression",
        "explain_level": 0,
        "name": "9_Default_RandomForest",
        "status": "initialized",
        "final_loss": null,
        "train_time": null,
        "data_type": "original",
        "max_time_for_learner": 60
    },
    "saved": [
        "9_Default_RandomForest\\learner_fold_0.random_forest",
        "9_Default_RandomForest\\learner_fold_1.random_forest",
        "9_Default_RandomForest\\learner_fold_2.random_forest",
        "9_Default_RandomForest\\learner_fold_3.random_forest"
    ],
    "predictions_fname": "9_Default_RandomForest\\predictions_out_of_folds.csv",
    "metric_name": "rmse",
    "final_loss": "0.20936339075511673",
    "train_time": 1.9288556575775146,
    "is_stacked": false,
    "joblib_version": "1.4.2"
}