{
    "mode": "Compete",
    "ml_task": "regression",
    "results_path": "AutoML_3",
    "total_time_limit": 60,
    "model_time_limit": null,
    "algorithms": [
        "Decision Tree",
        "Linear",
        "Random Forest",
        "Extra Trees",
        "LightGBM",
        "Xgboost",
        "CatBoost",
        "Neural Network",
        "Nearest Neighbors"
    ],
    "train_ensemble": true,
    "stack_models": true,
    "eval_metric": "rmse",
    "validation_strategy": {
        "validation_type": "kfold",
        "k_folds": 4,
        "shuffle": true,
        "random_seed": 123,
        "X_path": "AutoML_3\\X.data",
        "y_path": "AutoML_3\\y.data",
        "results_path": "AutoML_3"
    },
    "verbose": 1,
    "explain_level": 0,
    "golden_features": true,
    "features_selection": true,
    "start_random_models": 10,
    "hill_climbing_steps": 2,
    "top_models_to_improve": 3,
    "boost_on_errors": true,
    "kmeans_features": true,
    "mix_encoding": true,
    "max_single_prediction_time": null,
    "n_jobs": -1,
    "random_state": 1234,
    "saved": [
        "1_DecisionTree",
        "2_DecisionTree",
        "3_DecisionTree",
        "4_Linear",
        "5_Default_LightGBM",
        "6_Default_Xgboost",
        "7_Default_CatBoost",
        "8_Default_NeuralNetwork",
        "9_Default_RandomForest",
        "19_LightGBM",
        "10_Xgboost",
        "28_CatBoost",
        "37_RandomForest",
        "46_ExtraTrees",
        "55_NeuralNetwork",
        "64_NearestNeighbors",
        "20_LightGBM",
        "4_Linear_GoldenFeatures",
        "65_LightGBM",
        "66_LightGBM",
        "67_CatBoost",
        "68_CatBoost",
        "69_CatBoost",
        "70_CatBoost",
        "4_Linear_BoostOnErrors",
        "Ensemble",
        "67_CatBoost_Stacked",
        "5_Default_LightGBM_Stacked",
        "Ensemble_Stacked"
    ],
    "fit_level": "finished",
    "best_model": "Ensemble_Stacked",
    "load_on_predict": [
        "10_Xgboost",
        "19_LightGBM",
        "1_DecisionTree",
        "20_LightGBM",
        "28_CatBoost",
        "2_DecisionTree",
        "37_RandomForest",
        "3_DecisionTree",
        "46_ExtraTrees",
        "4_Linear",
        "4_Linear_BoostOnErrors",
        "4_Linear_GoldenFeatures",
        "55_NeuralNetwork",
        "5_Default_LightGBM",
        "64_NearestNeighbors",
        "65_LightGBM",
        "66_LightGBM",
        "67_CatBoost",
        "67_CatBoost_Stacked",
        "68_CatBoost",
        "69_CatBoost",
        "6_Default_Xgboost",
        "70_CatBoost",
        "7_Default_CatBoost",
        "8_Default_NeuralNetwork",
        "9_Default_RandomForest",
        "Ensemble",
        "Ensemble_Stacked"
    ],
    "stacked": [
        "Ensemble",
        "4_Linear",
        "4_Linear_BoostOnErrors",
        "67_CatBoost",
        "5_Default_LightGBM",
        "65_LightGBM",
        "66_LightGBM",
        "69_CatBoost",
        "4_Linear_GoldenFeatures",
        "28_CatBoost",
        "7_Default_CatBoost",
        "6_Default_Xgboost",
        "70_CatBoost",
        "10_Xgboost",
        "68_CatBoost",
        "8_Default_NeuralNetwork",
        "2_DecisionTree",
        "3_DecisionTree",
        "20_LightGBM",
        "9_Default_RandomForest",
        "1_DecisionTree",
        "64_NearestNeighbors",
        "55_NeuralNetwork",
        "37_RandomForest",
        "46_ExtraTrees",
        "19_LightGBM"
    ]
}