{
    "uid": "8dafb860-667f-484e-884c-3648b298852f",
    "name": "1_Baseline",
    "preprocessing": [
        {
            "ml_task": "regression",
            "params": {
                "columns_preprocessing": {},
                "target_preprocessing": [
                    "na_exclude"
                ],
                "ml_task": "regression"
            }
        },
        {
            "ml_task": "regression",
            "params": {
                "columns_preprocessing": {},
                "target_preprocessing": [
                    "na_exclude"
                ],
                "ml_task": "regression"
            }
        },
        {
            "ml_task": "regression",
            "params": {
                "columns_preprocessing": {},
                "target_preprocessing": [
                    "na_exclude"
                ],
                "ml_task": "regression"
            }
        },
        {
            "ml_task": "regression",
            "params": {
                "columns_preprocessing": {},
                "target_preprocessing": [
                    "na_exclude"
                ],
                "ml_task": "regression"
            }
        },
        {
            "ml_task": "regression",
            "params": {
                "columns_preprocessing": {},
                "target_preprocessing": [
                    "na_exclude"
                ],
                "ml_task": "regression"
            }
        }
    ],
    "learners": [
        {
            "library_version": "1.5.1",
            "algorithm_name": "Baseline Regressor",
            "algorithm_short_name": "Baseline",
            "uid": "762d3cab-d974-49d0-8aff-e6dbc0a5a4b0",
            "params": {
                "model_type": "Baseline",
                "ml_task": "regression",
                "n_jobs": -1,
                "seed": 1235,
                "explain_level": 1
            },
            "name": "learner_fold_0"
        },
        {
            "library_version": "1.5.1",
            "algorithm_name": "Baseline Regressor",
            "algorithm_short_name": "Baseline",
            "uid": "8378669f-ee48-4710-a819-050e11201a67",
            "params": {
                "model_type": "Baseline",
                "ml_task": "regression",
                "n_jobs": -1,
                "seed": 1235,
                "explain_level": 1
            },
            "name": "learner_fold_1"
        },
        {
            "library_version": "1.5.1",
            "algorithm_name": "Baseline Regressor",
            "algorithm_short_name": "Baseline",
            "uid": "9d7d45f3-a013-4ccb-9ecc-4c2038a07971",
            "params": {
                "model_type": "Baseline",
                "ml_task": "regression",
                "n_jobs": -1,
                "seed": 1235,
                "explain_level": 1
            },
            "name": "learner_fold_2"
        },
        {
            "library_version": "1.5.1",
            "algorithm_name": "Baseline Regressor",
            "algorithm_short_name": "Baseline",
            "uid": "a94e1779-641b-4971-8fb3-1fb65f4039a9",
            "params": {
                "model_type": "Baseline",
                "ml_task": "regression",
                "n_jobs": -1,
                "seed": 1235,
                "explain_level": 1
            },
            "name": "learner_fold_3"
        },
        {
            "library_version": "1.5.1",
            "algorithm_name": "Baseline Regressor",
            "algorithm_short_name": "Baseline",
            "uid": "27821578-e483-4f91-a1b8-32596bffd54b",
            "params": {
                "model_type": "Baseline",
                "ml_task": "regression",
                "n_jobs": -1,
                "seed": 1235,
                "explain_level": 1
            },
            "name": "learner_fold_4"
        }
    ],
    "params": {
        "additional": {
            "max_steps": 1,
            "max_rows_limit": null,
            "max_cols_limit": null
        },
        "preprocessing": {
            "columns_preprocessing": {},
            "target_preprocessing": [
                "na_exclude"
            ],
            "ml_task": "regression"
        },
        "validation_strategy": {
            "validation_type": "kfold",
            "k_folds": 5,
            "shuffle": true,
            "X_path": "AutoML_2\\X.data",
            "y_path": "AutoML_2\\y.data",
            "results_path": "AutoML_2"
        },
        "learner": {
            "model_type": "Baseline",
            "ml_task": "regression",
            "n_jobs": -1,
            "seed": 1235,
            "explain_level": 1
        },
        "automl_random_state": 1234,
        "ml_task": "regression",
        "explain_level": 1,
        "name": "1_Baseline",
        "status": "initialized",
        "final_loss": null,
        "train_time": null,
        "data_type": "original",
        "max_time_for_learner": 60
    },
    "saved": [
        "1_Baseline\\learner_fold_0.baseline",
        "1_Baseline\\learner_fold_1.baseline",
        "1_Baseline\\learner_fold_2.baseline",
        "1_Baseline\\learner_fold_3.baseline",
        "1_Baseline\\learner_fold_4.baseline"
    ],
    "predictions_fname": "1_Baseline\\predictions_out_of_folds.csv",
    "metric_name": "rmse",
    "final_loss": "0.7613713869649219",
    "train_time": 1.0958492755889893,
    "is_stacked": false,
    "joblib_version": "1.4.2",
    "single_prediction_time": 0.028998374938964844
}