{
    "uid": "e6c6d001-efea-4ed7-b760-6eb8eb6576cc",
    "name": "64_NearestNeighbors",
    "preprocessing": [
        {
            "scale": [
                {
                    "scale": [
                        0.7860226667552669,
                        0.4174410321304345,
                        1.7082697640404148
                    ],
                    "mean": [
                        5.864285714285715,
                        3.044642857142857,
                        3.830357142857143
                    ],
                    "var": [
                        0.6178316326530613,
                        0.17425701530612245,
                        2.918185586734694
                    ],
                    "n_samples_seen": 112,
                    "n_features_in": 3,
                    "columns": [
                        "sepal length (cm)",
                        "sepal width (cm)",
                        "petal length (cm)"
                    ],
                    "scale_method": "scale_normal"
                }
            ],
            "ml_task": "regression",
            "params": {
                "columns_preprocessing": {
                    "sepal length (cm)": [
                        "scale_normal"
                    ],
                    "sepal width (cm)": [
                        "scale_normal"
                    ],
                    "petal length (cm)": [
                        "scale_normal"
                    ]
                },
                "target_preprocessing": [
                    "na_exclude"
                ],
                "ml_task": "regression"
            }
        },
        {
            "scale": [
                {
                    "scale": [
                        0.8255467421469167,
                        0.438337391021285,
                        1.7694399029503831
                    ],
                    "mean": [
                        5.833928571428572,
                        3.0732142857142857,
                        3.708035714285714
                    ],
                    "var": [
                        0.6815274234693878,
                        0.19213966836734692,
                        3.1309175701530614
                    ],
                    "n_samples_seen": 112,
                    "n_features_in": 3,
                    "columns": [
                        "sepal length (cm)",
                        "sepal width (cm)",
                        "petal length (cm)"
                    ],
                    "scale_method": "scale_normal"
                }
            ],
            "ml_task": "regression",
            "params": {
                "columns_preprocessing": {
                    "sepal length (cm)": [
                        "scale_normal"
                    ],
                    "sepal width (cm)": [
                        "scale_normal"
                    ],
                    "petal length (cm)": [
                        "scale_normal"
                    ]
                },
                "target_preprocessing": [
                    "na_exclude"
                ],
                "ml_task": "regression"
            }
        },
        {
            "scale": [
                {
                    "scale": [
                        0.8400369935430181,
                        0.4330011719150272,
                        1.7469631751089605
                    ],
                    "mean": [
                        5.845132743362833,
                        3.0380530973451325,
                        3.8495575221238942
                    ],
                    "var": [
                        0.7056621505207926,
                        0.18749001487978695,
                        3.0518803351867807
                    ],
                    "n_samples_seen": 113,
                    "n_features_in": 3,
                    "columns": [
                        "sepal length (cm)",
                        "sepal width (cm)",
                        "petal length (cm)"
                    ],
                    "scale_method": "scale_normal"
                }
            ],
            "ml_task": "regression",
            "params": {
                "columns_preprocessing": {
                    "sepal length (cm)": [
                        "scale_normal"
                    ],
                    "sepal width (cm)": [
                        "scale_normal"
                    ],
                    "petal length (cm)": [
                        "scale_normal"
                    ]
                },
                "target_preprocessing": [
                    "na_exclude"
                ],
                "ml_task": "regression"
            }
        },
        {
            "scale": [
                {
                    "scale": [
                        0.8474725521701618,
                        0.44701917345488773,
                        1.8029934819969327
                    ],
                    "mean": [
                        5.830088495575222,
                        3.0734513274336286,
                        3.6442477876106203
                    ],
                    "var": [
                        0.7182097266818077,
                        0.19982614143629102,
                        3.2507854961234237
                    ],
                    "n_samples_seen": 113,
                    "n_features_in": 3,
                    "columns": [
                        "sepal length (cm)",
                        "sepal width (cm)",
                        "petal length (cm)"
                    ],
                    "scale_method": "scale_normal"
                }
            ],
            "ml_task": "regression",
            "params": {
                "columns_preprocessing": {
                    "sepal length (cm)": [
                        "scale_normal"
                    ],
                    "sepal width (cm)": [
                        "scale_normal"
                    ],
                    "petal length (cm)": [
                        "scale_normal"
                    ]
                },
                "target_preprocessing": [
                    "na_exclude"
                ],
                "ml_task": "regression"
            }
        }
    ],
    "learners": [
        {
            "library_version": "1.5.1",
            "algorithm_name": "k-Nearest Neighbors",
            "algorithm_short_name": "Nearest Neighbors",
            "uid": "a83e0667-0d0d-465a-b213-8f73de214705",
            "params": {
                "model_type": "Nearest Neighbors",
                "ml_task": "regression",
                "n_jobs": -1,
                "seed": 1235,
                "n_neighbors": 5,
                "weights": "uniform",
                "explain_level": 0
            },
            "name": "learner_fold_0"
        },
        {
            "library_version": "1.5.1",
            "algorithm_name": "k-Nearest Neighbors",
            "algorithm_short_name": "Nearest Neighbors",
            "uid": "bbe4e7fb-6428-4576-b326-6fd73c12dd1e",
            "params": {
                "model_type": "Nearest Neighbors",
                "ml_task": "regression",
                "n_jobs": -1,
                "seed": 1235,
                "n_neighbors": 5,
                "weights": "uniform",
                "explain_level": 0
            },
            "name": "learner_fold_1"
        },
        {
            "library_version": "1.5.1",
            "algorithm_name": "k-Nearest Neighbors",
            "algorithm_short_name": "Nearest Neighbors",
            "uid": "7b447fa9-2cbc-4e0a-a908-2c57e5723012",
            "params": {
                "model_type": "Nearest Neighbors",
                "ml_task": "regression",
                "n_jobs": -1,
                "seed": 1235,
                "n_neighbors": 5,
                "weights": "uniform",
                "explain_level": 0
            },
            "name": "learner_fold_2"
        },
        {
            "library_version": "1.5.1",
            "algorithm_name": "k-Nearest Neighbors",
            "algorithm_short_name": "Nearest Neighbors",
            "uid": "bce83ce5-6108-4302-9d5c-b4f15b845b27",
            "params": {
                "model_type": "Nearest Neighbors",
                "ml_task": "regression",
                "n_jobs": -1,
                "seed": 1235,
                "n_neighbors": 5,
                "weights": "uniform",
                "explain_level": 0
            },
            "name": "learner_fold_3"
        }
    ],
    "params": {
        "additional": {
            "max_rows_limit": 100000,
            "max_cols_limit": 100
        },
        "preprocessing": {
            "columns_preprocessing": {
                "sepal length (cm)": [
                    "scale_normal"
                ],
                "sepal width (cm)": [
                    "scale_normal"
                ],
                "petal length (cm)": [
                    "scale_normal"
                ]
            },
            "target_preprocessing": [
                "na_exclude"
            ],
            "ml_task": "regression"
        },
        "validation_strategy": {
            "validation_type": "kfold",
            "k_folds": 4,
            "shuffle": true,
            "random_seed": 123,
            "X_path": "AutoML_3\\X.data",
            "y_path": "AutoML_3\\y.data",
            "results_path": "AutoML_3"
        },
        "learner": {
            "model_type": "Nearest Neighbors",
            "ml_task": "regression",
            "n_jobs": -1,
            "seed": 1235,
            "n_neighbors": 5,
            "weights": "uniform",
            "explain_level": 0
        },
        "automl_random_state": 1234,
        "ml_task": "regression",
        "explain_level": 0,
        "name": "64_NearestNeighbors",
        "status": "initialized",
        "final_loss": null,
        "train_time": null,
        "data_type": "original",
        "max_time_for_learner": 60
    },
    "saved": [
        "64_NearestNeighbors\\learner_fold_0.k_neighbors",
        "64_NearestNeighbors\\learner_fold_1.k_neighbors",
        "64_NearestNeighbors\\learner_fold_2.k_neighbors",
        "64_NearestNeighbors\\learner_fold_3.k_neighbors"
    ],
    "predictions_fname": "64_NearestNeighbors\\predictions_out_of_folds.csv",
    "metric_name": "rmse",
    "final_loss": "0.21916812420301146",
    "train_time": 0.8916399478912354,
    "is_stacked": false,
    "joblib_version": "1.4.2"
}