{
    "uid": "138b69f3-b6d8-471e-afae-f05735bce875",
    "name": "19_LightGBM",
    "preprocessing": [
        {
            "scale_y": {
                "scale": [
                    0.7402033426838927
                ],
                "mean": [
                    1.238392857142857
                ],
                "var": [
                    0.5479009885204081
                ],
                "n_samples_seen": 112,
                "n_features_in": 1,
                "columns": [
                    "target"
                ],
                "scale_method": "scale_normal"
            },
            "ml_task": "regression",
            "params": {
                "columns_preprocessing": {},
                "target_preprocessing": [
                    "na_exclude",
                    "scale_normal"
                ],
                "ml_task": "regression"
            }
        },
        {
            "scale_y": {
                "scale": [
                    0.7605025694652618
                ],
                "mean": [
                    1.1696428571428572
                ],
                "var": [
                    0.5783641581632654
                ],
                "n_samples_seen": 112,
                "n_features_in": 1,
                "columns": [
                    "target"
                ],
                "scale_method": "scale_normal"
            },
            "ml_task": "regression",
            "params": {
                "columns_preprocessing": {},
                "target_preprocessing": [
                    "na_exclude",
                    "scale_normal"
                ],
                "ml_task": "regression"
            }
        },
        {
            "scale_y": {
                "scale": [
                    0.7692011777653727
                ],
                "mean": [
                    1.2442477876106197
                ],
                "var": [
                    0.5916704518756364
                ],
                "n_samples_seen": 113,
                "n_features_in": 1,
                "columns": [
                    "target"
                ],
                "scale_method": "scale_normal"
            },
            "ml_task": "regression",
            "params": {
                "columns_preprocessing": {},
                "target_preprocessing": [
                    "na_exclude",
                    "scale_normal"
                ],
                "ml_task": "regression"
            }
        },
        {
            "scale_y": {
                "scale": [
                    0.7635491361164356
                ],
                "mean": [
                    1.145132743362832
                ],
                "var": [
                    0.5830072832641552
                ],
                "n_samples_seen": 113,
                "n_features_in": 1,
                "columns": [
                    "target"
                ],
                "scale_method": "scale_normal"
            },
            "ml_task": "regression",
            "params": {
                "columns_preprocessing": {},
                "target_preprocessing": [
                    "na_exclude",
                    "scale_normal"
                ],
                "ml_task": "regression"
            }
        }
    ],
    "learners": [
        {
            "library_version": "4.5.0",
            "algorithm_name": "LightGBM",
            "algorithm_short_name": "LightGBM",
            "uid": "8c932495-82ed-4294-9cca-ef2d6b084d8f",
            "params": {
                "model_type": "LightGBM",
                "ml_task": "regression",
                "n_jobs": -1,
                "seed": 1235,
                "objective": "regression",
                "num_leaves": 15,
                "learning_rate": 0.05,
                "feature_fraction": 0.8,
                "bagging_fraction": 0.5,
                "min_data_in_leaf": 50,
                "metric": "rmse",
                "custom_eval_metric_name": null,
                "explain_level": 0
            },
            "name": "learner_fold_0"
        },
        {
            "library_version": "4.5.0",
            "algorithm_name": "LightGBM",
            "algorithm_short_name": "LightGBM",
            "uid": "6a72e31d-2ab6-4e08-8819-c390de424a9a",
            "params": {
                "model_type": "LightGBM",
                "ml_task": "regression",
                "n_jobs": -1,
                "seed": 1235,
                "objective": "regression",
                "num_leaves": 15,
                "learning_rate": 0.05,
                "feature_fraction": 0.8,
                "bagging_fraction": 0.5,
                "min_data_in_leaf": 50,
                "metric": "rmse",
                "custom_eval_metric_name": null,
                "explain_level": 0
            },
            "name": "learner_fold_1"
        },
        {
            "library_version": "4.5.0",
            "algorithm_name": "LightGBM",
            "algorithm_short_name": "LightGBM",
            "uid": "0dee5bd2-d1cf-499f-a0c3-81da005e810b",
            "params": {
                "model_type": "LightGBM",
                "ml_task": "regression",
                "n_jobs": -1,
                "seed": 1235,
                "objective": "regression",
                "num_leaves": 15,
                "learning_rate": 0.05,
                "feature_fraction": 0.8,
                "bagging_fraction": 0.5,
                "min_data_in_leaf": 50,
                "metric": "rmse",
                "custom_eval_metric_name": null,
                "explain_level": 0
            },
            "name": "learner_fold_2"
        },
        {
            "library_version": "4.5.0",
            "algorithm_name": "LightGBM",
            "algorithm_short_name": "LightGBM",
            "uid": "b78d40e9-e296-41d2-8312-87b0f9954293",
            "params": {
                "model_type": "LightGBM",
                "ml_task": "regression",
                "n_jobs": -1,
                "seed": 1235,
                "objective": "regression",
                "num_leaves": 15,
                "learning_rate": 0.05,
                "feature_fraction": 0.8,
                "bagging_fraction": 0.5,
                "min_data_in_leaf": 50,
                "metric": "rmse",
                "custom_eval_metric_name": null,
                "explain_level": 0
            },
            "name": "learner_fold_3"
        }
    ],
    "params": {
        "additional": {
            "max_rounds": 10000,
            "early_stopping_rounds": 50,
            "max_rows_limit": null,
            "max_cols_limit": null
        },
        "preprocessing": {
            "columns_preprocessing": {},
            "target_preprocessing": [
                "na_exclude",
                "scale_normal"
            ],
            "ml_task": "regression"
        },
        "validation_strategy": {
            "validation_type": "kfold",
            "k_folds": 4,
            "shuffle": true,
            "random_seed": 123,
            "X_path": "AutoML_3\\X.data",
            "y_path": "AutoML_3\\y.data",
            "results_path": "AutoML_3"
        },
        "learner": {
            "model_type": "LightGBM",
            "ml_task": "regression",
            "n_jobs": -1,
            "seed": 1235,
            "objective": "regression",
            "num_leaves": 15,
            "learning_rate": 0.05,
            "feature_fraction": 0.8,
            "bagging_fraction": 0.5,
            "min_data_in_leaf": 50,
            "metric": "rmse",
            "custom_eval_metric_name": null,
            "explain_level": 0
        },
        "automl_random_state": 1234,
        "ml_task": "regression",
        "explain_level": 0,
        "name": "19_LightGBM",
        "status": "initialized",
        "final_loss": null,
        "train_time": null,
        "data_type": "original",
        "max_time_for_learner": 60
    },
    "saved": [
        "19_LightGBM\\learner_fold_0.lightgbm",
        "19_LightGBM\\learner_fold_1.lightgbm",
        "19_LightGBM\\learner_fold_2.lightgbm",
        "19_LightGBM\\learner_fold_3.lightgbm"
    ],
    "predictions_fname": "19_LightGBM\\predictions_out_of_folds.csv",
    "metric_name": "rmse",
    "final_loss": "0.35557635614457184",
    "train_time": 2.4746267795562744,
    "is_stacked": false,
    "joblib_version": "1.4.2"
}