{
    "name": "Ensemble",
    "ml_task": "regression",
    "optimize_metric": "rmse",
    "selected_models": [
        {
            "model": "11_Xgboost",
            "repeat": 1.0
        },
        {
            "model": "2_DecisionTree",
            "repeat": 2.0
        },
        {
            "model": "5_Linear",
            "repeat": 4.0
        },
        {
            "model": "6_Xgboost",
            "repeat": 1.0
        }
    ],
    "predictions_fname": "Ensemble\\predictions_ensemble.csv",
    "metric_name": "rmse",
    "final_loss": 0.1801375464895145,
    "train_time": 0.4090564250946045,
    "is_stacked": false
}