{
    "uid": "f63fe772-0e8b-494a-a8be-a4b71fe4190d",
    "name": "18_RandomForest_GoldenFeatures",
    "preprocessing": [
        {
            "golden_features": {
                "new_features": [
                    {
                        "feature1": "petal length (cm)",
                        "feature2": "sepal length (cm)",
                        "operation": "multiply",
                        "score": 0.1367897059
                    },
                    {
                        "feature1": "sepal length (cm)",
                        "feature2": "petal length (cm)",
                        "operation": "ratio",
                        "score": 0.1383686532
                    },
                    {
                        "feature1": "petal length (cm)",
                        "feature2": "sepal length (cm)",
                        "operation": "ratio",
                        "score": 0.1383686532
                    },
                    {
                        "feature1": "petal length (cm)",
                        "feature2": "sepal width (cm)",
                        "operation": "multiply",
                        "score": 0.1473298425
                    },
                    {
                        "feature1": "sepal width (cm)",
                        "feature2": "petal length (cm)",
                        "operation": "diff",
                        "score": 0.1519963541
                    },
                    {
                        "feature1": "petal length (cm)",
                        "feature2": "sepal length (cm)",
                        "operation": "sum",
                        "score": 0.1689408872
                    },
                    {
                        "feature1": "petal length (cm)",
                        "feature2": "sepal width (cm)",
                        "operation": "sum",
                        "score": 0.1754018027
                    },
                    {
                        "feature1": "sepal length (cm)",
                        "feature2": "petal length (cm)",
                        "operation": "diff",
                        "score": 0.2183684512
                    },
                    {
                        "feature1": "sepal width (cm)",
                        "feature2": "petal length (cm)",
                        "operation": "ratio",
                        "score": 0.2743222388
                    },
                    {
                        "feature1": "petal length (cm)",
                        "feature2": "sepal width (cm)",
                        "operation": "ratio",
                        "score": 0.2751896774
                    }
                ],
                "new_columns": [
                    "petal length (cm)_multiply_sepal length (cm)",
                    "sepal length (cm)_ratio_petal length (cm)",
                    "petal length (cm)_ratio_sepal length (cm)",
                    "petal length (cm)_multiply_sepal width (cm)",
                    "sepal width (cm)_diff_petal length (cm)",
                    "petal length (cm)_sum_sepal length (cm)",
                    "petal length (cm)_sum_sepal width (cm)",
                    "sepal length (cm)_diff_petal length (cm)",
                    "sepal width (cm)_ratio_petal length (cm)",
                    "petal length (cm)_ratio_sepal width (cm)"
                ],
                "ml_task": "regression"
            },
            "scale_y": {
                "scale": [
                    0.7657016649978772
                ],
                "mean": [
                    1.2148148148148148
                ],
                "var": [
                    0.5862990397805213
                ],
                "n_samples_seen": 135,
                "n_features_in": 1,
                "columns": [
                    "target"
                ],
                "scale_method": "scale_normal"
            },
            "ml_task": "regression",
            "params": {
                "columns_preprocessing": {},
                "target_preprocessing": [
                    "na_exclude",
                    "scale_normal"
                ],
                "ml_task": "regression",
                "golden_features": {
                    "results_path": "AutoML_4",
                    "ml_task": "regression",
                    "n_jobs": -1
                }
            }
        }
    ],
    "learners": [
        {
            "library_version": "1.5.1",
            "algorithm_name": "Random Forest",
            "algorithm_short_name": "Random Forest",
            "uid": "200d7243-d10a-4003-9ea7-5a98f4991639",
            "params": {
                "model_type": "Random Forest",
                "ml_task": "regression",
                "n_jobs": -1,
                "seed": 1235,
                "criterion": "squared_error",
                "max_features": 0.5,
                "min_samples_split": 20,
                "max_depth": 4,
                "eval_metric_name": "rmse",
                "explain_level": 0
            },
            "name": "learner_fold_0"
        }
    ],
    "params": {
        "additional": {
            "trees_in_step": 100,
            "train_cant_improve_limit": 1,
            "min_steps": 1,
            "max_steps": 50,
            "early_stopping_rounds": 50,
            "max_rows_limit": null,
            "max_cols_limit": null
        },
        "preprocessing": {
            "columns_preprocessing": {},
            "target_preprocessing": [
                "na_exclude",
                "scale_normal"
            ],
            "ml_task": "regression",
            "golden_features": {
                "results_path": "AutoML_4",
                "ml_task": "regression",
                "n_jobs": -1
            }
        },
        "validation_strategy": {
            "validation_type": "split",
            "train_ratio": 0.9,
            "shuffle": true,
            "X_path": "AutoML_4\\X.data",
            "y_path": "AutoML_4\\y.data",
            "results_path": "AutoML_4"
        },
        "learner": {
            "model_type": "Random Forest",
            "ml_task": "regression",
            "n_jobs": -1,
            "seed": 1235,
            "criterion": "squared_error",
            "max_features": 0.5,
            "min_samples_split": 20,
            "max_depth": 4,
            "eval_metric_name": "rmse",
            "explain_level": 0
        },
        "automl_random_state": 1234,
        "ml_task": "regression",
        "explain_level": 0,
        "name": "18_RandomForest_GoldenFeatures",
        "status": "initialized",
        "final_loss": null,
        "train_time": null,
        "data_type": "original_golden_features",
        "max_time_for_learner": 60
    },
    "saved": [
        "18_RandomForest_GoldenFeatures\\learner_fold_0.random_forest"
    ],
    "predictions_fname": "18_RandomForest_GoldenFeatures\\predictions_validation.csv",
    "metric_name": "rmse",
    "final_loss": "0.13567901593879114",
    "train_time": 0.802912712097168,
    "is_stacked": false,
    "joblib_version": "1.4.2"
}