{
    "uid": "a25e5378-8eef-490f-9563-e6a8d895cb3f",
    "name": "46_Xgboost",
    "preprocessing": [
        {
            "scale_y": {
                "scale": [
                    0.7657016649978772
                ],
                "mean": [
                    1.2148148148148148
                ],
                "var": [
                    0.5862990397805213
                ],
                "n_samples_seen": 135,
                "n_features_in": 1,
                "columns": [
                    "target"
                ],
                "scale_method": "scale_normal"
            },
            "ml_task": "regression",
            "params": {
                "columns_preprocessing": {},
                "target_preprocessing": [
                    "na_exclude",
                    "scale_normal"
                ],
                "ml_task": "regression"
            }
        }
    ],
    "learners": [
        {
            "library_version": "2.1.1",
            "algorithm_name": "Extreme Gradient Boosting",
            "algorithm_short_name": "Xgboost",
            "uid": "b45e0a87-fa6c-46cf-b339-1234fbe777ef",
            "params": {
                "model_type": "Xgboost",
                "ml_task": "regression",
                "n_jobs": -1,
                "objective": "reg:squarederror",
                "eta": 0.1,
                "max_depth": 6,
                "min_child_weight": 1,
                "subsample": 1.0,
                "colsample_bytree": 1.0,
                "seed": 6,
                "eval_metric": "rmse",
                "explain_level": 0
            },
            "name": "learner_fold_0"
        }
    ],
    "params": {
        "additional": {
            "max_rounds": 10000,
            "early_stopping_rounds": 50,
            "max_rows_limit": null,
            "max_cols_limit": null
        },
        "preprocessing": {
            "columns_preprocessing": {},
            "target_preprocessing": [
                "na_exclude",
                "scale_normal"
            ],
            "ml_task": "regression"
        },
        "validation_strategy": {
            "validation_type": "split",
            "train_ratio": 0.9,
            "shuffle": true,
            "X_path": "AutoML_4\\X.data",
            "y_path": "AutoML_4\\y.data",
            "results_path": "AutoML_4"
        },
        "learner": {
            "model_type": "Xgboost",
            "ml_task": "regression",
            "n_jobs": -1,
            "objective": "reg:squarederror",
            "eta": 0.1,
            "max_depth": 6,
            "min_child_weight": 1,
            "subsample": 1.0,
            "colsample_bytree": 1.0,
            "seed": 6,
            "eval_metric": "rmse",
            "explain_level": 0
        },
        "automl_random_state": 1234,
        "ml_task": "regression",
        "explain_level": 0,
        "name": "46_Xgboost",
        "status": "initialized",
        "final_loss": null,
        "train_time": null,
        "data_type": "original",
        "max_time_for_learner": 60
    },
    "saved": [
        "46_Xgboost\\learner_fold_0.xgboost.json"
    ],
    "predictions_fname": "46_Xgboost\\predictions_validation.csv",
    "metric_name": "rmse",
    "final_loss": "0.14992566393348639",
    "train_time": 0.561436653137207,
    "is_stacked": false,
    "joblib_version": "1.4.2"
}