{
    "uid": "4db8c3c1-a737-4fcc-8e84-bd2902a16d99",
    "name": "2_DecisionTree",
    "preprocessing": [
        {
            "ml_task": "regression",
            "params": {
                "columns_preprocessing": {},
                "target_preprocessing": [
                    "na_exclude"
                ],
                "ml_task": "regression"
            }
        },
        {
            "ml_task": "regression",
            "params": {
                "columns_preprocessing": {},
                "target_preprocessing": [
                    "na_exclude"
                ],
                "ml_task": "regression"
            }
        },
        {
            "ml_task": "regression",
            "params": {
                "columns_preprocessing": {},
                "target_preprocessing": [
                    "na_exclude"
                ],
                "ml_task": "regression"
            }
        },
        {
            "ml_task": "regression",
            "params": {
                "columns_preprocessing": {},
                "target_preprocessing": [
                    "na_exclude"
                ],
                "ml_task": "regression"
            }
        },
        {
            "ml_task": "regression",
            "params": {
                "columns_preprocessing": {},
                "target_preprocessing": [
                    "na_exclude"
                ],
                "ml_task": "regression"
            }
        }
    ],
    "learners": [
        {
            "library_version": "1.5.1",
            "algorithm_name": "Decision Tree",
            "algorithm_short_name": "Decision Tree",
            "uid": "aa6d82da-f756-49ee-85b4-119fff944ff5",
            "params": {
                "model_type": "Decision Tree",
                "ml_task": "regression",
                "n_jobs": -1,
                "seed": 1235,
                "criterion": "squared_error",
                "max_depth": 3,
                "explain_level": 1
            },
            "name": "learner_fold_0"
        },
        {
            "library_version": "1.5.1",
            "algorithm_name": "Decision Tree",
            "algorithm_short_name": "Decision Tree",
            "uid": "9ce1f2f3-3961-456a-95ef-006c724f461b",
            "params": {
                "model_type": "Decision Tree",
                "ml_task": "regression",
                "n_jobs": -1,
                "seed": 1235,
                "criterion": "squared_error",
                "max_depth": 3,
                "explain_level": 1
            },
            "name": "learner_fold_1"
        },
        {
            "library_version": "1.5.1",
            "algorithm_name": "Decision Tree",
            "algorithm_short_name": "Decision Tree",
            "uid": "83bb1c59-e751-4d11-bf45-402d658e367a",
            "params": {
                "model_type": "Decision Tree",
                "ml_task": "regression",
                "n_jobs": -1,
                "seed": 1235,
                "criterion": "squared_error",
                "max_depth": 3,
                "explain_level": 1
            },
            "name": "learner_fold_2"
        },
        {
            "library_version": "1.5.1",
            "algorithm_name": "Decision Tree",
            "algorithm_short_name": "Decision Tree",
            "uid": "96046d9c-8b3c-4834-b474-880d2d0ca9c1",
            "params": {
                "model_type": "Decision Tree",
                "ml_task": "regression",
                "n_jobs": -1,
                "seed": 1235,
                "criterion": "squared_error",
                "max_depth": 3,
                "explain_level": 1
            },
            "name": "learner_fold_3"
        },
        {
            "library_version": "1.5.1",
            "algorithm_name": "Decision Tree",
            "algorithm_short_name": "Decision Tree",
            "uid": "a0068e8a-af5d-4068-9c68-5671539d2d40",
            "params": {
                "model_type": "Decision Tree",
                "ml_task": "regression",
                "n_jobs": -1,
                "seed": 1235,
                "criterion": "squared_error",
                "max_depth": 3,
                "explain_level": 1
            },
            "name": "learner_fold_4"
        }
    ],
    "params": {
        "additional": {
            "trees_in_step": 1,
            "train_cant_improve_limit": 0,
            "max_steps": 1,
            "max_rows_limit": null,
            "max_cols_limit": null
        },
        "preprocessing": {
            "columns_preprocessing": {},
            "target_preprocessing": [
                "na_exclude"
            ],
            "ml_task": "regression"
        },
        "validation_strategy": {
            "validation_type": "kfold",
            "k_folds": 5,
            "shuffle": true,
            "X_path": "AutoML_2\\X.data",
            "y_path": "AutoML_2\\y.data",
            "results_path": "AutoML_2"
        },
        "learner": {
            "model_type": "Decision Tree",
            "ml_task": "regression",
            "n_jobs": -1,
            "seed": 1235,
            "criterion": "squared_error",
            "max_depth": 3,
            "explain_level": 1
        },
        "automl_random_state": 1234,
        "ml_task": "regression",
        "explain_level": 1,
        "name": "2_DecisionTree",
        "status": "initialized",
        "final_loss": null,
        "train_time": null,
        "data_type": "original",
        "max_time_for_learner": 60
    },
    "saved": [
        "2_DecisionTree\\learner_fold_0.decision_tree",
        "2_DecisionTree\\learner_fold_1.decision_tree",
        "2_DecisionTree\\learner_fold_2.decision_tree",
        "2_DecisionTree\\learner_fold_3.decision_tree",
        "2_DecisionTree\\learner_fold_4.decision_tree"
    ],
    "predictions_fname": "2_DecisionTree\\predictions_out_of_folds.csv",
    "metric_name": "rmse",
    "final_loss": "0.2137924044306887",
    "train_time": 29.492767333984375,
    "is_stacked": false,
    "joblib_version": "1.4.2",
    "single_prediction_time": 0.01799917221069336
}