{
    "uid": "a34e1055-51b0-4c11-b578-18c9df62d5de",
    "name": "5_Default_LightGBM_Stacked",
    "preprocessing": [
        {
            "scale_y": {
                "scale": [
                    0.7402033426838927
                ],
                "mean": [
                    1.238392857142857
                ],
                "var": [
                    0.5479009885204081
                ],
                "n_samples_seen": 112,
                "n_features_in": 1,
                "columns": [
                    "target"
                ],
                "scale_method": "scale_normal"
            },
            "ml_task": "regression",
            "params": {
                "columns_preprocessing": {},
                "target_preprocessing": [
                    "na_exclude",
                    "scale_normal"
                ],
                "ml_task": "regression"
            }
        },
        {
            "scale_y": {
                "scale": [
                    0.7605025694652618
                ],
                "mean": [
                    1.1696428571428572
                ],
                "var": [
                    0.5783641581632654
                ],
                "n_samples_seen": 112,
                "n_features_in": 1,
                "columns": [
                    "target"
                ],
                "scale_method": "scale_normal"
            },
            "ml_task": "regression",
            "params": {
                "columns_preprocessing": {},
                "target_preprocessing": [
                    "na_exclude",
                    "scale_normal"
                ],
                "ml_task": "regression"
            }
        },
        {
            "scale_y": {
                "scale": [
                    0.7692011777653727
                ],
                "mean": [
                    1.2442477876106197
                ],
                "var": [
                    0.5916704518756364
                ],
                "n_samples_seen": 113,
                "n_features_in": 1,
                "columns": [
                    "target"
                ],
                "scale_method": "scale_normal"
            },
            "ml_task": "regression",
            "params": {
                "columns_preprocessing": {},
                "target_preprocessing": [
                    "na_exclude",
                    "scale_normal"
                ],
                "ml_task": "regression"
            }
        },
        {
            "scale_y": {
                "scale": [
                    0.7635491361164356
                ],
                "mean": [
                    1.145132743362832
                ],
                "var": [
                    0.5830072832641552
                ],
                "n_samples_seen": 113,
                "n_features_in": 1,
                "columns": [
                    "target"
                ],
                "scale_method": "scale_normal"
            },
            "ml_task": "regression",
            "params": {
                "columns_preprocessing": {},
                "target_preprocessing": [
                    "na_exclude",
                    "scale_normal"
                ],
                "ml_task": "regression"
            }
        }
    ],
    "learners": [
        {
            "library_version": "4.5.0",
            "algorithm_name": "LightGBM",
            "algorithm_short_name": "LightGBM",
            "uid": "d76e5caf-66f3-4cb2-b035-0c1ac793b1ee",
            "params": {
                "model_type": "LightGBM",
                "ml_task": "regression",
                "n_jobs": -1,
                "objective": "regression",
                "num_leaves": 63,
                "learning_rate": 0.05,
                "feature_fraction": 0.9,
                "bagging_fraction": 0.9,
                "min_data_in_leaf": 10,
                "seed": 5,
                "metric": "rmse",
                "custom_eval_metric_name": null,
                "explain_level": 0
            },
            "name": "learner_fold_0"
        },
        {
            "library_version": "4.5.0",
            "algorithm_name": "LightGBM",
            "algorithm_short_name": "LightGBM",
            "uid": "87e48aec-83f5-4e74-9226-f4c4a5d3454e",
            "params": {
                "model_type": "LightGBM",
                "ml_task": "regression",
                "n_jobs": -1,
                "objective": "regression",
                "num_leaves": 63,
                "learning_rate": 0.05,
                "feature_fraction": 0.9,
                "bagging_fraction": 0.9,
                "min_data_in_leaf": 10,
                "seed": 5,
                "metric": "rmse",
                "custom_eval_metric_name": null,
                "explain_level": 0
            },
            "name": "learner_fold_1"
        },
        {
            "library_version": "4.5.0",
            "algorithm_name": "LightGBM",
            "algorithm_short_name": "LightGBM",
            "uid": "19bd0d40-892d-40a5-ace7-dc6bfe1ecc3b",
            "params": {
                "model_type": "LightGBM",
                "ml_task": "regression",
                "n_jobs": -1,
                "objective": "regression",
                "num_leaves": 63,
                "learning_rate": 0.05,
                "feature_fraction": 0.9,
                "bagging_fraction": 0.9,
                "min_data_in_leaf": 10,
                "seed": 5,
                "metric": "rmse",
                "custom_eval_metric_name": null,
                "explain_level": 0
            },
            "name": "learner_fold_2"
        },
        {
            "library_version": "4.5.0",
            "algorithm_name": "LightGBM",
            "algorithm_short_name": "LightGBM",
            "uid": "00a0fc78-119d-43a7-8ac9-e745977d6425",
            "params": {
                "model_type": "LightGBM",
                "ml_task": "regression",
                "n_jobs": -1,
                "objective": "regression",
                "num_leaves": 63,
                "learning_rate": 0.05,
                "feature_fraction": 0.9,
                "bagging_fraction": 0.9,
                "min_data_in_leaf": 10,
                "seed": 5,
                "metric": "rmse",
                "custom_eval_metric_name": null,
                "explain_level": 0
            },
            "name": "learner_fold_3"
        }
    ],
    "params": {
        "additional": {
            "max_rounds": 10000,
            "early_stopping_rounds": 50,
            "max_rows_limit": null,
            "max_cols_limit": null
        },
        "preprocessing": {
            "columns_preprocessing": {},
            "target_preprocessing": [
                "na_exclude",
                "scale_normal"
            ],
            "ml_task": "regression"
        },
        "validation_strategy": {
            "validation_type": "kfold",
            "k_folds": 4,
            "shuffle": true,
            "random_seed": 123,
            "X_path": "AutoML_3\\X_stacked.data",
            "y_path": "AutoML_3\\y.data",
            "results_path": "AutoML_3"
        },
        "learner": {
            "model_type": "LightGBM",
            "ml_task": "regression",
            "n_jobs": -1,
            "objective": "regression",
            "num_leaves": 63,
            "learning_rate": 0.05,
            "feature_fraction": 0.9,
            "bagging_fraction": 0.9,
            "min_data_in_leaf": 10,
            "seed": 5,
            "metric": "rmse",
            "custom_eval_metric_name": null,
            "explain_level": 0
        },
        "automl_random_state": 1234,
        "ml_task": "regression",
        "explain_level": 0,
        "name": "5_Default_LightGBM_Stacked",
        "status": "initialized",
        "final_loss": null,
        "train_time": null,
        "data_type": "original_stacked",
        "max_time_for_learner": 60,
        "is_stacked": true
    },
    "saved": [
        "5_Default_LightGBM_Stacked\\learner_fold_0.lightgbm",
        "5_Default_LightGBM_Stacked\\learner_fold_1.lightgbm",
        "5_Default_LightGBM_Stacked\\learner_fold_2.lightgbm",
        "5_Default_LightGBM_Stacked\\learner_fold_3.lightgbm"
    ],
    "predictions_fname": "5_Default_LightGBM_Stacked\\predictions_out_of_folds.csv",
    "metric_name": "rmse",
    "final_loss": "0.19473250337151993",
    "train_time": 1.1469447612762451,
    "is_stacked": true,
    "joblib_version": "1.4.2"
}