{
    "uid": "8833f9fb-a1ad-4a26-b2da-1143c5857aae",
    "name": "7_Default_NeuralNetwork",
    "preprocessing": [
        {
            "scale": [
                {
                    "scale": [
                        0.8059225217793031,
                        0.44503047783300675,
                        1.7406486973301496
                    ],
                    "mean": [
                        5.86,
                        3.051851851851852,
                        3.782962962962963
                    ],
                    "var": [
                        0.6495111111111113,
                        0.19805212620027432,
                        3.0298578875171467
                    ],
                    "n_samples_seen": 135,
                    "n_features_in": 3,
                    "columns": [
                        "sepal length (cm)",
                        "sepal width (cm)",
                        "petal length (cm)"
                    ],
                    "scale_method": "scale_normal"
                }
            ],
            "scale_y": {
                "scale": [
                    0.7657016649978772
                ],
                "mean": [
                    1.2148148148148148
                ],
                "var": [
                    0.5862990397805213
                ],
                "n_samples_seen": 135,
                "n_features_in": 1,
                "columns": [
                    "target"
                ],
                "scale_method": "scale_normal"
            },
            "ml_task": "regression",
            "params": {
                "columns_preprocessing": {
                    "sepal length (cm)": [
                        "scale_normal"
                    ],
                    "sepal width (cm)": [
                        "scale_normal"
                    ],
                    "petal length (cm)": [
                        "scale_normal"
                    ]
                },
                "target_preprocessing": [
                    "na_exclude",
                    "scale_normal"
                ],
                "ml_task": "regression"
            }
        }
    ],
    "learners": [
        {
            "library_version": "1.5.1",
            "algorithm_name": "Neural Network",
            "algorithm_short_name": "Neural Network",
            "uid": "40200cb9-c541-4be0-9e00-283f1a098af5",
            "params": {
                "model_type": "Neural Network",
                "ml_task": "regression",
                "n_jobs": -1,
                "dense_1_size": 32,
                "dense_2_size": 16,
                "learning_rate": 0.05,
                "seed": 7,
                "explain_level": 0
            },
            "name": "learner_fold_0"
        }
    ],
    "params": {
        "additional": {
            "max_rows_limit": null,
            "max_cols_limit": null
        },
        "preprocessing": {
            "columns_preprocessing": {
                "sepal length (cm)": [
                    "scale_normal"
                ],
                "sepal width (cm)": [
                    "scale_normal"
                ],
                "petal length (cm)": [
                    "scale_normal"
                ]
            },
            "target_preprocessing": [
                "na_exclude",
                "scale_normal"
            ],
            "ml_task": "regression"
        },
        "validation_strategy": {
            "validation_type": "split",
            "train_ratio": 0.9,
            "shuffle": true,
            "X_path": "AutoML_4\\X.data",
            "y_path": "AutoML_4\\y.data",
            "results_path": "AutoML_4"
        },
        "learner": {
            "model_type": "Neural Network",
            "ml_task": "regression",
            "n_jobs": -1,
            "dense_1_size": 32,
            "dense_2_size": 16,
            "learning_rate": 0.05,
            "seed": 7,
            "explain_level": 0
        },
        "automl_random_state": 1234,
        "ml_task": "regression",
        "explain_level": 0,
        "name": "7_Default_NeuralNetwork",
        "status": "initialized",
        "final_loss": null,
        "train_time": null,
        "data_type": "original",
        "max_time_for_learner": 60
    },
    "saved": [
        "7_Default_NeuralNetwork\\learner_fold_0.neural_network"
    ],
    "predictions_fname": "7_Default_NeuralNetwork\\predictions_validation.csv",
    "metric_name": "rmse",
    "final_loss": "0.14942794118733682",
    "train_time": 0.40111541748046875,
    "is_stacked": false,
    "joblib_version": "1.4.2"
}