{
    "uid": "bdcb6849-ec52-4eda-832d-c86fa957f186",
    "name": "46_ExtraTrees",
    "preprocessing": [
        {
            "scale_y": {
                "scale": [
                    0.7402033426838927
                ],
                "mean": [
                    1.238392857142857
                ],
                "var": [
                    0.5479009885204081
                ],
                "n_samples_seen": 112,
                "n_features_in": 1,
                "columns": [
                    "target"
                ],
                "scale_method": "scale_normal"
            },
            "ml_task": "regression",
            "params": {
                "columns_preprocessing": {},
                "target_preprocessing": [
                    "na_exclude",
                    "scale_normal"
                ],
                "ml_task": "regression"
            }
        },
        {
            "scale_y": {
                "scale": [
                    0.7605025694652618
                ],
                "mean": [
                    1.1696428571428572
                ],
                "var": [
                    0.5783641581632654
                ],
                "n_samples_seen": 112,
                "n_features_in": 1,
                "columns": [
                    "target"
                ],
                "scale_method": "scale_normal"
            },
            "ml_task": "regression",
            "params": {
                "columns_preprocessing": {},
                "target_preprocessing": [
                    "na_exclude",
                    "scale_normal"
                ],
                "ml_task": "regression"
            }
        },
        {
            "scale_y": {
                "scale": [
                    0.7692011777653727
                ],
                "mean": [
                    1.2442477876106197
                ],
                "var": [
                    0.5916704518756364
                ],
                "n_samples_seen": 113,
                "n_features_in": 1,
                "columns": [
                    "target"
                ],
                "scale_method": "scale_normal"
            },
            "ml_task": "regression",
            "params": {
                "columns_preprocessing": {},
                "target_preprocessing": [
                    "na_exclude",
                    "scale_normal"
                ],
                "ml_task": "regression"
            }
        },
        {
            "scale_y": {
                "scale": [
                    0.7635491361164356
                ],
                "mean": [
                    1.145132743362832
                ],
                "var": [
                    0.5830072832641552
                ],
                "n_samples_seen": 113,
                "n_features_in": 1,
                "columns": [
                    "target"
                ],
                "scale_method": "scale_normal"
            },
            "ml_task": "regression",
            "params": {
                "columns_preprocessing": {},
                "target_preprocessing": [
                    "na_exclude",
                    "scale_normal"
                ],
                "ml_task": "regression"
            }
        }
    ],
    "learners": [
        {
            "library_version": "1.5.1",
            "algorithm_name": "Extra Trees Regressor",
            "algorithm_short_name": "Extra Trees",
            "uid": "08da860e-1a6b-41f5-8f09-662323ae672a",
            "params": {
                "model_type": "Extra Trees",
                "ml_task": "regression",
                "n_jobs": -1,
                "seed": 1235,
                "criterion": "squared_error",
                "max_features": 0.5,
                "min_samples_split": 20,
                "max_depth": 4,
                "eval_metric_name": "rmse",
                "explain_level": 0
            },
            "name": "learner_fold_0"
        },
        {
            "library_version": "1.5.1",
            "algorithm_name": "Extra Trees Regressor",
            "algorithm_short_name": "Extra Trees",
            "uid": "f7e44104-7e45-4ce6-a4fb-50009d83937a",
            "params": {
                "model_type": "Extra Trees",
                "ml_task": "regression",
                "n_jobs": -1,
                "seed": 1235,
                "criterion": "squared_error",
                "max_features": 0.5,
                "min_samples_split": 20,
                "max_depth": 4,
                "eval_metric_name": "rmse",
                "explain_level": 0
            },
            "name": "learner_fold_1"
        },
        {
            "library_version": "1.5.1",
            "algorithm_name": "Extra Trees Regressor",
            "algorithm_short_name": "Extra Trees",
            "uid": "d94fe967-4426-490e-88ca-a0f1c83e6aed",
            "params": {
                "model_type": "Extra Trees",
                "ml_task": "regression",
                "n_jobs": -1,
                "seed": 1235,
                "criterion": "squared_error",
                "max_features": 0.5,
                "min_samples_split": 20,
                "max_depth": 4,
                "eval_metric_name": "rmse",
                "explain_level": 0
            },
            "name": "learner_fold_2"
        },
        {
            "library_version": "1.5.1",
            "algorithm_name": "Extra Trees Regressor",
            "algorithm_short_name": "Extra Trees",
            "uid": "4b54c0aa-a52f-4b78-81cf-8a9a26e978d4",
            "params": {
                "model_type": "Extra Trees",
                "ml_task": "regression",
                "n_jobs": -1,
                "seed": 1235,
                "criterion": "squared_error",
                "max_features": 0.5,
                "min_samples_split": 20,
                "max_depth": 4,
                "eval_metric_name": "rmse",
                "explain_level": 0
            },
            "name": "learner_fold_3"
        }
    ],
    "params": {
        "additional": {
            "trees_in_step": 100,
            "max_steps": 50,
            "early_stopping_rounds": 50,
            "max_rows_limit": null,
            "max_cols_limit": null
        },
        "preprocessing": {
            "columns_preprocessing": {},
            "target_preprocessing": [
                "na_exclude",
                "scale_normal"
            ],
            "ml_task": "regression"
        },
        "validation_strategy": {
            "validation_type": "kfold",
            "k_folds": 4,
            "shuffle": true,
            "random_seed": 123,
            "X_path": "AutoML_3\\X.data",
            "y_path": "AutoML_3\\y.data",
            "results_path": "AutoML_3"
        },
        "learner": {
            "model_type": "Extra Trees",
            "ml_task": "regression",
            "n_jobs": -1,
            "seed": 1235,
            "criterion": "squared_error",
            "max_features": 0.5,
            "min_samples_split": 20,
            "max_depth": 4,
            "eval_metric_name": "rmse",
            "explain_level": 0
        },
        "automl_random_state": 1234,
        "ml_task": "regression",
        "explain_level": 0,
        "name": "46_ExtraTrees",
        "status": "initialized",
        "final_loss": null,
        "train_time": null,
        "data_type": "original",
        "max_time_for_learner": 60
    },
    "saved": [
        "46_ExtraTrees\\learner_fold_0.extra_trees",
        "46_ExtraTrees\\learner_fold_1.extra_trees",
        "46_ExtraTrees\\learner_fold_2.extra_trees",
        "46_ExtraTrees\\learner_fold_3.extra_trees"
    ],
    "predictions_fname": "46_ExtraTrees\\predictions_out_of_folds.csv",
    "metric_name": "rmse",
    "final_loss": "0.2840801907311707",
    "train_time": 2.2863516807556152,
    "is_stacked": false,
    "joblib_version": "1.4.2"
}