{
    "uid": "8be8e25b-b2b4-4abf-8fff-57c573b929a1",
    "name": "1_Baseline",
    "preprocessing": [
        {
            "ml_task": "regression",
            "params": {
                "columns_preprocessing": {},
                "target_preprocessing": [
                    "na_exclude"
                ],
                "ml_task": "regression"
            }
        }
    ],
    "learners": [
        {
            "library_version": "1.5.1",
            "algorithm_name": "Baseline Regressor",
            "algorithm_short_name": "Baseline",
            "uid": "e9f7235b-2b91-4362-9a70-f288474ad08f",
            "params": {
                "model_type": "Baseline",
                "ml_task": "regression",
                "n_jobs": -1,
                "seed": 1235,
                "explain_level": 2
            },
            "name": "learner_fold_0"
        }
    ],
    "params": {
        "additional": {
            "max_steps": 1,
            "max_rows_limit": null,
            "max_cols_limit": null
        },
        "preprocessing": {
            "columns_preprocessing": {},
            "target_preprocessing": [
                "na_exclude"
            ],
            "ml_task": "regression"
        },
        "validation_strategy": {
            "validation_type": "split",
            "train_ratio": 0.75,
            "shuffle": true,
            "X_path": "AutoML_3\\X.data",
            "y_path": "AutoML_3\\y.data",
            "results_path": "AutoML_3"
        },
        "learner": {
            "model_type": "Baseline",
            "ml_task": "regression",
            "n_jobs": -1,
            "seed": 1235,
            "explain_level": 2
        },
        "automl_random_state": 1234,
        "ml_task": "regression",
        "explain_level": 2,
        "name": "1_Baseline",
        "status": "initialized",
        "final_loss": null,
        "train_time": null,
        "data_type": "original",
        "max_time_for_learner": 60
    },
    "saved": [
        "1_Baseline\\learner_fold_0.baseline"
    ],
    "predictions_fname": "1_Baseline\\predictions_validation.csv",
    "metric_name": "rmse",
    "final_loss": "0.7286360115762436",
    "train_time": 0.3216848373413086,
    "is_stacked": false,
    "joblib_version": "1.4.2"
}