{
    "mode": "Perform",
    "ml_task": "regression",
    "results_path": "AutoML_2",
    "total_time_limit": 120,
    "model_time_limit": null,
    "algorithms": [
        "Baseline",
        "Linear",
        "Decision Tree",
        "Random Forest",
        "Xgboost",
        "Neural Network"
    ],
    "train_ensemble": true,
    "stack_models": false,
    "eval_metric": "rmse",
    "validation_strategy": {
        "validation_type": "kfold",
        "k_folds": 5,
        "shuffle": true,
        "X_path": "AutoML_2\\X.data",
        "y_path": "AutoML_2\\y.data",
        "results_path": "AutoML_2"
    },
    "verbose": 1,
    "explain_level": 1,
    "golden_features": true,
    "features_selection": true,
    "start_random_models": 5,
    "hill_climbing_steps": 2,
    "top_models_to_improve": 2,
    "boost_on_errors": false,
    "kmeans_features": false,
    "mix_encoding": false,
    "max_single_prediction_time": 0.5,
    "n_jobs": -1,
    "random_state": 1234,
    "saved": [
        "1_Baseline",
        "2_DecisionTree",
        "3_DecisionTree",
        "4_DecisionTree",
        "5_Linear",
        "6_Xgboost",
        "10_RandomForest",
        "11_Xgboost",
        "12_Xgboost",
        "13_DecisionTree",
        "14_DecisionTree",
        "15_RandomForest",
        "Ensemble"
    ],
    "fit_level": "finished",
    "best_model": "Ensemble",
    "load_on_predict": [
        "11_Xgboost",
        "2_DecisionTree",
        "5_Linear",
        "6_Xgboost",
        "Ensemble"
    ]
}