{
    "fit_level": "finished",
    "time_controller": {
        "total_time_limit": 120,
        "model_time_limit": null,
        "steps": [
            "simple_algorithms",
            "default_algorithms",
            "not_so_random",
            "golden_features",
            "insert_random_feature",
            "features_selection",
            "hill_climbing_1",
            "hill_climbing_2",
            "ensemble"
        ],
        "algorithms": [
            "Baseline",
            "Linear",
            "Decision Tree",
            "Random Forest",
            "Xgboost",
            "Neural Network"
        ],
        "spend": [
            {
                "model_name": "prepare_data",
                "model_type": "prepare_data",
                "fit_level": "prepare_data",
                "train_time": 0.028000593185424805
            },
            {
                "model_name": "1_Baseline",
                "model_type": "Baseline",
                "fit_level": "simple_algorithms",
                "train_time": 1.0958492755889893
            },
            {
                "model_name": "2_DecisionTree",
                "model_type": "Decision Tree",
                "fit_level": "simple_algorithms",
                "train_time": 29.492767333984375
            },
            {
                "model_name": "3_DecisionTree",
                "model_type": "Decision Tree",
                "fit_level": "simple_algorithms",
                "train_time": 13.080167770385742
            },
            {
                "model_name": "4_DecisionTree",
                "model_type": "Decision Tree",
                "fit_level": "simple_algorithms",
                "train_time": 20.541852712631226
            },
            {
                "model_name": "5_Linear",
                "model_type": "Linear",
                "fit_level": "simple_algorithms",
                "train_time": 1.420844316482544
            },
            {
                "model_name": "6_Xgboost",
                "model_type": "Xgboost",
                "fit_level": "not_so_random",
                "train_time": 4.423454761505127
            },
            {
                "model_name": "10_RandomForest",
                "model_type": "Random Forest",
                "fit_level": "not_so_random",
                "train_time": 5.466196060180664
            },
            {
                "model_name": "11_Xgboost",
                "model_type": "Xgboost",
                "fit_level": "hill_climbing_1",
                "train_time": 1.8427677154541016
            },
            {
                "model_name": "12_Xgboost",
                "model_type": "Xgboost",
                "fit_level": "hill_climbing_1",
                "train_time": 1.6326987743377686
            },
            {
                "model_name": "13_DecisionTree",
                "model_type": "Decision Tree",
                "fit_level": "hill_climbing_1",
                "train_time": 7.066347122192383
            },
            {
                "model_name": "14_DecisionTree",
                "model_type": "Decision Tree",
                "fit_level": "hill_climbing_1",
                "train_time": 11.122566938400269
            },
            {
                "model_name": "15_RandomForest",
                "model_type": "Random Forest",
                "fit_level": "hill_climbing_2",
                "train_time": 4.598670482635498
            },
            {
                "model_name": "Ensemble",
                "model_type": "Ensemble",
                "fit_level": "ensemble",
                "train_time": 0.4090564250946045
            }
        ],
        "is_hill_climbing": true,
        "is_stacking": false
    },
    "all_params": {
        "simple_algorithms": [
            {
                "additional": {
                    "max_steps": 1,
                    "max_rows_limit": null,
                    "max_cols_limit": null
                },
                "preprocessing": {
                    "columns_preprocessing": {},
                    "target_preprocessing": [
                        "na_exclude"
                    ],
                    "ml_task": "regression"
                },
                "validation_strategy": {
                    "validation_type": "kfold",
                    "k_folds": 5,
                    "shuffle": true,
                    "X_path": "AutoML_2\\X.data",
                    "y_path": "AutoML_2\\y.data",
                    "results_path": "AutoML_2"
                },
                "learner": {
                    "model_type": "Baseline",
                    "ml_task": "regression",
                    "n_jobs": -1,
                    "seed": 1235,
                    "explain_level": 1
                },
                "automl_random_state": 1234,
                "ml_task": "regression",
                "explain_level": 1,
                "name": "1_Baseline",
                "status": "trained",
                "final_loss": 0.7613713869649219,
                "train_time": 1.7994284629821777,
                "data_type": "original",
                "max_time_for_learner": 60
            },
            {
                "additional": {
                    "trees_in_step": 1,
                    "train_cant_improve_limit": 0,
                    "max_steps": 1,
                    "max_rows_limit": null,
                    "max_cols_limit": null
                },
                "preprocessing": {
                    "columns_preprocessing": {},
                    "target_preprocessing": [
                        "na_exclude"
                    ],
                    "ml_task": "regression"
                },
                "validation_strategy": {
                    "validation_type": "kfold",
                    "k_folds": 5,
                    "shuffle": true,
                    "X_path": "AutoML_2\\X.data",
                    "y_path": "AutoML_2\\y.data",
                    "results_path": "AutoML_2"
                },
                "learner": {
                    "model_type": "Decision Tree",
                    "ml_task": "regression",
                    "n_jobs": -1,
                    "seed": 1235,
                    "criterion": "squared_error",
                    "max_depth": 3,
                    "explain_level": 1
                },
                "automl_random_state": 1234,
                "ml_task": "regression",
                "explain_level": 1,
                "name": "2_DecisionTree",
                "status": "trained",
                "final_loss": 0.2137924044306887,
                "train_time": 30.154988050460815,
                "data_type": "original",
                "max_time_for_learner": 60
            },
            {
                "additional": {
                    "trees_in_step": 1,
                    "train_cant_improve_limit": 0,
                    "max_steps": 1,
                    "max_rows_limit": null,
                    "max_cols_limit": null
                },
                "preprocessing": {
                    "columns_preprocessing": {},
                    "target_preprocessing": [
                        "na_exclude"
                    ],
                    "ml_task": "regression"
                },
                "validation_strategy": {
                    "validation_type": "kfold",
                    "k_folds": 5,
                    "shuffle": true,
                    "X_path": "AutoML_2\\X.data",
                    "y_path": "AutoML_2\\y.data",
                    "results_path": "AutoML_2"
                },
                "learner": {
                    "model_type": "Decision Tree",
                    "ml_task": "regression",
                    "n_jobs": -1,
                    "seed": 1236,
                    "criterion": "squared_error",
                    "max_depth": 4,
                    "explain_level": 1
                },
                "automl_random_state": 1234,
                "ml_task": "regression",
                "explain_level": 1,
                "name": "3_DecisionTree",
                "status": "trained",
                "final_loss": 0.21730310158059052,
                "train_time": 14.046024799346924,
                "data_type": "original",
                "max_time_for_learner": 60
            },
            {
                "additional": {
                    "trees_in_step": 1,
                    "train_cant_improve_limit": 0,
                    "max_steps": 1,
                    "max_rows_limit": null,
                    "max_cols_limit": null
                },
                "preprocessing": {
                    "columns_preprocessing": {},
                    "target_preprocessing": [
                        "na_exclude"
                    ],
                    "ml_task": "regression"
                },
                "validation_strategy": {
                    "validation_type": "kfold",
                    "k_folds": 5,
                    "shuffle": true,
                    "X_path": "AutoML_2\\X.data",
                    "y_path": "AutoML_2\\y.data",
                    "results_path": "AutoML_2"
                },
                "learner": {
                    "model_type": "Decision Tree",
                    "ml_task": "regression",
                    "n_jobs": -1,
                    "seed": 1237,
                    "criterion": "squared_error",
                    "max_depth": 4,
                    "explain_level": 1
                },
                "automl_random_state": 1234,
                "ml_task": "regression",
                "explain_level": 1,
                "name": "4_DecisionTree",
                "status": "trained",
                "final_loss": 0.21745576176987078,
                "train_time": 21.242313623428345,
                "data_type": "original",
                "max_time_for_learner": 60
            },
            {
                "additional": {
                    "max_steps": 1,
                    "max_rows_limit": null,
                    "max_cols_limit": null
                },
                "preprocessing": {
                    "columns_preprocessing": {
                        "sepal length (cm)": [
                            "scale_normal"
                        ],
                        "sepal width (cm)": [
                            "scale_normal"
                        ],
                        "petal length (cm)": [
                            "scale_normal"
                        ]
                    },
                    "target_preprocessing": [
                        "na_exclude",
                        "scale_normal"
                    ],
                    "ml_task": "regression"
                },
                "validation_strategy": {
                    "validation_type": "kfold",
                    "k_folds": 5,
                    "shuffle": true,
                    "X_path": "AutoML_2\\X.data",
                    "y_path": "AutoML_2\\y.data",
                    "results_path": "AutoML_2"
                },
                "learner": {
                    "model_type": "Linear",
                    "ml_task": "regression",
                    "n_jobs": -1,
                    "seed": 1235,
                    "explain_level": 1
                },
                "automl_random_state": 1234,
                "ml_task": "regression",
                "explain_level": 1,
                "name": "5_Linear",
                "status": "trained",
                "final_loss": 0.19274303507149518,
                "train_time": 2.1009795665740967,
                "data_type": "original",
                "max_time_for_learner": 60
            }
        ],
        "not_so_random": [
            {
                "additional": {
                    "max_rounds": 10000,
                    "early_stopping_rounds": 50,
                    "max_rows_limit": null,
                    "max_cols_limit": null
                },
                "preprocessing": {
                    "columns_preprocessing": {},
                    "target_preprocessing": [
                        "na_exclude",
                        "scale_normal"
                    ],
                    "ml_task": "regression"
                },
                "validation_strategy": {
                    "validation_type": "kfold",
                    "k_folds": 5,
                    "shuffle": true,
                    "X_path": "AutoML_2\\X.data",
                    "y_path": "AutoML_2\\y.data",
                    "results_path": "AutoML_2"
                },
                "learner": {
                    "model_type": "Xgboost",
                    "ml_task": "regression",
                    "n_jobs": -1,
                    "seed": 1235,
                    "objective": "reg:squarederror",
                    "eta": 0.075,
                    "max_depth": 8,
                    "min_child_weight": 5,
                    "subsample": 1.0,
                    "colsample_bytree": 1.0,
                    "eval_metric": "rmse",
                    "explain_level": 1
                },
                "automl_random_state": 1234,
                "ml_task": "regression",
                "explain_level": 1,
                "name": "6_Xgboost",
                "status": "trained",
                "final_loss": 0.19914499861520943,
                "train_time": 5.300597667694092,
                "data_type": "original",
                "max_time_for_learner": 60
            },
            {
                "additional": {
                    "trees_in_step": 100,
                    "train_cant_improve_limit": 1,
                    "min_steps": 1,
                    "max_steps": 50,
                    "early_stopping_rounds": 50,
                    "max_rows_limit": null,
                    "max_cols_limit": null
                },
                "preprocessing": {
                    "columns_preprocessing": {},
                    "target_preprocessing": [
                        "na_exclude",
                        "scale_normal"
                    ],
                    "ml_task": "regression"
                },
                "validation_strategy": {
                    "validation_type": "kfold",
                    "k_folds": 5,
                    "shuffle": true,
                    "X_path": "AutoML_2\\X.data",
                    "y_path": "AutoML_2\\y.data",
                    "results_path": "AutoML_2"
                },
                "learner": {
                    "model_type": "Random Forest",
                    "ml_task": "regression",
                    "n_jobs": -1,
                    "seed": 1235,
                    "criterion": "squared_error",
                    "max_features": 0.5,
                    "min_samples_split": 20,
                    "max_depth": 4,
                    "eval_metric_name": "rmse",
                    "explain_level": 1
                },
                "automl_random_state": 1234,
                "ml_task": "regression",
                "explain_level": 1,
                "name": "10_RandomForest",
                "status": "trained",
                "final_loss": 0.24262257704901577,
                "train_time": 6.202643156051636,
                "data_type": "original",
                "max_time_for_learner": 60
            },
            {
                "additional": {
                    "max_rows_limit": null,
                    "max_cols_limit": null
                },
                "preprocessing": {
                    "columns_preprocessing": {
                        "sepal length (cm)": [
                            "scale_normal"
                        ],
                        "sepal width (cm)": [
                            "scale_normal"
                        ],
                        "petal length (cm)": [
                            "scale_normal"
                        ]
                    },
                    "target_preprocessing": [
                        "na_exclude",
                        "scale_normal"
                    ],
                    "ml_task": "regression"
                },
                "validation_strategy": {
                    "validation_type": "kfold",
                    "k_folds": 5,
                    "shuffle": true,
                    "X_path": "AutoML_2\\X.data",
                    "y_path": "AutoML_2\\y.data",
                    "results_path": "AutoML_2"
                },
                "learner": {
                    "model_type": "Neural Network",
                    "ml_task": "regression",
                    "n_jobs": -1,
                    "seed": 1235,
                    "dense_1_size": 32,
                    "dense_2_size": 4,
                    "learning_rate": 0.05
                },
                "automl_random_state": 1234,
                "ml_task": "regression",
                "explain_level": 1,
                "name": "14_NeuralNetwork",
                "status": "skipped",
                "final_loss": 0.24262257704901577,
                "train_time": 6.202643156051636,
                "data_type": "original"
            },
            {
                "additional": {
                    "max_rounds": 10000,
                    "early_stopping_rounds": 50,
                    "max_rows_limit": null,
                    "max_cols_limit": null
                },
                "preprocessing": {
                    "columns_preprocessing": {},
                    "target_preprocessing": [
                        "na_exclude",
                        "scale_normal"
                    ],
                    "ml_task": "regression"
                },
                "validation_strategy": {
                    "validation_type": "kfold",
                    "k_folds": 5,
                    "shuffle": true,
                    "X_path": "AutoML_2\\X.data",
                    "y_path": "AutoML_2\\y.data",
                    "results_path": "AutoML_2"
                },
                "learner": {
                    "model_type": "Xgboost",
                    "ml_task": "regression",
                    "n_jobs": -1,
                    "seed": 1236,
                    "objective": "reg:squarederror",
                    "eta": 0.1,
                    "max_depth": 8,
                    "min_child_weight": 1,
                    "subsample": 1.0,
                    "colsample_bytree": 1.0,
                    "eval_metric": "rmse"
                },
                "automl_random_state": 1234,
                "ml_task": "regression",
                "explain_level": 1,
                "name": "7_Xgboost",
                "status": "skipped",
                "final_loss": 0.24262257704901577,
                "train_time": 6.202643156051636,
                "data_type": "original"
            },
            {
                "additional": {
                    "trees_in_step": 100,
                    "train_cant_improve_limit": 1,
                    "min_steps": 1,
                    "max_steps": 50,
                    "early_stopping_rounds": 50,
                    "max_rows_limit": null,
                    "max_cols_limit": null
                },
                "preprocessing": {
                    "columns_preprocessing": {},
                    "target_preprocessing": [
                        "na_exclude",
                        "scale_normal"
                    ],
                    "ml_task": "regression"
                },
                "validation_strategy": {
                    "validation_type": "kfold",
                    "k_folds": 5,
                    "shuffle": true,
                    "X_path": "AutoML_2\\X.data",
                    "y_path": "AutoML_2\\y.data",
                    "results_path": "AutoML_2"
                },
                "learner": {
                    "model_type": "Random Forest",
                    "ml_task": "regression",
                    "n_jobs": -1,
                    "seed": 1236,
                    "criterion": "squared_error",
                    "max_features": 0.7,
                    "min_samples_split": 50,
                    "max_depth": 3,
                    "eval_metric_name": "rmse"
                },
                "automl_random_state": 1234,
                "ml_task": "regression",
                "explain_level": 1,
                "name": "11_RandomForest",
                "status": "skipped",
                "final_loss": 0.24262257704901577,
                "train_time": 6.202643156051636,
                "data_type": "original"
            },
            {
                "additional": {
                    "max_rows_limit": null,
                    "max_cols_limit": null
                },
                "preprocessing": {
                    "columns_preprocessing": {
                        "sepal length (cm)": [
                            "scale_normal"
                        ],
                        "sepal width (cm)": [
                            "scale_normal"
                        ],
                        "petal length (cm)": [
                            "scale_normal"
                        ]
                    },
                    "target_preprocessing": [
                        "na_exclude",
                        "scale_normal"
                    ],
                    "ml_task": "regression"
                },
                "validation_strategy": {
                    "validation_type": "kfold",
                    "k_folds": 5,
                    "shuffle": true,
                    "X_path": "AutoML_2\\X.data",
                    "y_path": "AutoML_2\\y.data",
                    "results_path": "AutoML_2"
                },
                "learner": {
                    "model_type": "Neural Network",
                    "ml_task": "regression",
                    "n_jobs": -1,
                    "seed": 1236,
                    "dense_1_size": 64,
                    "dense_2_size": 16,
                    "learning_rate": 0.01
                },
                "automl_random_state": 1234,
                "ml_task": "regression",
                "explain_level": 1,
                "name": "15_NeuralNetwork",
                "status": "skipped",
                "final_loss": 0.24262257704901577,
                "train_time": 6.202643156051636,
                "data_type": "original"
            },
            {
                "additional": {
                    "max_rounds": 10000,
                    "early_stopping_rounds": 50,
                    "max_rows_limit": null,
                    "max_cols_limit": null
                },
                "preprocessing": {
                    "columns_preprocessing": {},
                    "target_preprocessing": [
                        "na_exclude",
                        "scale_normal"
                    ],
                    "ml_task": "regression"
                },
                "validation_strategy": {
                    "validation_type": "kfold",
                    "k_folds": 5,
                    "shuffle": true,
                    "X_path": "AutoML_2\\X.data",
                    "y_path": "AutoML_2\\y.data",
                    "results_path": "AutoML_2"
                },
                "learner": {
                    "model_type": "Xgboost",
                    "ml_task": "regression",
                    "n_jobs": -1,
                    "seed": 1237,
                    "objective": "reg:squarederror",
                    "eta": 0.1,
                    "max_depth": 7,
                    "min_child_weight": 25,
                    "subsample": 0.9,
                    "colsample_bytree": 0.6,
                    "eval_metric": "rmse"
                },
                "automl_random_state": 1234,
                "ml_task": "regression",
                "explain_level": 1,
                "name": "8_Xgboost",
                "status": "skipped",
                "final_loss": 0.24262257704901577,
                "train_time": 6.202643156051636,
                "data_type": "original"
            },
            {
                "additional": {
                    "trees_in_step": 100,
                    "train_cant_improve_limit": 1,
                    "min_steps": 1,
                    "max_steps": 50,
                    "early_stopping_rounds": 50,
                    "max_rows_limit": null,
                    "max_cols_limit": null
                },
                "preprocessing": {
                    "columns_preprocessing": {},
                    "target_preprocessing": [
                        "na_exclude",
                        "scale_normal"
                    ],
                    "ml_task": "regression"
                },
                "validation_strategy": {
                    "validation_type": "kfold",
                    "k_folds": 5,
                    "shuffle": true,
                    "X_path": "AutoML_2\\X.data",
                    "y_path": "AutoML_2\\y.data",
                    "results_path": "AutoML_2"
                },
                "learner": {
                    "model_type": "Random Forest",
                    "ml_task": "regression",
                    "n_jobs": -1,
                    "seed": 1237,
                    "criterion": "squared_error",
                    "max_features": 1.0,
                    "min_samples_split": 40,
                    "max_depth": 6,
                    "eval_metric_name": "rmse"
                },
                "automl_random_state": 1234,
                "ml_task": "regression",
                "explain_level": 1,
                "name": "12_RandomForest",
                "status": "skipped",
                "final_loss": 0.24262257704901577,
                "train_time": 6.202643156051636,
                "data_type": "original"
            },
            {
                "additional": {
                    "max_rows_limit": null,
                    "max_cols_limit": null
                },
                "preprocessing": {
                    "columns_preprocessing": {
                        "sepal length (cm)": [
                            "scale_normal"
                        ],
                        "sepal width (cm)": [
                            "scale_normal"
                        ],
                        "petal length (cm)": [
                            "scale_normal"
                        ]
                    },
                    "target_preprocessing": [
                        "na_exclude",
                        "scale_normal"
                    ],
                    "ml_task": "regression"
                },
                "validation_strategy": {
                    "validation_type": "kfold",
                    "k_folds": 5,
                    "shuffle": true,
                    "X_path": "AutoML_2\\X.data",
                    "y_path": "AutoML_2\\y.data",
                    "results_path": "AutoML_2"
                },
                "learner": {
                    "model_type": "Neural Network",
                    "ml_task": "regression",
                    "n_jobs": -1,
                    "seed": 1237,
                    "dense_1_size": 64,
                    "dense_2_size": 32,
                    "learning_rate": 0.08
                },
                "automl_random_state": 1234,
                "ml_task": "regression",
                "explain_level": 1,
                "name": "16_NeuralNetwork",
                "status": "skipped",
                "final_loss": 0.24262257704901577,
                "train_time": 6.202643156051636,
                "data_type": "original"
            },
            {
                "additional": {
                    "max_rounds": 10000,
                    "early_stopping_rounds": 50,
                    "max_rows_limit": null,
                    "max_cols_limit": null
                },
                "preprocessing": {
                    "columns_preprocessing": {},
                    "target_preprocessing": [
                        "na_exclude",
                        "scale_normal"
                    ],
                    "ml_task": "regression"
                },
                "validation_strategy": {
                    "validation_type": "kfold",
                    "k_folds": 5,
                    "shuffle": true,
                    "X_path": "AutoML_2\\X.data",
                    "y_path": "AutoML_2\\y.data",
                    "results_path": "AutoML_2"
                },
                "learner": {
                    "model_type": "Xgboost",
                    "ml_task": "regression",
                    "n_jobs": -1,
                    "seed": 1238,
                    "objective": "reg:squarederror",
                    "eta": 0.15,
                    "max_depth": 8,
                    "min_child_weight": 50,
                    "subsample": 0.6,
                    "colsample_bytree": 0.6,
                    "eval_metric": "rmse"
                },
                "automl_random_state": 1234,
                "ml_task": "regression",
                "explain_level": 1,
                "name": "9_Xgboost",
                "status": "skipped",
                "final_loss": 0.24262257704901577,
                "train_time": 6.202643156051636,
                "data_type": "original"
            },
            {
                "additional": {
                    "trees_in_step": 100,
                    "train_cant_improve_limit": 1,
                    "min_steps": 1,
                    "max_steps": 50,
                    "early_stopping_rounds": 50,
                    "max_rows_limit": null,
                    "max_cols_limit": null
                },
                "preprocessing": {
                    "columns_preprocessing": {},
                    "target_preprocessing": [
                        "na_exclude",
                        "scale_normal"
                    ],
                    "ml_task": "regression"
                },
                "validation_strategy": {
                    "validation_type": "kfold",
                    "k_folds": 5,
                    "shuffle": true,
                    "X_path": "AutoML_2\\X.data",
                    "y_path": "AutoML_2\\y.data",
                    "results_path": "AutoML_2"
                },
                "learner": {
                    "model_type": "Random Forest",
                    "ml_task": "regression",
                    "n_jobs": -1,
                    "seed": 1238,
                    "criterion": "squared_error",
                    "max_features": 0.6,
                    "min_samples_split": 50,
                    "max_depth": 6,
                    "eval_metric_name": "rmse"
                },
                "automl_random_state": 1234,
                "ml_task": "regression",
                "explain_level": 1,
                "name": "13_RandomForest",
                "status": "skipped",
                "final_loss": 0.24262257704901577,
                "train_time": 6.202643156051636,
                "data_type": "original"
            },
            {
                "additional": {
                    "max_rows_limit": null,
                    "max_cols_limit": null
                },
                "preprocessing": {
                    "columns_preprocessing": {
                        "sepal length (cm)": [
                            "scale_normal"
                        ],
                        "sepal width (cm)": [
                            "scale_normal"
                        ],
                        "petal length (cm)": [
                            "scale_normal"
                        ]
                    },
                    "target_preprocessing": [
                        "na_exclude",
                        "scale_normal"
                    ],
                    "ml_task": "regression"
                },
                "validation_strategy": {
                    "validation_type": "kfold",
                    "k_folds": 5,
                    "shuffle": true,
                    "X_path": "AutoML_2\\X.data",
                    "y_path": "AutoML_2\\y.data",
                    "results_path": "AutoML_2"
                },
                "learner": {
                    "model_type": "Neural Network",
                    "ml_task": "regression",
                    "n_jobs": -1,
                    "seed": 1238,
                    "dense_1_size": 32,
                    "dense_2_size": 32,
                    "learning_rate": 0.05
                },
                "automl_random_state": 1234,
                "ml_task": "regression",
                "explain_level": 1,
                "name": "17_NeuralNetwork",
                "status": "skipped",
                "final_loss": 0.24262257704901577,
                "train_time": 6.202643156051636,
                "data_type": "original"
            }
        ],
        "hill_climbing_1": [
            {
                "additional": {
                    "max_rounds": 10000,
                    "early_stopping_rounds": 50,
                    "max_rows_limit": null,
                    "max_cols_limit": null
                },
                "preprocessing": {
                    "columns_preprocessing": {},
                    "target_preprocessing": [
                        "na_exclude",
                        "scale_normal"
                    ],
                    "ml_task": "regression"
                },
                "validation_strategy": {
                    "validation_type": "kfold",
                    "k_folds": 5,
                    "shuffle": true,
                    "X_path": "AutoML_2\\X.data",
                    "y_path": "AutoML_2\\y.data",
                    "results_path": "AutoML_2"
                },
                "learner": {
                    "model_type": "Xgboost",
                    "ml_task": "regression",
                    "n_jobs": -1,
                    "seed": 1235,
                    "objective": "reg:squarederror",
                    "eta": 0.075,
                    "max_depth": 7,
                    "min_child_weight": 5,
                    "subsample": 1.0,
                    "colsample_bytree": 1.0,
                    "eval_metric": "rmse",
                    "explain_level": 1
                },
                "automl_random_state": 1234,
                "ml_task": "regression",
                "explain_level": 1,
                "name": "11_Xgboost",
                "status": "trained",
                "final_loss": 0.19923328999777276,
                "train_time": 2.560981273651123,
                "data_type": "original",
                "max_time_for_learner": 60
            },
            {
                "additional": {
                    "max_rounds": 10000,
                    "early_stopping_rounds": 50,
                    "max_rows_limit": null,
                    "max_cols_limit": null
                },
                "preprocessing": {
                    "columns_preprocessing": {},
                    "target_preprocessing": [
                        "na_exclude",
                        "scale_normal"
                    ],
                    "ml_task": "regression"
                },
                "validation_strategy": {
                    "validation_type": "kfold",
                    "k_folds": 5,
                    "shuffle": true,
                    "X_path": "AutoML_2\\X.data",
                    "y_path": "AutoML_2\\y.data",
                    "results_path": "AutoML_2"
                },
                "learner": {
                    "model_type": "Xgboost",
                    "ml_task": "regression",
                    "n_jobs": -1,
                    "seed": 1235,
                    "objective": "reg:squarederror",
                    "eta": 0.075,
                    "max_depth": 9,
                    "min_child_weight": 5,
                    "subsample": 1.0,
                    "colsample_bytree": 1.0,
                    "eval_metric": "rmse",
                    "explain_level": 1
                },
                "automl_random_state": 1234,
                "ml_task": "regression",
                "explain_level": 1,
                "name": "12_Xgboost",
                "status": "trained",
                "final_loss": 0.19915465958191564,
                "train_time": 2.8671319484710693,
                "data_type": "original",
                "max_time_for_learner": 60
            },
            {
                "additional": {
                    "trees_in_step": 1,
                    "train_cant_improve_limit": 0,
                    "max_steps": 1,
                    "max_rows_limit": null,
                    "max_cols_limit": null
                },
                "preprocessing": {
                    "columns_preprocessing": {},
                    "target_preprocessing": [
                        "na_exclude"
                    ],
                    "ml_task": "regression"
                },
                "validation_strategy": {
                    "validation_type": "kfold",
                    "k_folds": 5,
                    "shuffle": true,
                    "X_path": "AutoML_2\\X.data",
                    "y_path": "AutoML_2\\y.data",
                    "results_path": "AutoML_2"
                },
                "learner": {
                    "model_type": "Decision Tree",
                    "ml_task": "regression",
                    "n_jobs": -1,
                    "seed": 1235,
                    "criterion": "friedman_mse",
                    "max_depth": 3,
                    "explain_level": 1
                },
                "automl_random_state": 1234,
                "ml_task": "regression",
                "explain_level": 1,
                "name": "13_DecisionTree",
                "status": "trained",
                "final_loss": 0.2137924044306887,
                "train_time": 7.8775129318237305,
                "data_type": "original",
                "max_time_for_learner": 60
            },
            {
                "additional": {
                    "trees_in_step": 1,
                    "train_cant_improve_limit": 0,
                    "max_steps": 1,
                    "max_rows_limit": null,
                    "max_cols_limit": null
                },
                "preprocessing": {
                    "columns_preprocessing": {},
                    "target_preprocessing": [
                        "na_exclude"
                    ],
                    "ml_task": "regression"
                },
                "validation_strategy": {
                    "validation_type": "kfold",
                    "k_folds": 5,
                    "shuffle": true,
                    "X_path": "AutoML_2\\X.data",
                    "y_path": "AutoML_2\\y.data",
                    "results_path": "AutoML_2"
                },
                "learner": {
                    "model_type": "Decision Tree",
                    "ml_task": "regression",
                    "n_jobs": -1,
                    "seed": 1236,
                    "criterion": "friedman_mse",
                    "max_depth": 4,
                    "explain_level": 1
                },
                "automl_random_state": 1234,
                "ml_task": "regression",
                "explain_level": 1,
                "name": "14_DecisionTree",
                "status": "trained",
                "final_loss": 0.21718802443169935,
                "train_time": 11.716841459274292,
                "data_type": "original",
                "max_time_for_learner": 60
            },
            {
                "additional": {
                    "trees_in_step": 100,
                    "train_cant_improve_limit": 1,
                    "min_steps": 1,
                    "max_steps": 50,
                    "early_stopping_rounds": 50,
                    "max_rows_limit": null,
                    "max_cols_limit": null
                },
                "preprocessing": {
                    "columns_preprocessing": {},
                    "target_preprocessing": [
                        "na_exclude",
                        "scale_normal"
                    ],
                    "ml_task": "regression"
                },
                "validation_strategy": {
                    "validation_type": "kfold",
                    "k_folds": 5,
                    "shuffle": true,
                    "X_path": "AutoML_2\\X.data",
                    "y_path": "AutoML_2\\y.data",
                    "results_path": "AutoML_2"
                },
                "learner": {
                    "model_type": "Random Forest",
                    "ml_task": "regression",
                    "n_jobs": -1,
                    "seed": 1235,
                    "criterion": "squared_error",
                    "max_features": 0.5,
                    "min_samples_split": 10,
                    "max_depth": 4,
                    "eval_metric_name": "rmse",
                    "explain_level": 1
                },
                "automl_random_state": 1234,
                "ml_task": "regression",
                "explain_level": 1,
                "name": "15_RandomForest",
                "status": "skipped",
                "final_loss": 0.21718802443169935,
                "train_time": 11.716841459274292,
                "data_type": "original",
                "max_time_for_learner": 60
            },
            {
                "additional": {
                    "trees_in_step": 100,
                    "train_cant_improve_limit": 1,
                    "min_steps": 1,
                    "max_steps": 50,
                    "early_stopping_rounds": 50,
                    "max_rows_limit": null,
                    "max_cols_limit": null
                },
                "preprocessing": {
                    "columns_preprocessing": {},
                    "target_preprocessing": [
                        "na_exclude",
                        "scale_normal"
                    ],
                    "ml_task": "regression"
                },
                "validation_strategy": {
                    "validation_type": "kfold",
                    "k_folds": 5,
                    "shuffle": true,
                    "X_path": "AutoML_2\\X.data",
                    "y_path": "AutoML_2\\y.data",
                    "results_path": "AutoML_2"
                },
                "learner": {
                    "model_type": "Random Forest",
                    "ml_task": "regression",
                    "n_jobs": -1,
                    "seed": 1235,
                    "criterion": "squared_error",
                    "max_features": 0.5,
                    "min_samples_split": 30,
                    "max_depth": 4,
                    "eval_metric_name": "rmse",
                    "explain_level": 1
                },
                "automl_random_state": 1234,
                "ml_task": "regression",
                "explain_level": 1,
                "name": "16_RandomForest",
                "status": "skipped",
                "final_loss": 0.21718802443169935,
                "train_time": 11.716841459274292,
                "data_type": "original",
                "max_time_for_learner": 60
            }
        ],
        "hill_climbing_2": [
            {
                "additional": {
                    "trees_in_step": 100,
                    "train_cant_improve_limit": 1,
                    "min_steps": 1,
                    "max_steps": 50,
                    "early_stopping_rounds": 50,
                    "max_rows_limit": null,
                    "max_cols_limit": null
                },
                "preprocessing": {
                    "columns_preprocessing": {},
                    "target_preprocessing": [
                        "na_exclude",
                        "scale_normal"
                    ],
                    "ml_task": "regression"
                },
                "validation_strategy": {
                    "validation_type": "kfold",
                    "k_folds": 5,
                    "shuffle": true,
                    "X_path": "AutoML_2\\X.data",
                    "y_path": "AutoML_2\\y.data",
                    "results_path": "AutoML_2"
                },
                "learner": {
                    "model_type": "Random Forest",
                    "ml_task": "regression",
                    "n_jobs": -1,
                    "seed": 1235,
                    "criterion": "squared_error",
                    "max_features": 0.6,
                    "min_samples_split": 20,
                    "max_depth": 4,
                    "eval_metric_name": "rmse",
                    "explain_level": 1
                },
                "automl_random_state": 1234,
                "ml_task": "regression",
                "explain_level": 1,
                "name": "15_RandomForest",
                "status": "trained",
                "final_loss": 0.24262257704901577,
                "train_time": 5.246919870376587,
                "data_type": "original",
                "max_time_for_learner": 60
            }
        ],
        "ensemble": [
            {
                "model_type": "ensemble",
                "is_stacked": false,
                "name": "Ensemble",
                "status": "trained",
                "final_loss": 0.1801375464895145,
                "train_time": 0.4090564250946045
            }
        ]
    },
    "adjust_validation": false
}