{
    "name": "Ensemble",
    "ml_task": "regression",
    "optimize_metric": "rmse",
    "selected_models": [
        {
            "model": "28_CatBoost",
            "repeat": 4.0
        },
        {
            "model": "37_RandomForest",
            "repeat": 1.0
        },
        {
            "model": "3_DecisionTree",
            "repeat": 1.0
        },
        {
            "model": "4_Linear",
            "repeat": 10.0
        },
        {
            "model": "64_NearestNeighbors",
            "repeat": 1.0
        },
        {
            "model": "67_CatBoost",
            "repeat": 1.0
        },
        {
            "model": "6_Default_Xgboost",
            "repeat": 3.0
        },
        {
            "model": "9_Default_RandomForest",
            "repeat": 1.0
        }
    ],
    "predictions_fname": "Ensemble\\predictions_ensemble.csv",
    "metric_name": "rmse",
    "final_loss": 0.17657080208953083,
    "train_time": 1.026764154434204,
    "is_stacked": false
}