{
    "uid": "1444408e-b83a-467d-b800-5fefc16616ef",
    "name": "11_Xgboost",
    "preprocessing": [
        {
            "scale_y": {
                "scale": [
                    0.7693065961558427
                ],
                "mean": [
                    1.209166666666667
                ],
                "var": [
                    0.5918326388888889
                ],
                "n_samples_seen": 120,
                "n_features_in": 1,
                "columns": [
                    "target"
                ],
                "scale_method": "scale_normal"
            },
            "ml_task": "regression",
            "params": {
                "columns_preprocessing": {},
                "target_preprocessing": [
                    "na_exclude",
                    "scale_normal"
                ],
                "ml_task": "regression"
            }
        },
        {
            "scale_y": {
                "scale": [
                    0.7501111028818775
                ],
                "mean": [
                    1.2
                ],
                "var": [
                    0.5626666666666668
                ],
                "n_samples_seen": 120,
                "n_features_in": 1,
                "columns": [
                    "target"
                ],
                "scale_method": "scale_normal"
            },
            "ml_task": "regression",
            "params": {
                "columns_preprocessing": {},
                "target_preprocessing": [
                    "na_exclude",
                    "scale_normal"
                ],
                "ml_task": "regression"
            }
        },
        {
            "scale_y": {
                "scale": [
                    0.770558509567357
                ],
                "mean": [
                    1.2125
                ],
                "var": [
                    0.5937604166666667
                ],
                "n_samples_seen": 120,
                "n_features_in": 1,
                "columns": [
                    "target"
                ],
                "scale_method": "scale_normal"
            },
            "ml_task": "regression",
            "params": {
                "columns_preprocessing": {},
                "target_preprocessing": [
                    "na_exclude",
                    "scale_normal"
                ],
                "ml_task": "regression"
            }
        },
        {
            "scale_y": {
                "scale": [
                    0.7617505424276958
                ],
                "mean": [
                    1.2083333333333333
                ],
                "var": [
                    0.5802638888888888
                ],
                "n_samples_seen": 120,
                "n_features_in": 1,
                "columns": [
                    "target"
                ],
                "scale_method": "scale_normal"
            },
            "ml_task": "regression",
            "params": {
                "columns_preprocessing": {},
                "target_preprocessing": [
                    "na_exclude",
                    "scale_normal"
                ],
                "ml_task": "regression"
            }
        },
        {
            "scale_y": {
                "scale": [
                    0.7454677875148076
                ],
                "mean": [
                    1.1666666666666667
                ],
                "var": [
                    0.5557222222222222
                ],
                "n_samples_seen": 120,
                "n_features_in": 1,
                "columns": [
                    "target"
                ],
                "scale_method": "scale_normal"
            },
            "ml_task": "regression",
            "params": {
                "columns_preprocessing": {},
                "target_preprocessing": [
                    "na_exclude",
                    "scale_normal"
                ],
                "ml_task": "regression"
            }
        }
    ],
    "learners": [
        {
            "library_version": "2.1.1",
            "algorithm_name": "Extreme Gradient Boosting",
            "algorithm_short_name": "Xgboost",
            "uid": "27390ed6-d89a-48c7-a5b9-59acfcc32975",
            "params": {
                "model_type": "Xgboost",
                "ml_task": "regression",
                "n_jobs": -1,
                "seed": 1235,
                "objective": "reg:squarederror",
                "eta": 0.075,
                "max_depth": 7,
                "min_child_weight": 5,
                "subsample": 1.0,
                "colsample_bytree": 1.0,
                "eval_metric": "rmse",
                "explain_level": 1
            },
            "name": "learner_fold_0"
        },
        {
            "library_version": "2.1.1",
            "algorithm_name": "Extreme Gradient Boosting",
            "algorithm_short_name": "Xgboost",
            "uid": "561e6741-55aa-41a0-8a5c-508ad32a0f61",
            "params": {
                "model_type": "Xgboost",
                "ml_task": "regression",
                "n_jobs": -1,
                "seed": 1235,
                "objective": "reg:squarederror",
                "eta": 0.075,
                "max_depth": 7,
                "min_child_weight": 5,
                "subsample": 1.0,
                "colsample_bytree": 1.0,
                "eval_metric": "rmse",
                "explain_level": 1
            },
            "name": "learner_fold_1"
        },
        {
            "library_version": "2.1.1",
            "algorithm_name": "Extreme Gradient Boosting",
            "algorithm_short_name": "Xgboost",
            "uid": "c4bc244f-47f9-476b-a3c7-76fb243b6470",
            "params": {
                "model_type": "Xgboost",
                "ml_task": "regression",
                "n_jobs": -1,
                "seed": 1235,
                "objective": "reg:squarederror",
                "eta": 0.075,
                "max_depth": 7,
                "min_child_weight": 5,
                "subsample": 1.0,
                "colsample_bytree": 1.0,
                "eval_metric": "rmse",
                "explain_level": 1
            },
            "name": "learner_fold_2"
        },
        {
            "library_version": "2.1.1",
            "algorithm_name": "Extreme Gradient Boosting",
            "algorithm_short_name": "Xgboost",
            "uid": "855d747e-d97c-49bf-96a0-691de3cf2dad",
            "params": {
                "model_type": "Xgboost",
                "ml_task": "regression",
                "n_jobs": -1,
                "seed": 1235,
                "objective": "reg:squarederror",
                "eta": 0.075,
                "max_depth": 7,
                "min_child_weight": 5,
                "subsample": 1.0,
                "colsample_bytree": 1.0,
                "eval_metric": "rmse",
                "explain_level": 1
            },
            "name": "learner_fold_3"
        },
        {
            "library_version": "2.1.1",
            "algorithm_name": "Extreme Gradient Boosting",
            "algorithm_short_name": "Xgboost",
            "uid": "3883ec3b-8c8e-4335-9d72-90449343a28e",
            "params": {
                "model_type": "Xgboost",
                "ml_task": "regression",
                "n_jobs": -1,
                "seed": 1235,
                "objective": "reg:squarederror",
                "eta": 0.075,
                "max_depth": 7,
                "min_child_weight": 5,
                "subsample": 1.0,
                "colsample_bytree": 1.0,
                "eval_metric": "rmse",
                "explain_level": 1
            },
            "name": "learner_fold_4"
        }
    ],
    "params": {
        "additional": {
            "max_rounds": 10000,
            "early_stopping_rounds": 50,
            "max_rows_limit": null,
            "max_cols_limit": null
        },
        "preprocessing": {
            "columns_preprocessing": {},
            "target_preprocessing": [
                "na_exclude",
                "scale_normal"
            ],
            "ml_task": "regression"
        },
        "validation_strategy": {
            "validation_type": "kfold",
            "k_folds": 5,
            "shuffle": true,
            "X_path": "AutoML_2\\X.data",
            "y_path": "AutoML_2\\y.data",
            "results_path": "AutoML_2"
        },
        "learner": {
            "model_type": "Xgboost",
            "ml_task": "regression",
            "n_jobs": -1,
            "seed": 1235,
            "objective": "reg:squarederror",
            "eta": 0.075,
            "max_depth": 7,
            "min_child_weight": 5,
            "subsample": 1.0,
            "colsample_bytree": 1.0,
            "eval_metric": "rmse",
            "explain_level": 1
        },
        "automl_random_state": 1234,
        "ml_task": "regression",
        "explain_level": 1,
        "name": "11_Xgboost",
        "status": "initialized",
        "final_loss": null,
        "train_time": null,
        "data_type": "original",
        "max_time_for_learner": 60
    },
    "saved": [
        "11_Xgboost\\learner_fold_0.xgboost.json",
        "11_Xgboost\\learner_fold_1.xgboost.json",
        "11_Xgboost\\learner_fold_2.xgboost.json",
        "11_Xgboost\\learner_fold_3.xgboost.json",
        "11_Xgboost\\learner_fold_4.xgboost.json"
    ],
    "predictions_fname": "11_Xgboost\\predictions_out_of_folds.csv",
    "metric_name": "rmse",
    "final_loss": "0.19923328999777276",
    "train_time": 1.8427677154541016,
    "is_stacked": false,
    "joblib_version": "1.4.2",
    "single_prediction_time": 0.04900860786437988
}