{
    "uid": "2bf895fe-878e-43ef-82b7-94ce153a032f",
    "name": "66_LightGBM",
    "preprocessing": [
        {
            "scale_y": {
                "scale": [
                    0.7402033426838927
                ],
                "mean": [
                    1.238392857142857
                ],
                "var": [
                    0.5479009885204081
                ],
                "n_samples_seen": 112,
                "n_features_in": 1,
                "columns": [
                    "target"
                ],
                "scale_method": "scale_normal"
            },
            "ml_task": "regression",
            "params": {
                "columns_preprocessing": {},
                "target_preprocessing": [
                    "na_exclude",
                    "scale_normal"
                ],
                "ml_task": "regression"
            }
        },
        {
            "scale_y": {
                "scale": [
                    0.7605025694652618
                ],
                "mean": [
                    1.1696428571428572
                ],
                "var": [
                    0.5783641581632654
                ],
                "n_samples_seen": 112,
                "n_features_in": 1,
                "columns": [
                    "target"
                ],
                "scale_method": "scale_normal"
            },
            "ml_task": "regression",
            "params": {
                "columns_preprocessing": {},
                "target_preprocessing": [
                    "na_exclude",
                    "scale_normal"
                ],
                "ml_task": "regression"
            }
        },
        {
            "scale_y": {
                "scale": [
                    0.7692011777653727
                ],
                "mean": [
                    1.2442477876106197
                ],
                "var": [
                    0.5916704518756364
                ],
                "n_samples_seen": 113,
                "n_features_in": 1,
                "columns": [
                    "target"
                ],
                "scale_method": "scale_normal"
            },
            "ml_task": "regression",
            "params": {
                "columns_preprocessing": {},
                "target_preprocessing": [
                    "na_exclude",
                    "scale_normal"
                ],
                "ml_task": "regression"
            }
        },
        {
            "scale_y": {
                "scale": [
                    0.7635491361164356
                ],
                "mean": [
                    1.145132743362832
                ],
                "var": [
                    0.5830072832641552
                ],
                "n_samples_seen": 113,
                "n_features_in": 1,
                "columns": [
                    "target"
                ],
                "scale_method": "scale_normal"
            },
            "ml_task": "regression",
            "params": {
                "columns_preprocessing": {},
                "target_preprocessing": [
                    "na_exclude",
                    "scale_normal"
                ],
                "ml_task": "regression"
            }
        }
    ],
    "learners": [
        {
            "library_version": "4.5.0",
            "algorithm_name": "LightGBM",
            "algorithm_short_name": "LightGBM",
            "uid": "2d1f140c-7560-45cb-b47e-73ac1d469084",
            "params": {
                "model_type": "LightGBM",
                "ml_task": "regression",
                "n_jobs": -1,
                "objective": "regression",
                "num_leaves": 95,
                "learning_rate": 0.05,
                "feature_fraction": 0.9,
                "bagging_fraction": 0.9,
                "min_data_in_leaf": 10,
                "seed": 5,
                "metric": "rmse",
                "custom_eval_metric_name": null,
                "explain_level": 0
            },
            "name": "learner_fold_0"
        },
        {
            "library_version": "4.5.0",
            "algorithm_name": "LightGBM",
            "algorithm_short_name": "LightGBM",
            "uid": "e9ba1dc4-05bb-41cb-8074-2e0a6f6bd26a",
            "params": {
                "model_type": "LightGBM",
                "ml_task": "regression",
                "n_jobs": -1,
                "objective": "regression",
                "num_leaves": 95,
                "learning_rate": 0.05,
                "feature_fraction": 0.9,
                "bagging_fraction": 0.9,
                "min_data_in_leaf": 10,
                "seed": 5,
                "metric": "rmse",
                "custom_eval_metric_name": null,
                "explain_level": 0
            },
            "name": "learner_fold_1"
        },
        {
            "library_version": "4.5.0",
            "algorithm_name": "LightGBM",
            "algorithm_short_name": "LightGBM",
            "uid": "fc23eccc-4eaa-4f8c-82f8-f360568445b0",
            "params": {
                "model_type": "LightGBM",
                "ml_task": "regression",
                "n_jobs": -1,
                "objective": "regression",
                "num_leaves": 95,
                "learning_rate": 0.05,
                "feature_fraction": 0.9,
                "bagging_fraction": 0.9,
                "min_data_in_leaf": 10,
                "seed": 5,
                "metric": "rmse",
                "custom_eval_metric_name": null,
                "explain_level": 0
            },
            "name": "learner_fold_2"
        },
        {
            "library_version": "4.5.0",
            "algorithm_name": "LightGBM",
            "algorithm_short_name": "LightGBM",
            "uid": "cb37a778-7d32-4f9b-b568-0679e29d5a5c",
            "params": {
                "model_type": "LightGBM",
                "ml_task": "regression",
                "n_jobs": -1,
                "objective": "regression",
                "num_leaves": 95,
                "learning_rate": 0.05,
                "feature_fraction": 0.9,
                "bagging_fraction": 0.9,
                "min_data_in_leaf": 10,
                "seed": 5,
                "metric": "rmse",
                "custom_eval_metric_name": null,
                "explain_level": 0
            },
            "name": "learner_fold_3"
        }
    ],
    "params": {
        "additional": {
            "max_rounds": 10000,
            "early_stopping_rounds": 50,
            "max_rows_limit": null,
            "max_cols_limit": null
        },
        "preprocessing": {
            "columns_preprocessing": {},
            "target_preprocessing": [
                "na_exclude",
                "scale_normal"
            ],
            "ml_task": "regression"
        },
        "validation_strategy": {
            "validation_type": "kfold",
            "k_folds": 4,
            "shuffle": true,
            "random_seed": 123,
            "X_path": "AutoML_3\\X.data",
            "y_path": "AutoML_3\\y.data",
            "results_path": "AutoML_3"
        },
        "learner": {
            "model_type": "LightGBM",
            "ml_task": "regression",
            "n_jobs": -1,
            "objective": "regression",
            "num_leaves": 95,
            "learning_rate": 0.05,
            "feature_fraction": 0.9,
            "bagging_fraction": 0.9,
            "min_data_in_leaf": 10,
            "seed": 5,
            "metric": "rmse",
            "custom_eval_metric_name": null,
            "explain_level": 0
        },
        "automl_random_state": 1234,
        "ml_task": "regression",
        "explain_level": 0,
        "name": "66_LightGBM",
        "status": "initialized",
        "final_loss": null,
        "train_time": null,
        "data_type": "original",
        "max_time_for_learner": 60
    },
    "saved": [
        "66_LightGBM\\learner_fold_0.lightgbm",
        "66_LightGBM\\learner_fold_1.lightgbm",
        "66_LightGBM\\learner_fold_2.lightgbm",
        "66_LightGBM\\learner_fold_3.lightgbm"
    ],
    "predictions_fname": "66_LightGBM\\predictions_out_of_folds.csv",
    "metric_name": "rmse",
    "final_loss": "0.19911616171174512",
    "train_time": 0.971940279006958,
    "is_stacked": false,
    "joblib_version": "1.4.2"
}