{
    "uid": "926a3ea7-9336-457b-ad22-58572c3625c9",
    "name": "6_Default_RandomForest",
    "preprocessing": [
        {
            "scale_y": {
                "scale": [
                    0.770336011200996
                ],
                "mean": [
                    1.2205357142857143
                ],
                "var": [
                    0.5934175701530612
                ],
                "n_samples_seen": 112,
                "n_features_in": 1,
                "columns": [
                    "target"
                ],
                "scale_method": "scale_normal"
            },
            "ml_task": "regression",
            "params": {
                "columns_preprocessing": {},
                "target_preprocessing": [
                    "na_exclude",
                    "scale_normal"
                ],
                "ml_task": "regression"
            }
        }
    ],
    "learners": [
        {
            "library_version": "1.5.1",
            "algorithm_name": "Random Forest",
            "algorithm_short_name": "Random Forest",
            "uid": "6393e494-40d1-44da-9e6e-59f8aae2b899",
            "params": {
                "model_type": "Random Forest",
                "ml_task": "regression",
                "n_jobs": -1,
                "criterion": "squared_error",
                "max_features": 0.9,
                "min_samples_split": 30,
                "max_depth": 4,
                "seed": 6,
                "eval_metric_name": "rmse",
                "explain_level": 2
            },
            "name": "learner_fold_0"
        }
    ],
    "params": {
        "additional": {
            "trees_in_step": 100,
            "train_cant_improve_limit": 1,
            "min_steps": 1,
            "max_steps": 50,
            "early_stopping_rounds": 50,
            "max_rows_limit": null,
            "max_cols_limit": null
        },
        "preprocessing": {
            "columns_preprocessing": {},
            "target_preprocessing": [
                "na_exclude",
                "scale_normal"
            ],
            "ml_task": "regression"
        },
        "validation_strategy": {
            "validation_type": "split",
            "train_ratio": 0.75,
            "shuffle": true,
            "X_path": "AutoML_3\\X.data",
            "y_path": "AutoML_3\\y.data",
            "results_path": "AutoML_3"
        },
        "learner": {
            "model_type": "Random Forest",
            "ml_task": "regression",
            "n_jobs": -1,
            "criterion": "squared_error",
            "max_features": 0.9,
            "min_samples_split": 30,
            "max_depth": 4,
            "seed": 6,
            "eval_metric_name": "rmse",
            "explain_level": 2
        },
        "automl_random_state": 1234,
        "ml_task": "regression",
        "explain_level": 2,
        "name": "6_Default_RandomForest",
        "status": "initialized",
        "final_loss": null,
        "train_time": null,
        "data_type": "original",
        "max_time_for_learner": 60
    },
    "saved": [
        "6_Default_RandomForest\\learner_fold_0.random_forest"
    ],
    "predictions_fname": "6_Default_RandomForest\\predictions_validation.csv",
    "metric_name": "rmse",
    "final_loss": "0.18687206371446857",
    "train_time": 2.655545234680176,
    "is_stacked": false,
    "joblib_version": "1.4.2"
}