{
    "uid": "9c27b1a8-7a19-4cba-939d-7c8afd5381a3",
    "name": "4_DecisionTree",
    "preprocessing": [
        {
            "ml_task": "regression",
            "params": {
                "columns_preprocessing": {},
                "target_preprocessing": [
                    "na_exclude"
                ],
                "ml_task": "regression"
            }
        },
        {
            "ml_task": "regression",
            "params": {
                "columns_preprocessing": {},
                "target_preprocessing": [
                    "na_exclude"
                ],
                "ml_task": "regression"
            }
        },
        {
            "ml_task": "regression",
            "params": {
                "columns_preprocessing": {},
                "target_preprocessing": [
                    "na_exclude"
                ],
                "ml_task": "regression"
            }
        },
        {
            "ml_task": "regression",
            "params": {
                "columns_preprocessing": {},
                "target_preprocessing": [
                    "na_exclude"
                ],
                "ml_task": "regression"
            }
        },
        {
            "ml_task": "regression",
            "params": {
                "columns_preprocessing": {},
                "target_preprocessing": [
                    "na_exclude"
                ],
                "ml_task": "regression"
            }
        }
    ],
    "learners": [
        {
            "library_version": "1.5.1",
            "algorithm_name": "Decision Tree",
            "algorithm_short_name": "Decision Tree",
            "uid": "566f832d-9ad1-4fd3-af05-4d3927473559",
            "params": {
                "model_type": "Decision Tree",
                "ml_task": "regression",
                "n_jobs": -1,
                "seed": 1237,
                "criterion": "squared_error",
                "max_depth": 4,
                "explain_level": 1
            },
            "name": "learner_fold_0"
        },
        {
            "library_version": "1.5.1",
            "algorithm_name": "Decision Tree",
            "algorithm_short_name": "Decision Tree",
            "uid": "462efec7-4a76-44bf-b872-a55a64cd457a",
            "params": {
                "model_type": "Decision Tree",
                "ml_task": "regression",
                "n_jobs": -1,
                "seed": 1237,
                "criterion": "squared_error",
                "max_depth": 4,
                "explain_level": 1
            },
            "name": "learner_fold_1"
        },
        {
            "library_version": "1.5.1",
            "algorithm_name": "Decision Tree",
            "algorithm_short_name": "Decision Tree",
            "uid": "9e15fc1a-d82f-4149-a5d5-be7e1d0dccbf",
            "params": {
                "model_type": "Decision Tree",
                "ml_task": "regression",
                "n_jobs": -1,
                "seed": 1237,
                "criterion": "squared_error",
                "max_depth": 4,
                "explain_level": 1
            },
            "name": "learner_fold_2"
        },
        {
            "library_version": "1.5.1",
            "algorithm_name": "Decision Tree",
            "algorithm_short_name": "Decision Tree",
            "uid": "75f2f385-d94b-45b6-89e4-d2b8c6021d52",
            "params": {
                "model_type": "Decision Tree",
                "ml_task": "regression",
                "n_jobs": -1,
                "seed": 1237,
                "criterion": "squared_error",
                "max_depth": 4,
                "explain_level": 1
            },
            "name": "learner_fold_3"
        },
        {
            "library_version": "1.5.1",
            "algorithm_name": "Decision Tree",
            "algorithm_short_name": "Decision Tree",
            "uid": "b21199c1-14fe-49c0-944f-2a3b3705e332",
            "params": {
                "model_type": "Decision Tree",
                "ml_task": "regression",
                "n_jobs": -1,
                "seed": 1237,
                "criterion": "squared_error",
                "max_depth": 4,
                "explain_level": 1
            },
            "name": "learner_fold_4"
        }
    ],
    "params": {
        "additional": {
            "trees_in_step": 1,
            "train_cant_improve_limit": 0,
            "max_steps": 1,
            "max_rows_limit": null,
            "max_cols_limit": null
        },
        "preprocessing": {
            "columns_preprocessing": {},
            "target_preprocessing": [
                "na_exclude"
            ],
            "ml_task": "regression"
        },
        "validation_strategy": {
            "validation_type": "kfold",
            "k_folds": 5,
            "shuffle": true,
            "X_path": "AutoML_2\\X.data",
            "y_path": "AutoML_2\\y.data",
            "results_path": "AutoML_2"
        },
        "learner": {
            "model_type": "Decision Tree",
            "ml_task": "regression",
            "n_jobs": -1,
            "seed": 1237,
            "criterion": "squared_error",
            "max_depth": 4,
            "explain_level": 1
        },
        "automl_random_state": 1234,
        "ml_task": "regression",
        "explain_level": 1,
        "name": "4_DecisionTree",
        "status": "initialized",
        "final_loss": null,
        "train_time": null,
        "data_type": "original",
        "max_time_for_learner": 60
    },
    "saved": [
        "4_DecisionTree\\learner_fold_0.decision_tree",
        "4_DecisionTree\\learner_fold_1.decision_tree",
        "4_DecisionTree\\learner_fold_2.decision_tree",
        "4_DecisionTree\\learner_fold_3.decision_tree",
        "4_DecisionTree\\learner_fold_4.decision_tree"
    ],
    "predictions_fname": "4_DecisionTree\\predictions_out_of_folds.csv",
    "metric_name": "rmse",
    "final_loss": "0.21745576176987078",
    "train_time": 20.541852712631226,
    "is_stacked": false,
    "joblib_version": "1.4.2",
    "single_prediction_time": 0.02296614646911621
}