{
    "uid": "9ae3b496-226d-419f-87a1-3dd62318ef36",
    "name": "13_DecisionTree",
    "preprocessing": [
        {
            "ml_task": "regression",
            "params": {
                "columns_preprocessing": {},
                "target_preprocessing": [
                    "na_exclude"
                ],
                "ml_task": "regression"
            }
        },
        {
            "ml_task": "regression",
            "params": {
                "columns_preprocessing": {},
                "target_preprocessing": [
                    "na_exclude"
                ],
                "ml_task": "regression"
            }
        },
        {
            "ml_task": "regression",
            "params": {
                "columns_preprocessing": {},
                "target_preprocessing": [
                    "na_exclude"
                ],
                "ml_task": "regression"
            }
        },
        {
            "ml_task": "regression",
            "params": {
                "columns_preprocessing": {},
                "target_preprocessing": [
                    "na_exclude"
                ],
                "ml_task": "regression"
            }
        },
        {
            "ml_task": "regression",
            "params": {
                "columns_preprocessing": {},
                "target_preprocessing": [
                    "na_exclude"
                ],
                "ml_task": "regression"
            }
        }
    ],
    "learners": [
        {
            "library_version": "1.5.1",
            "algorithm_name": "Decision Tree",
            "algorithm_short_name": "Decision Tree",
            "uid": "3a4d8f5c-3394-44cc-9d45-f369c8313de7",
            "params": {
                "model_type": "Decision Tree",
                "ml_task": "regression",
                "n_jobs": -1,
                "seed": 1235,
                "criterion": "friedman_mse",
                "max_depth": 3,
                "explain_level": 1
            },
            "name": "learner_fold_0"
        },
        {
            "library_version": "1.5.1",
            "algorithm_name": "Decision Tree",
            "algorithm_short_name": "Decision Tree",
            "uid": "dcc1c525-0f69-4ccc-b635-c457f287890a",
            "params": {
                "model_type": "Decision Tree",
                "ml_task": "regression",
                "n_jobs": -1,
                "seed": 1235,
                "criterion": "friedman_mse",
                "max_depth": 3,
                "explain_level": 1
            },
            "name": "learner_fold_1"
        },
        {
            "library_version": "1.5.1",
            "algorithm_name": "Decision Tree",
            "algorithm_short_name": "Decision Tree",
            "uid": "c1dedfc6-f576-40a5-a5f5-0ee713716778",
            "params": {
                "model_type": "Decision Tree",
                "ml_task": "regression",
                "n_jobs": -1,
                "seed": 1235,
                "criterion": "friedman_mse",
                "max_depth": 3,
                "explain_level": 1
            },
            "name": "learner_fold_2"
        },
        {
            "library_version": "1.5.1",
            "algorithm_name": "Decision Tree",
            "algorithm_short_name": "Decision Tree",
            "uid": "a7017532-5bd5-43ec-a1c1-536935ac9151",
            "params": {
                "model_type": "Decision Tree",
                "ml_task": "regression",
                "n_jobs": -1,
                "seed": 1235,
                "criterion": "friedman_mse",
                "max_depth": 3,
                "explain_level": 1
            },
            "name": "learner_fold_3"
        },
        {
            "library_version": "1.5.1",
            "algorithm_name": "Decision Tree",
            "algorithm_short_name": "Decision Tree",
            "uid": "830148d6-e5df-4d08-b615-c493ddb3e43a",
            "params": {
                "model_type": "Decision Tree",
                "ml_task": "regression",
                "n_jobs": -1,
                "seed": 1235,
                "criterion": "friedman_mse",
                "max_depth": 3,
                "explain_level": 1
            },
            "name": "learner_fold_4"
        }
    ],
    "params": {
        "additional": {
            "trees_in_step": 1,
            "train_cant_improve_limit": 0,
            "max_steps": 1,
            "max_rows_limit": null,
            "max_cols_limit": null
        },
        "preprocessing": {
            "columns_preprocessing": {},
            "target_preprocessing": [
                "na_exclude"
            ],
            "ml_task": "regression"
        },
        "validation_strategy": {
            "validation_type": "kfold",
            "k_folds": 5,
            "shuffle": true,
            "X_path": "AutoML_2\\X.data",
            "y_path": "AutoML_2\\y.data",
            "results_path": "AutoML_2"
        },
        "learner": {
            "model_type": "Decision Tree",
            "ml_task": "regression",
            "n_jobs": -1,
            "seed": 1235,
            "criterion": "friedman_mse",
            "max_depth": 3,
            "explain_level": 1
        },
        "automl_random_state": 1234,
        "ml_task": "regression",
        "explain_level": 1,
        "name": "13_DecisionTree",
        "status": "initialized",
        "final_loss": null,
        "train_time": null,
        "data_type": "original",
        "max_time_for_learner": 60
    },
    "saved": [
        "13_DecisionTree\\learner_fold_0.decision_tree",
        "13_DecisionTree\\learner_fold_1.decision_tree",
        "13_DecisionTree\\learner_fold_2.decision_tree",
        "13_DecisionTree\\learner_fold_3.decision_tree",
        "13_DecisionTree\\learner_fold_4.decision_tree"
    ],
    "predictions_fname": "13_DecisionTree\\predictions_out_of_folds.csv",
    "metric_name": "rmse",
    "final_loss": "0.2137924044306887",
    "train_time": 7.066347122192383,
    "is_stacked": false,
    "joblib_version": "1.4.2",
    "single_prediction_time": 0.01651310920715332
}