{
    "uid": "118b860e-4f49-4167-817a-519f6f51dba9",
    "name": "67_CatBoost",
    "preprocessing": [
        {
            "scale_y": {
                "scale": [
                    0.7402033426838927
                ],
                "mean": [
                    1.238392857142857
                ],
                "var": [
                    0.5479009885204081
                ],
                "n_samples_seen": 112,
                "n_features_in": 1,
                "columns": [
                    "target"
                ],
                "scale_method": "scale_normal"
            },
            "ml_task": "regression",
            "params": {
                "columns_preprocessing": {},
                "target_preprocessing": [
                    "na_exclude",
                    "scale_normal"
                ],
                "ml_task": "regression"
            }
        },
        {
            "scale_y": {
                "scale": [
                    0.7605025694652618
                ],
                "mean": [
                    1.1696428571428572
                ],
                "var": [
                    0.5783641581632654
                ],
                "n_samples_seen": 112,
                "n_features_in": 1,
                "columns": [
                    "target"
                ],
                "scale_method": "scale_normal"
            },
            "ml_task": "regression",
            "params": {
                "columns_preprocessing": {},
                "target_preprocessing": [
                    "na_exclude",
                    "scale_normal"
                ],
                "ml_task": "regression"
            }
        },
        {
            "scale_y": {
                "scale": [
                    0.7692011777653727
                ],
                "mean": [
                    1.2442477876106197
                ],
                "var": [
                    0.5916704518756364
                ],
                "n_samples_seen": 113,
                "n_features_in": 1,
                "columns": [
                    "target"
                ],
                "scale_method": "scale_normal"
            },
            "ml_task": "regression",
            "params": {
                "columns_preprocessing": {},
                "target_preprocessing": [
                    "na_exclude",
                    "scale_normal"
                ],
                "ml_task": "regression"
            }
        },
        {
            "scale_y": {
                "scale": [
                    0.7635491361164356
                ],
                "mean": [
                    1.145132743362832
                ],
                "var": [
                    0.5830072832641552
                ],
                "n_samples_seen": 113,
                "n_features_in": 1,
                "columns": [
                    "target"
                ],
                "scale_method": "scale_normal"
            },
            "ml_task": "regression",
            "params": {
                "columns_preprocessing": {},
                "target_preprocessing": [
                    "na_exclude",
                    "scale_normal"
                ],
                "ml_task": "regression"
            }
        }
    ],
    "learners": [
        {
            "library_version": "1.2.5",
            "algorithm_name": "CatBoost",
            "algorithm_short_name": "CatBoost",
            "uid": "c9a90b4e-620d-4ac7-ba7c-0b5d73db7020",
            "params": {
                "model_type": "CatBoost",
                "ml_task": "regression",
                "n_jobs": -1,
                "seed": 1235,
                "learning_rate": 0.05,
                "depth": 7,
                "rsm": 0.8,
                "loss_function": "RMSE",
                "eval_metric": "RMSE",
                "explain_level": 0
            },
            "name": "learner_fold_0",
            "best_ntree_limit": 172
        },
        {
            "library_version": "1.2.5",
            "algorithm_name": "CatBoost",
            "algorithm_short_name": "CatBoost",
            "uid": "1081fcb5-2168-4fc4-a5eb-5cc3781194ab",
            "params": {
                "model_type": "CatBoost",
                "ml_task": "regression",
                "n_jobs": -1,
                "seed": 1235,
                "learning_rate": 0.05,
                "depth": 7,
                "rsm": 0.8,
                "loss_function": "RMSE",
                "eval_metric": "RMSE",
                "explain_level": 0
            },
            "name": "learner_fold_1",
            "best_ntree_limit": 204
        },
        {
            "library_version": "1.2.5",
            "algorithm_name": "CatBoost",
            "algorithm_short_name": "CatBoost",
            "uid": "7ed06c9e-6132-421e-b32f-02c80d8040e2",
            "params": {
                "model_type": "CatBoost",
                "ml_task": "regression",
                "n_jobs": -1,
                "seed": 1235,
                "learning_rate": 0.05,
                "depth": 7,
                "rsm": 0.8,
                "loss_function": "RMSE",
                "eval_metric": "RMSE",
                "explain_level": 0
            },
            "name": "learner_fold_2",
            "best_ntree_limit": 126
        },
        {
            "library_version": "1.2.5",
            "algorithm_name": "CatBoost",
            "algorithm_short_name": "CatBoost",
            "uid": "9eb5da99-a572-4e44-9cc1-ecfea3340aa6",
            "params": {
                "model_type": "CatBoost",
                "ml_task": "regression",
                "n_jobs": -1,
                "seed": 1235,
                "learning_rate": 0.05,
                "depth": 7,
                "rsm": 0.8,
                "loss_function": "RMSE",
                "eval_metric": "RMSE",
                "explain_level": 0
            },
            "name": "learner_fold_3",
            "best_ntree_limit": 143
        }
    ],
    "params": {
        "additional": {
            "max_rounds": 10000,
            "early_stopping_rounds": 50,
            "max_rows_limit": null,
            "max_cols_limit": null
        },
        "preprocessing": {
            "columns_preprocessing": {},
            "target_preprocessing": [
                "na_exclude",
                "scale_normal"
            ],
            "ml_task": "regression"
        },
        "validation_strategy": {
            "validation_type": "kfold",
            "k_folds": 4,
            "shuffle": true,
            "random_seed": 123,
            "X_path": "AutoML_3\\X.data",
            "y_path": "AutoML_3\\y.data",
            "results_path": "AutoML_3"
        },
        "learner": {
            "model_type": "CatBoost",
            "ml_task": "regression",
            "n_jobs": -1,
            "seed": 1235,
            "learning_rate": 0.05,
            "depth": 7,
            "rsm": 0.8,
            "loss_function": "RMSE",
            "eval_metric": "RMSE",
            "explain_level": 0
        },
        "automl_random_state": 1234,
        "ml_task": "regression",
        "explain_level": 0,
        "name": "67_CatBoost",
        "status": "initialized",
        "final_loss": null,
        "train_time": null,
        "data_type": "original",
        "max_time_for_learner": 60
    },
    "saved": [
        "67_CatBoost\\learner_fold_0.catboost",
        "67_CatBoost\\learner_fold_1.catboost",
        "67_CatBoost\\learner_fold_2.catboost",
        "67_CatBoost\\learner_fold_3.catboost"
    ],
    "predictions_fname": "67_CatBoost\\predictions_out_of_folds.csv",
    "metric_name": "rmse",
    "final_loss": "0.197218739336069",
    "train_time": 1.5205750465393066,
    "is_stacked": false,
    "joblib_version": "1.4.2"
}