{"learner":{"attributes":{"best_iteration":"98","best_score":"0.19714382060277108"},"feature_names":[],"feature_types":[],"gradient_booster":{"model":{"gbtree_model_param":{"num_parallel_tree":"1","num_trees":"149"},"iteration_indptr":[0,1,2,3,4,5,6,7,8,9,10,11,12,13,14,15,16,17,18,19,20,21,22,23,24,25,26,27,28,29,30,31,32,33,34,35,36,37,38,39,40,41,42,43,44,45,46,47,48,49,50,51,52,53,54,55,56,57,58,59,60,61,62,63,64,65,66,67,68,69,70,71,72,73,74,75,76,77,78,79,80,81,82,83,84,85,86,87,88,89,90,91,92,93,94,95,96,97,98,99,100,101,102,103,104,105,106,107,108,109,110,111,112,113,114,115,116,117,118,119,120,121,122,123,124,125,126,127,128,129,130,131,132,133,134,135,136,137,138,139,140,141,142,143,144,145,146,147,148,149],"tree_info":[0,0,0,0,0,0,0,0,0,0,0,0,0,0,0,0,0,0,0,0,0,0,0,0,0,0,0,0,0,0,0,0,0,0,0,0,0,0,0,0,0,0,0,0,0,0,0,0,0,0,0,0,0,0,0,0,0,0,0,0,0,0,0,0,0,0,0,0,0,0,0,0,0,0,0,0,0,0,0,0,0,0,0,0,0,0,0,0,0,0,0,0,0,0,0,0,0,0,0,0,0,0,0,0,0,0,0,0,0,0,0,0,0,0,0,0,0,0,0,0,0,0,0,0,0,0,0,0,0,0,0,0,0,0,0,0,0,0,0,0,0,0,0,0,0,0,0,0,0],"trees":[{"base_weights":[5.8679245E-2,-1.11656405E-1,7.4797004E-1,2.8780187E-2,1.04313865E-1],"categories":[],"categories_nodes":[],"categories_segments":[],"categories_sizes":[],"default_left":[0,0,0,0,0],"id":0,"left_children":[1,-1,3,-1,-1],"loss_changes":[8.103351E1,0E0,8.256893E0,0E0,0E0],"parents":[2147483647,0,0,2,2],"right_children":[2,-1,4,-1,-1],"split_conditions":[3.6E0,-1.11656405E-1,5E0,2.8780187E-2,1.04313865E-1],"split_indices":[2,0,2,0,0],"split_type":[0,0,0,0,0],"sum_hessian":[9.8E1,3.6E1,6.2E1,2.5E1,3.7E1],"tree_param":{"num_deleted":"0","num_feature":"3","num_nodes":"5","size_leaf_vector":"1"}},{"base_weights":[5.2123867E-2,-1.1132877E-1,5.557777E-1,6.7812973E-3,9.043726E-2],"categories":[],"categories_nodes":[],"categories_segments":[],"categories_sizes":[],"default_left":[0,0,0,0,0],"id":1,"left_children":[1,-1,3,-1,-1],"loss_changes":[5.638032E1,0E0,1.1335506E1,0E0,0E0],"parents":[2147483647,0,0,2,2],"right_children":[2,-1,4,-1,-1],"split_conditions":[3E0,-1.1132877E-1,4.8E0,6.7812973E-3,9.043726E-2],"split_indices":[2,0,2,0,0],"split_type":[0,0,0,0,0],"sum_hessian":[9.4E1,2.8E1,6.6E1,2.8E1,3.8E1],"tree_param":{"num_deleted":"0","num_feature":"3","num_nodes":"5","size_leaf_vector":"1"}},{"base_weights":[-5.5686425E-2,-8.354684E-2,4.6505216E-1,1.4261292E-2,7.189289E-2],"categories":[],"categories_nodes":[],"categories_segments":[],"categories_sizes":[],"default_left":[0,0,0,0,0],"id":2,"left_children":[1,-1,3,-1,-1],"loss_changes":[4.2619045E1,0E0,5.054641E0,0E0,0E0],"parents":[2147483647,0,0,2,2],"right_children":[2,-1,4,-1,-1],"split_conditions":[5.6E0,-8.354684E-2,6.3E0,1.4261292E-2,7.189289E-2],"split_indices":[0,0,0,0,0],"split_type":[0,0,0,0,0],"sum_hessian":[1.03E2,4.1E1,6.2E1,2.8E1,3.4E1],"tree_param":{"num_deleted":"0","num_feature":"3","num_nodes":"5","size_leaf_vector":"1"}},{"base_weights":[-4.6608023E-2,-9.523435E-2,4.8514393E-1,1.7444815E-2,8.354077E-2],"categories":[],"categories_nodes":[],"categories_segments":[],"categories_sizes":[],"default_left":[0,0,0,0,0],"id":3,"left_children":[1,-1,3,-1,-1],"loss_changes":[4.4290043E1,0E0,6.1661434E0,0E0,0E0],"parents":[2147483647,0,0,2,2],"right_children":[2,-1,4,-1,-1],"split_conditions":[3E0,-9.523435E-2,5.1E0,1.7444815E-2,8.354077E-2],"split_indices":[2,0,2,0,0],"split_type":[0,0,0,0,0],"sum_hessian":[9E1,3.3E1,5.7E1,3.1E1,2.6E1],"tree_param":{"num_deleted":"0","num_feature":"3","num_nodes":"5","size_leaf_vector":"1"}},{"base_weights":[-3.1396195E-2,-8.561915E-2,4.3304172E-1,8.913199E-3,6.8159394E-2],"categories":[],"categories_nodes":[],"categories_segments":[],"categories_sizes":[],"default_left":[0,0,0,0,0],"id":4,"left_children":[1,-1,3,-1,-1],"loss_changes":[3.829432E1,0E0,5.409936E0,0E0,0E0],"parents":[2147483647,0,0,2,2],"right_children":[2,-1,4,-1,-1],"split_conditions":[3E0,-8.561915E-2,4.9E0,8.913199E-3,6.8159394E-2],"split_indices":[2,0,2,0,0],"split_type":[0,0,0,0,0],"sum_hessian":[9.8E1,3.5E1,6.3E1,2.7E1,3.6E1],"tree_param":{"num_deleted":"0","num_feature":"3","num_nodes":"5","size_leaf_vector":"1"}},{"base_weights":[-7.268956E-2,-6.346945E-2,3.3638963E-1,6.458891E-3,5.30896E-2],"categories":[],"categories_nodes":[],"categories_segments":[],"categories_sizes":[],"default_left":[0,0,0,0,0],"id":5,"left_children":[1,-1,3,-1,-1],"loss_changes":[2.4583384E1,0E0,3.2434626E0,0E0,0E0],"parents":[2147483647,0,0,2,2],"right_children":[2,-1,4,-1,-1],"split_conditions":[5.6E0,-6.346945E-2,6.3E0,6.458891E-3,5.30896E-2],"split_indices":[0,0,0,0,0],"split_type":[0,0,0,0,0],"sum_hessian":[1.05E2,4.4E1,6.1E1,2.6E1,3.5E1],"tree_param":{"num_deleted":"0","num_feature":"3","num_nodes":"5","size_leaf_vector":"1"}},{"base_weights":[-5.2571604E-3,-7.044959E-2,3.3871692E-1,2.6117405E-3,5.7018753E-2],"categories":[],"categories_nodes":[],"categories_segments":[],"categories_sizes":[],"default_left":[0,0,0,0,0],"id":6,"left_children":[1,-1,3,-1,-1],"loss_changes":[2.1885426E1,0E0,4.398921E0,0E0,0E0],"parents":[2147483647,0,0,2,2],"right_children":[2,-1,4,-1,-1],"split_conditions":[3E0,-7.044959E-2,4.8E0,2.6117405E-3,5.7018753E-2],"split_indices":[2,0,2,0,0],"split_type":[0,0,0,0,0],"sum_hessian":[8.9E1,2.9E1,6E1,2.6E1,3.4E1],"tree_param":{"num_deleted":"0","num_feature":"3","num_nodes":"5","size_leaf_vector":"1"}},{"base_weights":[6.049653E-3,-6.425438E-2,3.2071927E-1,5.0038565E-3,5.3309776E-2],"categories":[],"categories_nodes":[],"categories_segments":[],"categories_sizes":[],"default_left":[0,0,0,0,0],"id":7,"left_children":[1,-1,3,-1,-1],"loss_changes":[2.061534E1,0E0,3.8824244E0,0E0,0E0],"parents":[2147483647,0,0,2,2],"right_children":[2,-1,4,-1,-1],"split_conditions":[3E0,-6.425438E-2,4.8E0,5.0038565E-3,5.3309776E-2],"split_indices":[2,0,2,0,0],"split_type":[0,0,0,0,0],"sum_hessian":[9.9E1,3.2E1,6.7E1,3E1,3.7E1],"tree_param":{"num_deleted":"0","num_feature":"3","num_nodes":"5","size_leaf_vector":"1"}},{"base_weights":[1.8937055E-2,-4.39498E-2,3.0343553E-1,1.3032816E-2,4.1993737E-2],"categories":[],"categories_nodes":[],"categories_segments":[],"categories_sizes":[],"default_left":[0,0,0,0,0],"id":8,"left_children":[1,-1,3,-1,-1],"loss_changes":[1.3958312E1,0E0,1.2763138E0,0E0,0E0],"parents":[2147483647,0,0,2,2],"right_children":[2,-1,4,-1,-1],"split_conditions":[5.6E0,-4.39498E-2,6.3E0,1.3032816E-2,4.1993737E-2],"split_indices":[0,0,0,0,0],"split_type":[0,0,0,0,0],"sum_hessian":[1.05E2,4E1,6.5E1,2.7E1,3.8E1],"tree_param":{"num_deleted":"0","num_feature":"3","num_nodes":"5","size_leaf_vector":"1"}},{"base_weights":[2.850812E-2,-4.572952E-2,3.2761168E-1,1.4434623E-2,4.7318205E-2],"categories":[],"categories_nodes":[],"categories_segments":[],"categories_sizes":[],"default_left":[0,0,0,0,0],"id":9,"left_children":[1,-1,3,-1,-1],"loss_changes":[1.4099145E1,0E0,1.5323787E0,0E0,0E0],"parents":[2147483647,0,0,2,2],"right_children":[2,-1,4,-1,-1],"split_conditions":[4E0,-4.572952E-2,5.1E0,1.4434623E-2,4.7318205E-2],"split_indices":[2,0,2,0,0],"split_type":[0,0,0,0,0],"sum_hessian":[9.5E1,3.6E1,5.9E1,2.7E1,3.2E1],"tree_param":{"num_deleted":"0","num_feature":"3","num_nodes":"5","size_leaf_vector":"1"}},{"base_weights":[5.5782823E-3,-3.6417462E-2,3.067551E-1,1.3944173E-2,4.4618245E-2],"categories":[],"categories_nodes":[],"categories_segments":[],"categories_sizes":[],"default_left":[0,0,0,0,0],"id":10,"left_children":[1,-1,3,-1,-1],"loss_changes":[1.091373E1,0E0,1.1974983E0,0E0,0E0],"parents":[2147483647,0,0,2,2],"right_children":[2,-1,4,-1,-1],"split_conditions":[4.3E0,-3.6417462E-2,5.1E0,1.3944173E-2,4.4618245E-2],"split_indices":[2,0,2,0,0],"split_type":[0,0,0,0,0],"sum_hessian":[9.6E1,4.3E1,5.3E1,2.5E1,2.8E1],"tree_param":{"num_deleted":"0","num_feature":"3","num_nodes":"5","size_leaf_vector":"1"}},{"base_weights":[1.22674545E-2,-4.4637665E-2,2.1314888E-1,8.926298E-3,4.3366328E-2],"categories":[],"categories_nodes":[],"categories_segments":[],"categories_sizes":[],"default_left":[0,0,0,0,0],"id":11,"left_children":[1,-1,3,-1,-1],"loss_changes":[9.676986E0,0E0,1.9555497E0,0E0,0E0],"parents":[2147483647,0,0,2,2],"right_children":[2,-1,4,-1,-1],"split_conditions":[3E0,-4.4637665E-2,5.2E0,8.926298E-3,4.3366328E-2],"split_indices":[2,0,2,0,0],"split_type":[0,0,0,0,0],"sum_hessian":[1.03E2,3.1E1,7.2E1,4.7E1,2.5E1],"tree_param":{"num_deleted":"0","num_feature":"3","num_nodes":"5","size_leaf_vector":"1"}},{"base_weights":[5.1929113E-3,-2.7652627E-2,2.7576247E-2],"categories":[],"categories_nodes":[],"categories_segments":[],"categories_sizes":[],"default_left":[0,0,0],"id":12,"left_children":[1,-1,-1],"loss_changes":[7.622494E0,0E0,0E0],"parents":[2147483647,0,0],"right_children":[2,-1,-1],"split_conditions":[5.8E0,-2.7652627E-2,2.7576247E-2],"split_indices":[0,0,0],"split_type":[0,0,0],"sum_hessian":[9.8E1,4.8E1,5E1],"tree_param":{"num_deleted":"0","num_feature":"3","num_nodes":"3","size_leaf_vector":"1"}},{"base_weights":[-1.3607994E-2,-3.1107515E-2,3.0355502E-2],"categories":[],"categories_nodes":[],"categories_segments":[],"categories_sizes":[],"default_left":[0,0,0],"id":13,"left_children":[1,-1,-1],"loss_changes":[8.9629135E0,0E0,0E0],"parents":[2147483647,0,0],"right_children":[2,-1,-1],"split_conditions":[4.5E0,-3.1107515E-2,3.0355502E-2],"split_indices":[2,0,0],"split_type":[0,0,0],"sum_hessian":[9.3E1,4.8E1,4.5E1],"tree_param":{"num_deleted":"0","num_feature":"3","num_nodes":"3","size_leaf_vector":"1"}},{"base_weights":[-5.8821472E-3,-3.531736E-2,1.7070666E-1,6.9487877E-3,2.7298314E-2],"categories":[],"categories_nodes":[],"categories_segments":[],"categories_sizes":[],"default_left":[0,0,0,0,0],"id":14,"left_children":[1,-1,3,-1,-1],"loss_changes":[5.6411176E0,0E0,6.125214E-1,0E0,0E0],"parents":[2147483647,0,0,2,2],"right_children":[2,-1,4,-1,-1],"split_conditions":[3E0,-3.531736E-2,5.1E0,6.9487877E-3,2.7298314E-2],"split_indices":[2,0,2,0,0],"split_type":[0,0,0,0,0],"sum_hessian":[9E1,3E1,6E1,3.1E1,2.9E1],"tree_param":{"num_deleted":"0","num_feature":"3","num_nodes":"5","size_leaf_vector":"1"}},{"base_weights":[1.4457477E-2,-3.4258865E-2,1.9817126E-1,3.9010018E-3,3.2186493E-2],"categories":[],"categories_nodes":[],"categories_segments":[],"categories_sizes":[],"default_left":[0,0,0,0,0],"id":15,"left_children":[1,-1,3,-1,-1],"loss_changes":[6.5617256E0,0E0,1.286802E0,0E0,0E0],"parents":[2147483647,0,0,2,2],"right_children":[2,-1,4,-1,-1],"split_conditions":[3E0,-3.4258865E-2,4.8E0,3.9010018E-3,3.2186493E-2],"split_indices":[2,0,2,0,0],"split_type":[0,0,0,0,0],"sum_hessian":[9.8E1,3.3E1,6.5E1,2.9E1,3.6E1],"tree_param":{"num_deleted":"0","num_feature":"3","num_nodes":"5","size_leaf_vector":"1"}},{"base_weights":[5.23748E-2,-1.774112E-2,2.7628243E-2],"categories":[],"categories_nodes":[],"categories_segments":[],"categories_sizes":[],"default_left":[0,0,0],"id":16,"left_children":[1,-1,-1],"loss_changes":[4.885394E0,0E0,0E0],"parents":[2147483647,0,0],"right_children":[2,-1,-1],"split_conditions":[4.5E0,-1.774112E-2,2.7628243E-2],"split_indices":[2,0,0],"split_type":[0,0,0],"sum_hessian":[9.3E1,4.6E1,4.7E1],"tree_param":{"num_deleted":"0","num_feature":"3","num_nodes":"3","size_leaf_vector":"1"}},{"base_weights":[-3.8610653E-3,-2.7493387E-2,1.5291324E-1,2.283462E-3,2.8227827E-2],"categories":[],"categories_nodes":[],"categories_segments":[],"categories_sizes":[],"default_left":[0,0,0,0,0],"id":17,"left_children":[1,-1,3,-1,-1],"loss_changes":[4.291766E0,0E0,1.0705223E0,0E0,0E0],"parents":[2147483647,0,0,2,2],"right_children":[2,-1,4,-1,-1],"split_conditions":[3E0,-2.7493387E-2,5E0,2.283462E-3,2.8227827E-2],"split_indices":[2,0,2,0,0],"split_type":[0,0,0,0,0],"sum_hessian":[9.9E1,3.6E1,6.3E1,3.2E1,3.1E1],"tree_param":{"num_deleted":"0","num_feature":"3","num_nodes":"5","size_leaf_vector":"1"}},{"base_weights":[-9.452968E-3,-2.5760679E-2,8.9943595E-2,7.664339E-4,1.993938E-2],"categories":[],"categories_nodes":[],"categories_segments":[],"categories_sizes":[],"default_left":[0,0,0,0,0],"id":18,"left_children":[1,-1,3,-1,-1],"loss_changes":[2.415737E0,0E0,6.288553E-1,0E0,0E0],"parents":[2147483647,0,0,2,2],"right_children":[2,-1,4,-1,-1],"split_conditions":[3E0,-2.5760679E-2,3E0,7.664339E-4,1.993938E-2],"split_indices":[2,0,1,0,0],"split_type":[0,0,0,0,0],"sum_hessian":[9.6E1,2.7E1,6.9E1,4E1,2.9E1],"tree_param":{"num_deleted":"0","num_feature":"3","num_nodes":"5","size_leaf_vector":"1"}},{"base_weights":[-2.5120357E-2,-1.614475E-2,3.4915276E-2,3.7974707E-5,6.9438936E-3],"categories":[],"categories_nodes":[],"categories_segments":[],"categories_sizes":[],"default_left":[0,0,0,0,0],"id":19,"left_children":[1,-1,3,-1,-1],"loss_changes":[7.504252E-1,0E0,7.628038E-2,0E0,0E0],"parents":[2147483647,0,0,2,2],"right_children":[2,-1,4,-1,-1],"split_conditions":[5.3E0,-1.614475E-2,3E0,3.7974707E-5,6.9438936E-3],"split_indices":[0,0,1,0,0],"split_type":[0,0,0,0,0],"sum_hessian":[9E1,2.7E1,6.3E1,3.2E1,3.1E1],"tree_param":{"num_deleted":"0","num_feature":"3","num_nodes":"5","size_leaf_vector":"1"}},{"base_weights":[9.6201645E-3,-2.0605769E-2,1.0463069E-1,3.7319872E-3,1.7489003E-2],"categories":[],"categories_nodes":[],"categories_segments":[],"categories_sizes":[],"default_left":[0,0,0,0,0],"id":20,"left_children":[1,-1,3,-1,-1],"loss_changes":[2.0092514E0,0E0,3.1505966E-1,0E0,0E0],"parents":[2147483647,0,0,2,2],"right_children":[2,-1,4,-1,-1],"split_conditions":[3E0,-2.0605769E-2,5.1E0,3.7319872E-3,1.7489003E-2],"split_indices":[2,0,2,0,0],"split_type":[0,0,0,0,0],"sum_hessian":[9.6E1,2.9E1,6.7E1,3.5E1,3.2E1],"tree_param":{"num_deleted":"0","num_feature":"3","num_nodes":"5","size_leaf_vector":"1"}},{"base_weights":[4.433414E-3,-1.8583704E-2,8.956296E-2,2.5361725E-3,1.7281419E-2],"categories":[],"categories_nodes":[],"categories_segments":[],"categories_sizes":[],"default_left":[0,0,0,0,0],"id":21,"left_children":[1,-1,3,-1,-1],"loss_changes":[1.5716172E0,0E0,3.5372084E-1,0E0,0E0],"parents":[2147483647,0,0,2,2],"right_children":[2,-1,4,-1,-1],"split_conditions":[1.7E0,-1.8583704E-2,5E0,2.5361725E-3,1.7281419E-2],"split_indices":[2,0,2,0,0],"split_type":[0,0,0,0,0],"sum_hessian":[9.5E1,2.9E1,6.6E1,3.8E1,2.8E1],"tree_param":{"num_deleted":"0","num_feature":"3","num_nodes":"5","size_leaf_vector":"1"}},{"base_weights":[1.2991564E-2,-4.4681612E-2,8.54603E-3,-5.417718E-3,-3.4268529E-3],"categories":[],"categories_nodes":[],"categories_segments":[],"categories_sizes":[],"default_left":[0,0,0,0,0],"id":22,"left_children":[1,3,-1,-1,-1],"loss_changes":[3.9669174E-1,3.3839643E-3,0E0,0E0,0E0],"parents":[2147483647,0,0,1,1],"right_children":[2,4,-1,-1,-1],"split_conditions":[6.2E0,5.5E0,8.54603E-3,-5.417718E-3,-3.4268529E-3],"split_indices":[0,0,0,0,0],"split_type":[0,0,0,0,0],"sum_hessian":[9.3E1,5.2E1,4.1E1,2.5E1,2.7E1],"tree_param":{"num_deleted":"0","num_feature":"3","num_nodes":"5","size_leaf_vector":"1"}},{"base_weights":[-6.8777883E-3,-1.7129902E-2,7.6746926E-2,9.963996E-4,1.5986973E-2],"categories":[],"categories_nodes":[],"categories_segments":[],"categories_sizes":[],"default_left":[0,0,0,0,0],"id":23,"left_children":[1,-1,3,-1,-1],"loss_changes":[1.3056165E0,0E0,3.4813172E-1,0E0,0E0],"parents":[2147483647,0,0,2,2],"right_children":[2,-1,4,-1,-1],"split_conditions":[3E0,-1.7129902E-2,3E0,9.963996E-4,1.5986973E-2],"split_indices":[2,0,1,0,0],"split_type":[0,0,0,0,0],"sum_hessian":[9.3E1,3.1E1,6.2E1,3.5E1,2.7E1],"tree_param":{"num_deleted":"0","num_feature":"3","num_nodes":"5","size_leaf_vector":"1"}},{"base_weights":[8.981818E-3,-8.830095E-3,5.3743374E-2,-2.4820704E-3,1.1021839E-2],"categories":[],"categories_nodes":[],"categories_segments":[],"categories_sizes":[],"default_left":[0,0,0,0,0],"id":24,"left_children":[1,-1,3,-1,-1],"loss_changes":[4.1407117E-1,0E0,2.9113472E-1,0E0,0E0],"parents":[2147483647,0,0,2,2],"right_children":[2,-1,4,-1,-1],"split_conditions":[5.3E0,-8.830095E-3,3E0,-2.4820704E-3,1.1021839E-2],"split_indices":[0,0,1,0,0],"split_type":[0,0,0,0,0],"sum_hessian":[9.3E1,2.9E1,6.4E1,2.7E1,3.7E1],"tree_param":{"num_deleted":"0","num_feature":"3","num_nodes":"5","size_leaf_vector":"1"}},{"base_weights":[-1.4431936E-2,-1.9039838E-2,7.379182E-2,3.3685062E-3,1.0783257E-2],"categories":[],"categories_nodes":[],"categories_segments":[],"categories_sizes":[],"default_left":[0,0,0,0,0],"id":25,"left_children":[1,-1,3,-1,-1],"loss_changes":[1.3957231E0,0E0,7.828349E-2,0E0,0E0],"parents":[2147483647,0,0,2,2],"right_children":[2,-1,4,-1,-1],"split_conditions":[3E0,-1.9039838E-2,4.8E0,3.3685062E-3,1.0783257E-2],"split_indices":[2,0,2,0,0],"split_type":[0,0,0,0,0],"sum_hessian":[8.8E1,2.9E1,5.9E1,2.8E1,3.1E1],"tree_param":{"num_deleted":"0","num_feature":"3","num_nodes":"5","size_leaf_vector":"1"}},{"base_weights":[-9.959792E-3,-1.0105791E-2,2.7458524E-2,-3.2715534E-3,8.169028E-3],"categories":[],"categories_nodes":[],"categories_segments":[],"categories_sizes":[],"default_left":[0,0,0,0,0],"id":26,"left_children":[1,-1,3,-1,-1],"loss_changes":[3.163788E-1,0E0,2.1805327E-1,0E0,0E0],"parents":[2147483647,0,0,2,2],"right_children":[2,-1,4,-1,-1],"split_conditions":[5.3E0,-1.0105791E-2,3E0,-3.2715534E-3,8.169028E-3],"split_indices":[0,0,1,0,0],"split_type":[0,0,0,0,0],"sum_hessian":[9.1E1,2.6E1,6.5E1,3.1E1,3.4E1],"tree_param":{"num_deleted":"0","num_feature":"3","num_nodes":"5","size_leaf_vector":"1"}},{"base_weights":[-1.7259076E-2,-1.22933965E-2,3.1892873E-2,9.596437E-3,-1.65678E-3],"categories":[],"categories_nodes":[],"categories_segments":[],"categories_sizes":[],"default_left":[0,0,0,0,0],"id":27,"left_children":[1,-1,3,-1,-1],"loss_changes":[5.07751E-1,0E0,2.096214E-1,0E0,0E0],"parents":[2147483647,0,0,2,2],"right_children":[2,-1,4,-1,-1],"split_conditions":[1.9E0,-1.22933965E-2,6.1E0,9.596437E-3,-1.65678E-3],"split_indices":[2,0,0,0,0],"split_type":[0,0,0,0,0],"sum_hessian":[9.6E1,3E1,6.6E1,2.8E1,3.8E1],"tree_param":{"num_deleted":"0","num_feature":"3","num_nodes":"5","size_leaf_vector":"1"}},{"base_weights":[1.9617716E-2,-9.416817E-3,1.2855674E-2],"categories":[],"categories_nodes":[],"categories_segments":[],"categories_sizes":[],"default_left":[0,0,0],"id":28,"left_children":[1,-1,-1],"loss_changes":[1.2392825E0,0E0,0E0],"parents":[2147483647,0,0],"right_children":[2,-1,-1],"split_conditions":[4.5E0,-9.416817E-3,1.2855674E-2],"split_indices":[2,0,0],"split_type":[0,0,0],"sum_hessian":[9.8E1,4.8E1,5E1],"tree_param":{"num_deleted":"0","num_feature":"3","num_nodes":"3","size_leaf_vector":"1"}},{"base_weights":[1.9522833E-3,-9.362563E-3,4.2886354E-2,-2.8418502E-4,9.424348E-3],"categories":[],"categories_nodes":[],"categories_segments":[],"categories_sizes":[],"default_left":[0,0,0,0,0],"id":29,"left_children":[1,-1,3,-1,-1],"loss_changes":[3.9134213E-1,0E0,1.6466069E-1,0E0,0E0],"parents":[2147483647,0,0,2,2],"right_children":[2,-1,4,-1,-1],"split_conditions":[1.9E0,-9.362563E-3,3E0,-2.8418502E-4,9.424348E-3],"split_indices":[2,0,1,0,0],"split_type":[0,0,0,0,0],"sum_hessian":[9.8E1,2.9E1,6.9E1,3.7E1,3.2E1],"tree_param":{"num_deleted":"0","num_feature":"3","num_nodes":"5","size_leaf_vector":"1"}},{"base_weights":[2.8060314E-3,-1.1439776E-2,5.2207537E-2,-5.9635153E-5,1.1207182E-2],"categories":[],"categories_nodes":[],"categories_segments":[],"categories_sizes":[],"default_left":[0,0,0,0,0],"id":30,"left_children":[1,-1,3,-1,-1],"loss_changes":[5.2707636E-1,0E0,2.0237514E-1,0E0,0E0],"parents":[2147483647,0,0,2,2],"right_children":[2,-1,4,-1,-1],"split_conditions":[1.7E0,-1.1439776E-2,3E0,-5.9635153E-5,1.1207182E-2],"split_indices":[2,0,1,0,0],"split_type":[0,0,0,0,0],"sum_hessian":[8.9E1,2.6E1,6.3E1,3.4E1,2.9E1],"tree_param":{"num_deleted":"0","num_feature":"3","num_nodes":"5","size_leaf_vector":"1"}},{"base_weights":[2.749305E-3,-1.233163E-2,5.775331E-2,1.2845645E-3,1.120831E-2],"categories":[],"categories_nodes":[],"categories_segments":[],"categories_sizes":[],"default_left":[0,0,0,0,0],"id":31,"left_children":[1,-1,3,-1,-1],"loss_changes":[7.074674E-1,0E0,1.7178772E-1,0E0,0E0],"parents":[2147483647,0,0,2,2],"right_children":[2,-1,4,-1,-1],"split_conditions":[3E0,-1.233163E-2,4.9E0,1.2845645E-3,1.120831E-2],"split_indices":[2,0,2,0,0],"split_type":[0,0,0,0,0],"sum_hessian":[1E2,3E1,7E1,3.9E1,3.1E1],"tree_param":{"num_deleted":"0","num_feature":"3","num_nodes":"5","size_leaf_vector":"1"}},{"base_weights":[2.4991634E-4,-8.951749E-3,3.5647627E-2,1.2907269E-2,-1.7932797E-3],"categories":[],"categories_nodes":[],"categories_segments":[],"categories_sizes":[],"default_left":[0,0,0,0,0],"id":32,"left_children":[1,-1,3,-1,-1],"loss_changes":[3.1459203E-1,0E0,3.577232E-1,0E0,0E0],"parents":[2147483647,0,0,2,2],"right_children":[2,-1,4,-1,-1],"split_conditions":[1.7E0,-8.951749E-3,6E0,1.2907269E-2,-1.7932797E-3],"split_indices":[2,0,0,0,0],"split_type":[0,0,0,0,0],"sum_hessian":[9.7E1,2.7E1,7E1,2.5E1,4.5E1],"tree_param":{"num_deleted":"0","num_feature":"3","num_nodes":"5","size_leaf_vector":"1"}},{"base_weights":[-1.47727765E-2,-4.3474697E-2,6.263497E-3,-2.0650788E-5,-1.2038828E-2],"categories":[],"categories_nodes":[],"categories_segments":[],"categories_sizes":[],"default_left":[0,0,0,0,0],"id":33,"left_children":[1,3,-1,-1,-1],"loss_changes":[2.2934164E-1,2.4956846E-1,0E0,0E0,0E0],"parents":[2147483647,0,0,1,1],"right_children":[2,4,-1,-1,-1],"split_conditions":[5.1E0,5.7E0,6.263497E-3,-2.0650788E-5,-1.2038828E-2],"split_indices":[2,0,0,0,0],"split_type":[0,0,0,0,0],"sum_hessian":[1.01E2,7.4E1,2.7E1,4.8E1,2.6E1],"tree_param":{"num_deleted":"0","num_feature":"3","num_nodes":"5","size_leaf_vector":"1"}},{"base_weights":[-2.813293E-3,-9.61697E-3,2.8746184E-2,1.0871206E-3,4.262707E-3],"categories":[],"categories_nodes":[],"categories_segments":[],"categories_sizes":[],"default_left":[0,0,0,0,0],"id":34,"left_children":[1,-1,3,-1,-1],"loss_changes":[3.03285E-1,0E0,1.8641867E-2,0E0,0E0],"parents":[2147483647,0,0,2,2],"right_children":[2,-1,4,-1,-1],"split_conditions":[1.6E0,-9.61697E-3,4.8E0,1.0871206E-3,4.262707E-3],"split_indices":[2,0,2,0,0],"split_type":[0,0,0,0,0],"sum_hessian":[1.01E2,2.5E1,7.6E1,3.4E1,4.2E1],"tree_param":{"num_deleted":"0","num_feature":"3","num_nodes":"5","size_leaf_vector":"1"}},{"base_weights":[-1.2990832E-4,-2.9320372E-3,1.4685102E-2,-1.8518927E-3,4.21078E-3],"categories":[],"categories_nodes":[],"categories_segments":[],"categories_sizes":[],"default_left":[0,0,0,0,0],"id":35,"left_children":[1,-1,3,-1,-1],"loss_changes":[4.3676276E-2,0E0,6.1786246E-2,0E0,0E0],"parents":[2147483647,0,0,2,2],"right_children":[2,-1,4,-1,-1],"split_conditions":[5.5E0,-2.9320372E-3,3E0,-1.8518927E-3,4.21078E-3],"split_indices":[0,0,1,0,0],"split_type":[0,0,0,0,0],"sum_hessian":[9.9E1,3.3E1,6.6E1,3E1,3.6E1],"tree_param":{"num_deleted":"0","num_feature":"3","num_nodes":"5","size_leaf_vector":"1"}},{"base_weights":[9.238241E-3,-8.588169E-3,6.155892E-2,1.9634375E-3,1.0280642E-2],"categories":[],"categories_nodes":[],"categories_segments":[],"categories_sizes":[],"default_left":[0,0,0,0,0],"id":36,"left_children":[1,-1,3,-1,-1],"loss_changes":[4.4821656E-1,0E0,9.827985E-2,0E0,0E0],"parents":[2147483647,0,0,2,2],"right_children":[2,-1,4,-1,-1],"split_conditions":[3E0,-8.588169E-3,5E0,1.9634375E-3,1.0280642E-2],"split_indices":[2,0,2,0,0],"split_type":[0,0,0,0,0],"sum_hessian":[8.8E1,3.1E1,5.7E1,2.9E1,2.8E1],"tree_param":{"num_deleted":"0","num_feature":"3","num_nodes":"5","size_leaf_vector":"1"}},{"base_weights":[4.4286175E-5,-3.703365E-2,1.002904E-2,9.17672E-4,-1.0357441E-2],"categories":[],"categories_nodes":[],"categories_segments":[],"categories_sizes":[],"default_left":[0,0,0,0,0],"id":37,"left_children":[1,3,-1,-1,-1],"loss_changes":[3.716891E-1,2.2541618E-1,0E0,0E0,0E0],"parents":[2147483647,0,0,1,1],"right_children":[2,4,-1,-1,-1],"split_conditions":[5.1E0,5.7E0,1.002904E-2,9.17672E-4,-1.0357441E-2],"split_indices":[2,0,0,0,0],"split_type":[0,0,0,0,0],"sum_hessian":[9.8E1,7.2E1,2.6E1,4.3E1,2.9E1],"tree_param":{"num_deleted":"0","num_feature":"3","num_nodes":"5","size_leaf_vector":"1"}},{"base_weights":[-5.7511292E-3,-7.32715E-3,2.3688901E-2,1.2482755E-2,-3.661323E-3],"categories":[],"categories_nodes":[],"categories_segments":[],"categories_sizes":[],"default_left":[0,0,0,0,0],"id":38,"left_children":[1,-1,3,-1,-1],"loss_changes":[1.9654028E-1,0E0,4.253928E-1,0E0,0E0],"parents":[2147483647,0,0,2,2],"right_children":[2,-1,4,-1,-1],"split_conditions":[3E0,-7.32715E-3,6.1E0,1.2482755E-2,-3.661323E-3],"split_indices":[2,0,0,0,0],"split_type":[0,0,0,0,0],"sum_hessian":[9.7E1,2.9E1,6.8E1,2.5E1,4.3E1],"tree_param":{"num_deleted":"0","num_feature":"3","num_nodes":"5","size_leaf_vector":"1"}},{"base_weights":[-2.1552732E-3,-1.6651863E-2,2.2978159E-3,2.3510351E-3,-6.295271E-3],"categories":[],"categories_nodes":[],"categories_segments":[],"categories_sizes":[],"default_left":[0,0,0,0,0],"id":39,"left_children":[1,3,-1,-1,-1],"loss_changes":[3.6817536E-2,1.2049089E-1,0E0,0E0,0E0],"parents":[2147483647,0,0,1,1],"right_children":[2,4,-1,-1,-1],"split_conditions":[6.2E0,3.1E0,2.2978159E-3,2.3510351E-3,-6.295271E-3],"split_indices":[0,1,0,0,0],"split_type":[0,0,0,0,0],"sum_hessian":[9.9E1,6.3E1,3.6E1,3.4E1,2.9E1],"tree_param":{"num_deleted":"0","num_feature":"3","num_nodes":"5","size_leaf_vector":"1"}},{"base_weights":[1.0676088E-2,-4.173735E-3,6.2857433E-3],"categories":[],"categories_nodes":[],"categories_segments":[],"categories_sizes":[],"default_left":[0,0,0],"id":40,"left_children":[1,-1,-1],"loss_changes":[2.5150886E-1,0E0,0E0],"parents":[2147483647,0,0],"right_children":[2,-1,-1],"split_conditions":[4.5E0,-4.173735E-3,6.2857433E-3],"split_indices":[2,0,0],"split_type":[0,0,0],"sum_hessian":[9E1,4.5E1,4.5E1],"tree_param":{"num_deleted":"0","num_feature":"3","num_nodes":"3","size_leaf_vector":"1"}},{"base_weights":[-4.3608965E-3,-2.0538757E-2,2.362211E-3,3.2000346E-4,-5.1429784E-3],"categories":[],"categories_nodes":[],"categories_segments":[],"categories_sizes":[],"default_left":[0,0,0,0,0],"id":41,"left_children":[1,3,-1,-1,-1],"loss_changes":[4.439757E-2,4.5630146E-2,0E0,0E0,0E0],"parents":[2147483647,0,0,1,1],"right_children":[2,4,-1,-1,-1],"split_conditions":[3.2E0,4.9E0,2.362211E-3,3.2000346E-4,-5.1429784E-3],"split_indices":[1,2,0,0,0],"split_type":[0,0,0,0,0],"sum_hessian":[9.6E1,6.1E1,3.5E1,3.5E1,2.6E1],"tree_param":{"num_deleted":"0","num_feature":"3","num_nodes":"5","size_leaf_vector":"1"}},{"base_weights":[4.7146454E-3,-3.0896E-2,5.755318E-3,3.7117996E-3,-8.354655E-3],"categories":[],"categories_nodes":[],"categories_segments":[],"categories_sizes":[],"default_left":[0,0,0,0,0],"id":42,"left_children":[1,3,-1,-1,-1],"loss_changes":[1.8241313E-1,2.1079755E-1,0E0,0E0,0E0],"parents":[2147483647,0,0,1,1],"right_children":[2,4,-1,-1,-1],"split_conditions":[3.2E0,6E0,5.755318E-3,3.7117996E-3,-8.354655E-3],"split_indices":[1,0,0,0,0],"split_type":[0,0,0,0,0],"sum_hessian":[9.5E1,5.7E1,3.8E1,2.5E1,3.2E1],"tree_param":{"num_deleted":"0","num_feature":"3","num_nodes":"5","size_leaf_vector":"1"}},{"base_weights":[1.9290276E-2,-4.7372333E-3,6.0768686E-2,9.180542E-3,3.1712526E-3],"categories":[],"categories_nodes":[],"categories_segments":[],"categories_sizes":[],"default_left":[0,0,0,0,0],"id":43,"left_children":[1,-1,3,-1,-1],"loss_changes":[2.6555938E-1,0E0,5.0295323E-2,0E0,0E0],"parents":[2147483647,0,0,2,2],"right_children":[2,-1,4,-1,-1],"split_conditions":[4E0,-4.7372333E-3,6.4E0,9.180542E-3,3.1712526E-3],"split_indices":[2,0,0,0,0],"split_type":[0,0,0,0,0],"sum_hessian":[9.4E1,3.6E1,5.8E1,2.7E1,3.1E1],"tree_param":{"num_deleted":"0","num_feature":"3","num_nodes":"5","size_leaf_vector":"1"}},{"base_weights":[-6.6345446E-3,-3.9768584E-2,5.1057893E-3,-1.2782458E-3,-6.3730814E-3],"categories":[],"categories_nodes":[],"categories_segments":[],"categories_sizes":[],"default_left":[0,0,0,0,0],"id":44,"left_children":[1,3,-1,-1,-1],"loss_changes":[1.778962E-1,3.733758E-2,0E0,0E0,0E0],"parents":[2147483647,0,0,1,1],"right_children":[2,4,-1,-1,-1],"split_conditions":[4.8E0,3.1E0,5.1057893E-3,-1.2782458E-3,-6.3730814E-3],"split_indices":[2,1,0,0,0],"split_type":[0,0,0,0,0],"sum_hessian":[9.1E1,5.8E1,3.3E1,2.8E1,3E1],"tree_param":{"num_deleted":"0","num_feature":"3","num_nodes":"5","size_leaf_vector":"1"}},{"base_weights":[-1.2684583E-2,-3.8596183E-2,4.1964226E-3,1.3183965E-3,-9.915326E-3],"categories":[],"categories_nodes":[],"categories_segments":[],"categories_sizes":[],"default_left":[0,0,0,0,0],"id":45,"left_children":[1,3,-1,-1,-1],"loss_changes":[1.4039138E-1,2.1139605E-1,0E0,0E0,0E0],"parents":[2147483647,0,0,1,1],"right_children":[2,4,-1,-1,-1],"split_conditions":[5.1E0,5.6E0,4.1964226E-3,1.3183965E-3,-9.915326E-3],"split_indices":[2,0,0,0,0],"split_type":[0,0,0,0,0],"sum_hessian":[9.7E1,6.6E1,3.1E1,3.6E1,3E1],"tree_param":{"num_deleted":"0","num_feature":"3","num_nodes":"5","size_leaf_vector":"1"}},{"base_weights":[2.908551E-2,6.048793E-3,-4.5047753E-4],"categories":[],"categories_nodes":[],"categories_segments":[],"categories_sizes":[],"default_left":[0,0,0],"id":46,"left_children":[1,-1,-1],"loss_changes":[8.993186E-2,0E0,0E0],"parents":[2147483647,0,0],"right_children":[2,-1,-1],"split_conditions":[5.9E0,6.048793E-3,-4.5047753E-4],"split_indices":[0,0,0],"split_type":[0,0,0],"sum_hessian":[8.4E1,4.3E1,4.1E1],"tree_param":{"num_deleted":"0","num_feature":"3","num_nodes":"3","size_leaf_vector":"1"}},{"base_weights":[4.819796E-3,-2.0132339E-2,7.593947E-3,2.715567E-3,-9.575388E-3],"categories":[],"categories_nodes":[],"categories_segments":[],"categories_sizes":[],"default_left":[0,0,0,0,0],"id":47,"left_children":[1,3,-1,-1,-1],"loss_changes":[1.9140972E-1,2.8867966E-1,0E0,0E0,0E0],"parents":[2147483647,0,0,1,1],"right_children":[2,4,-1,-1,-1],"split_conditions":[5.1E0,5.7E0,7.593947E-3,2.715567E-3,-9.575388E-3],"split_indices":[2,0,0,0,0],"split_type":[0,0,0,0,0],"sum_hessian":[1.06E2,7.9E1,2.7E1,4.9E1,3E1],"tree_param":{"num_deleted":"0","num_feature":"3","num_nodes":"5","size_leaf_vector":"1"}},{"base_weights":[-3.596114E-3,-4.5636003E-3,1.6449016E-2,5.569601E-3,-2.5962747E-3],"categories":[],"categories_nodes":[],"categories_segments":[],"categories_sizes":[],"default_left":[0,0,0,0,0],"id":48,"left_children":[1,-1,3,-1,-1],"loss_changes":[7.575052E-2,0E0,1.0298261E-1,0E0,0E0],"parents":[2147483647,0,0,2,2],"right_children":[2,-1,4,-1,-1],"split_conditions":[1.7E0,-4.5636003E-3,5E0,5.569601E-3,-2.5962747E-3],"split_indices":[2,0,2,0,0],"split_type":[0,0,0,0,0],"sum_hessian":[8.8E1,2.8E1,6E1,3.1E1,2.9E1],"tree_param":{"num_deleted":"0","num_feature":"3","num_nodes":"5","size_leaf_vector":"1"}},{"base_weights":[1.0977993E-2,-3.2972842E-3,4.7956046E-2,3.3030675E-3,6.1611007E-3],"categories":[],"categories_nodes":[],"categories_segments":[],"categories_sizes":[],"default_left":[0,0,0,0,0],"id":49,"left_children":[1,-1,3,-1,-1],"loss_changes":[1.559768E-1,0E0,8.562826E-3,0E0,0E0],"parents":[2147483647,0,0,2,2],"right_children":[2,-1,4,-1,-1],"split_conditions":[4.5E0,-3.2972842E-3,5.2E0,3.3030675E-3,6.1611007E-3],"split_indices":[2,0,2,0,0],"split_type":[0,0,0,0,0],"sum_hessian":[9.4E1,4.3E1,5.1E1,2.6E1,2.5E1],"tree_param":{"num_deleted":"0","num_feature":"3","num_nodes":"5","size_leaf_vector":"1"}},{"base_weights":[-1.9722106E-2,-4.116779E-2,3.3119794E-3,6.173227E-4,-8.493382E-3],"categories":[],"categories_nodes":[],"categories_segments":[],"categories_sizes":[],"default_left":[0,0,0,0,0],"id":50,"left_children":[1,3,-1,-1,-1],"loss_changes":[1.1695299E-1,1.5177508E-1,0E0,0E0,0E0],"parents":[2147483647,0,0,1,1],"right_children":[2,4,-1,-1,-1],"split_conditions":[3.3E0,2.9E0,3.3119794E-3,6.173227E-4,-8.493382E-3],"split_indices":[1,1,0,0,0],"split_type":[0,0,0,0,0],"sum_hessian":[1.01E2,7.2E1,2.9E1,3.5E1,3.7E1],"tree_param":{"num_deleted":"0","num_feature":"3","num_nodes":"5","size_leaf_vector":"1"}},{"base_weights":[3.3358466E-3,-4.7110897E-3,2.4058977E-2,8.818842E-3,-2.889027E-3],"categories":[],"categories_nodes":[],"categories_segments":[],"categories_sizes":[],"default_left":[0,0,0,0,0],"id":51,"left_children":[1,-1,3,-1,-1],"loss_changes":[1.0044782E-1,0E0,2.3344895E-1,0E0,0E0],"parents":[2147483647,0,0,2,2],"right_children":[2,-1,4,-1,-1],"split_conditions":[1.7E0,-4.7110897E-3,6.1E0,8.818842E-3,-2.889027E-3],"split_indices":[2,0,0,0,0],"split_type":[0,0,0,0,0],"sum_hessian":[9.4E1,2.7E1,6.7E1,3E1,3.7E1],"tree_param":{"num_deleted":"0","num_feature":"3","num_nodes":"5","size_leaf_vector":"1"}},{"base_weights":[-1.8640999E-2,2.3528384E-3,-5.153145E-3],"categories":[],"categories_nodes":[],"categories_segments":[],"categories_sizes":[],"default_left":[0,0,0],"id":52,"left_children":[1,-1,-1],"loss_changes":[1.288137E-1,0E0,0E0],"parents":[2147483647,0,0],"right_children":[2,-1,-1],"split_conditions":[5.7E0,2.3528384E-3,-5.153145E-3],"split_indices":[0,0,0],"split_type":[0,0,0],"sum_hessian":[9.1E1,4E1,5.1E1],"tree_param":{"num_deleted":"0","num_feature":"3","num_nodes":"3","size_leaf_vector":"1"}},{"base_weights":[2.8691057E-2,-1.40682245E-2,9.094971E-3,2.1025257E-3,-4.5183417E-3],"categories":[],"categories_nodes":[],"categories_segments":[],"categories_sizes":[],"default_left":[0,0,0,0,0],"id":53,"left_children":[1,3,-1,-1,-1],"loss_changes":[2.488581E-1,6.2098652E-2,0E0,0E0,0E0],"parents":[2147483647,0,0,1,1],"right_children":[2,4,-1,-1,-1],"split_conditions":[4.8E0,5.2E0,9.094971E-3,2.1025257E-3,-4.5183417E-3],"split_indices":[2,0,0,0,0],"split_type":[0,0,0,0,0],"sum_hessian":[9.2E1,5.5E1,3.7E1,2.6E1,2.9E1],"tree_param":{"num_deleted":"0","num_feature":"3","num_nodes":"5","size_leaf_vector":"1"}},{"base_weights":[2.2816882E-3,-4.600776E-3,2.5311248E-2,1.1052056E-3,4.151379E-3],"categories":[],"categories_nodes":[],"categories_segments":[],"categories_sizes":[],"default_left":[0,0,0,0,0],"id":54,"left_children":[1,-1,3,-1,-1],"loss_changes":[1.1014881E-1,0E0,1.5020542E-2,0E0,0E0],"parents":[2147483647,0,0,2,2],"right_children":[2,-1,4,-1,-1],"split_conditions":[3E0,-4.600776E-3,3E0,1.1052056E-3,4.151379E-3],"split_indices":[2,0,1,0,0],"split_type":[0,0,0,0,0],"sum_hessian":[9.7E1,3.1E1,6.6E1,3.6E1,3E1],"tree_param":{"num_deleted":"0","num_feature":"3","num_nodes":"5","size_leaf_vector":"1"}},{"base_weights":[4.4876584E-3,2.880857E-2,-3.7132946E-3,-2.2905043E-3,7.458833E-3],"categories":[],"categories_nodes":[],"categories_segments":[],"categories_sizes":[],"default_left":[0,0,0,0,0],"id":55,"left_children":[1,3,-1,-1,-1],"loss_changes":[9.318458E-2,1.3901979E-1,0E0,0E0,0E0],"parents":[2147483647,0,0,1,1],"right_children":[2,4,-1,-1,-1],"split_conditions":[6.3E0,3E0,-3.7132946E-3,-2.2905043E-3,7.458833E-3],"split_indices":[0,2,0,0,0],"split_type":[0,0,0,0,0],"sum_hessian":[9E1,5.7E1,3.3E1,2.7E1,3E1],"tree_param":{"num_deleted":"0","num_feature":"3","num_nodes":"5","size_leaf_vector":"1"}},{"base_weights":[2.501159E-4,-2.9040854E-2,6.077645E-3,-4.7893324E-3,-1.5008285E-3],"categories":[],"categories_nodes":[],"categories_segments":[],"categories_sizes":[],"default_left":[0,0,0,0,0],"id":56,"left_children":[1,3,-1,-1,-1],"loss_changes":[1.6309664E-1,1.5683211E-2,0E0,0E0,0E0],"parents":[2147483647,0,0,1,1],"right_children":[2,4,-1,-1,-1],"split_conditions":[3.3E0,4.5E0,6.077645E-3,-4.7893324E-3,-1.5008285E-3],"split_indices":[1,2,0,0,0],"split_type":[0,0,0,0,0],"sum_hessian":[9E1,6.1E1,2.9E1,2.5E1,3.6E1],"tree_param":{"num_deleted":"0","num_feature":"3","num_nodes":"5","size_leaf_vector":"1"}},{"base_weights":[6.1903166E-4,-3.238558E-2,6.770777E-3,4.355727E-3,-9.397424E-3],"categories":[],"categories_nodes":[],"categories_segments":[],"categories_sizes":[],"default_left":[0,0,0,0,0],"id":57,"left_children":[1,3,-1,-1,-1],"loss_changes":[2.0147416E-1,2.894036E-1,0E0,0E0,0E0],"parents":[2147483647,0,0,1,1],"right_children":[2,4,-1,-1,-1],"split_conditions":[3.2E0,5.9E0,6.770777E-3,4.355727E-3,-9.397424E-3],"split_indices":[1,0,0,0,0],"split_type":[0,0,0,0,0],"sum_hessian":[8.9E1,6E1,2.9E1,2.7E1,3.3E1],"tree_param":{"num_deleted":"0","num_feature":"3","num_nodes":"5","size_leaf_vector":"1"}},{"base_weights":[1.4108027E-2,-2.447579E-2,1.1504666E-2,5.009559E-4,-4.268293E-3],"categories":[],"categories_nodes":[],"categories_segments":[],"categories_sizes":[],"default_left":[0,0,0,0,0],"id":58,"left_children":[1,3,-1,-1,-1],"loss_changes":[3.8059184E-1,3.832973E-2,0E0,0E0,0E0],"parents":[2147483647,0,0,1,1],"right_children":[2,4,-1,-1,-1],"split_conditions":[5.2E0,3E0,1.1504666E-2,5.009559E-4,-4.268293E-3],"split_indices":[2,1,0,0,0],"split_type":[0,0,0,0,0],"sum_hessian":[9.6E1,7E1,2.6E1,2.7E1,4.3E1],"tree_param":{"num_deleted":"0","num_feature":"3","num_nodes":"5","size_leaf_vector":"1"}},{"base_weights":[-1.6278641E-2,2.619315E-3,-4.7841795E-2,-8.044029E-3,-1.4717671E-3],"categories":[],"categories_nodes":[],"categories_segments":[],"categories_sizes":[],"default_left":[0,0,0,0,0],"id":59,"left_children":[1,-1,3,-1,-1],"loss_changes":[1.3128586E-1,0E0,5.9284702E-2,0E0,0E0],"parents":[2147483647,0,0,2,2],"right_children":[2,-1,4,-1,-1],"split_conditions":[5.7E0,2.619315E-3,5E0,-8.044029E-3,-1.4717671E-3],"split_indices":[0,0,2,0,0],"split_type":[0,0,0,0,0],"sum_hessian":[9.6E1,4.1E1,5.5E1,2.7E1,2.8E1],"tree_param":{"num_deleted":"0","num_feature":"3","num_nodes":"5","size_leaf_vector":"1"}},{"base_weights":[1.4618911E-2,-3.6469295E-3,4.0770836E-2,2.7976183E-3,5.1091905E-3],"categories":[],"categories_nodes":[],"categories_segments":[],"categories_sizes":[],"default_left":[0,0,0,0,0],"id":60,"left_children":[1,-1,3,-1,-1],"loss_changes":[1.2173181E-1,0E0,6.4939186E-3,0E0,0E0],"parents":[2147483647,0,0,2,2],"right_children":[2,-1,4,-1,-1],"split_conditions":[1.9E0,-3.6469295E-3,4.9E0,2.7976183E-3,5.1091905E-3],"split_indices":[2,0,2,0,0],"split_type":[0,0,0,0,0],"sum_hessian":[8.9E1,3E1,5.9E1,2.8E1,3.1E1],"tree_param":{"num_deleted":"0","num_feature":"3","num_nodes":"5","size_leaf_vector":"1"}},{"base_weights":[-1.5090091E-2,1.8500164E-3,-3.799561E-2,-5.3539206E-3,-1.6805831E-3],"categories":[],"categories_nodes":[],"categories_segments":[],"categories_sizes":[],"default_left":[0,0,0,0,0],"id":61,"left_children":[1,-1,3,-1,-1],"loss_changes":[7.5334944E-2,0E0,1.8203415E-2,0E0,0E0],"parents":[2147483647,0,0,2,2],"right_children":[2,-1,4,-1,-1],"split_conditions":[3E0,1.8500164E-3,6E0,-5.3539206E-3,-1.6805831E-3],"split_indices":[1,0,0,0,0],"split_type":[0,0,0,0,0],"sum_hessian":[9.6E1,3.9E1,5.7E1,3.2E1,2.5E1],"tree_param":{"num_deleted":"0","num_feature":"3","num_nodes":"5","size_leaf_vector":"1"}},{"base_weights":[-1.0518139E-2,-4.252957E-2,4.509307E-3,-3.1425804E-3,-5.2907555E-3],"categories":[],"categories_nodes":[],"categories_segments":[],"categories_sizes":[],"default_left":[0,0,0,0,0],"id":62,"left_children":[1,3,-1,-1,-1],"loss_changes":[1.6035509E-1,4.9057156E-3,0E0,0E0,0E0],"parents":[2147483647,0,0,1,1],"right_children":[2,4,-1,-1,-1],"split_conditions":[5E0,3.1E0,4.509307E-3,-3.1425804E-3,-5.2907555E-3],"split_indices":[2,1,0,0,0],"split_type":[0,0,0,0,0],"sum_hessian":[8.8E1,5.6E1,3.2E1,2.9E1,2.7E1],"tree_param":{"num_deleted":"0","num_feature":"3","num_nodes":"5","size_leaf_vector":"1"}},{"base_weights":[1.2132968E-2,-7.8286305E-3,5.228642E-3,4.189409E-3,-4.280742E-3],"categories":[],"categories_nodes":[],"categories_segments":[],"categories_sizes":[],"default_left":[0,0,0,0,0],"id":63,"left_children":[1,3,-1,-1,-1],"loss_changes":[8.2165085E-2,1.21800974E-1,0E0,0E0,0E0],"parents":[2147483647,0,0,1,1],"right_children":[2,4,-1,-1,-1],"split_conditions":[3.2E0,5.8E0,5.228642E-3,4.189409E-3,-4.280742E-3],"split_indices":[1,0,0,0,0],"split_type":[0,0,0,0,0],"sum_hessian":[1.01E2,6.8E1,3.3E1,2.8E1,4E1],"tree_param":{"num_deleted":"0","num_feature":"3","num_nodes":"5","size_leaf_vector":"1"}},{"base_weights":[5.971987E-3,2.915792E-3,-1.3950028E-2,-5.4560397E-3,2.434066E-3],"categories":[],"categories_nodes":[],"categories_segments":[],"categories_sizes":[],"default_left":[0,0,0,0,0],"id":64,"left_children":[1,-1,3,-1,-1],"loss_changes":[4.7059715E-2,0E0,8.685298E-2,0E0,0E0],"parents":[2147483647,0,0,2,2],"right_children":[2,-1,4,-1,-1],"split_conditions":[5.7E0,2.915792E-3,6.4E0,-5.4560397E-3,2.434066E-3],"split_indices":[0,0,0,0,0],"split_type":[0,0,0,0,0],"sum_hessian":[1E2,4.6E1,5.4E1,2.6E1,2.8E1],"tree_param":{"num_deleted":"0","num_feature":"3","num_nodes":"5","size_leaf_vector":"1"}},{"base_weights":[1.4105925E-2,-1.9887781E-3,5.9662126E-3],"categories":[],"categories_nodes":[],"categories_segments":[],"categories_sizes":[],"default_left":[0,0,0],"id":65,"left_children":[1,-1,-1],"loss_changes":[1.3436823E-1,0E0,0E0],"parents":[2147483647,0,0],"right_children":[2,-1,-1],"split_conditions":[6.1E0,-1.9887781E-3,5.9662126E-3],"split_indices":[0,0,0],"split_type":[0,0,0],"sum_hessian":[8.5E1,4.9E1,3.6E1],"tree_param":{"num_deleted":"0","num_feature":"3","num_nodes":"3","size_leaf_vector":"1"}},{"base_weights":[-1.8145682E-2,-3.869496E-2,3.5041198E-3,1.2140985E-3,-7.166428E-3],"categories":[],"categories_nodes":[],"categories_segments":[],"categories_sizes":[],"default_left":[0,0,0,0,0],"id":66,"left_children":[1,3,-1,-1,-1],"loss_changes":[1.0518634E-1,1.1651591E-1,0E0,0E0,0E0],"parents":[2147483647,0,0,1,1],"right_children":[2,4,-1,-1,-1],"split_conditions":[5.1E0,5.2E0,3.5041198E-3,1.2140985E-3,-7.166428E-3],"split_indices":[2,0,0,0,0],"split_type":[0,0,0,0,0],"sum_hessian":[9.4E1,6.8E1,2.6E1,2.7E1,4.1E1],"tree_param":{"num_deleted":"0","num_feature":"3","num_nodes":"5","size_leaf_vector":"1"}},{"base_weights":[4.4983337E-3,-2.558491E-3,1.970731E-2,3.6047536E-3,8.008539E-4],"categories":[],"categories_nodes":[],"categories_segments":[],"categories_sizes":[],"default_left":[0,0,0,0,0],"id":67,"left_children":[1,-1,3,-1,-1],"loss_changes":[4.3512523E-2,0E0,1.1754427E-2,0E0,0E0],"parents":[2147483647,0,0,2,2],"right_children":[2,-1,4,-1,-1],"split_conditions":[3E0,-2.558491E-3,4.6E0,3.6047536E-3,8.008539E-4],"split_indices":[2,0,2,0,0],"split_type":[0,0,0,0,0],"sum_hessian":[9.3E1,3.1E1,6.2E1,2.5E1,3.7E1],"tree_param":{"num_deleted":"0","num_feature":"3","num_nodes":"5","size_leaf_vector":"1"}},{"base_weights":[1.0424959E-2,-3.6705544E-3,3.168996E-2,3.4937818E-4,6.153922E-3],"categories":[],"categories_nodes":[],"categories_segments":[],"categories_sizes":[],"default_left":[0,0,0,0,0],"id":68,"left_children":[1,-1,3,-1,-1],"loss_changes":[9.637506E-2,0E0,5.5332914E-2,0E0,0E0],"parents":[2147483647,0,0,2,2],"right_children":[2,-1,4,-1,-1],"split_conditions":[3E0,-3.6705544E-3,3E0,3.4937818E-4,6.153922E-3],"split_indices":[2,0,1,0,0],"split_type":[0,0,0,0,0],"sum_hessian":[9.4E1,2.9E1,6.5E1,3.4E1,3.1E1],"tree_param":{"num_deleted":"0","num_feature":"3","num_nodes":"5","size_leaf_vector":"1"}},{"base_weights":[5.8853133E-3,-1.8485822E-3,1.9315846E-2,4.1513285E-3,-6.185752E-4],"categories":[],"categories_nodes":[],"categories_segments":[],"categories_sizes":[],"default_left":[0,0,0,0,0],"id":69,"left_children":[1,-1,3,-1,-1],"loss_changes":[2.7524406E-2,0E0,3.0824576E-2,0E0,0E0],"parents":[2147483647,0,0,2,2],"right_children":[2,-1,4,-1,-1],"split_conditions":[3E0,-1.8485822E-3,4.9E0,4.1513285E-3,-6.185752E-4],"split_indices":[2,0,2,0,0],"split_type":[0,0,0,0,0],"sum_hessian":[8.2E1,2.9E1,5.3E1,2.8E1,2.5E1],"tree_param":{"num_deleted":"0","num_feature":"3","num_nodes":"5","size_leaf_vector":"1"}},{"base_weights":[-2.898431E-3,-3.6235508E-3,3.1262178E-3],"categories":[],"categories_nodes":[],"categories_segments":[],"categories_sizes":[],"default_left":[0,0,0],"id":70,"left_children":[1,-1,-1],"loss_changes":[1.0134852E-1,0E0,0E0],"parents":[2147483647,0,0],"right_children":[2,-1,-1],"split_conditions":[4.5E0,-3.6235508E-3,3.1262178E-3],"split_indices":[2,0,0],"split_type":[0,0,0],"sum_hessian":[8.7E1,4.4E1,4.3E1],"tree_param":{"num_deleted":"0","num_feature":"3","num_nodes":"3","size_leaf_vector":"1"}},{"base_weights":[5.485634E-3,2.253889E-3,-1.1675184E-2,-2.3844924E-3,9.436011E-5],"categories":[],"categories_nodes":[],"categories_segments":[],"categories_sizes":[],"default_left":[0,0,0,0,0],"id":71,"left_children":[1,-1,3,-1,-1],"loss_changes":[2.9820574E-2,0E0,7.854434E-3,0E0,0E0],"parents":[2147483647,0,0,2,2],"right_children":[2,-1,4,-1,-1],"split_conditions":[5.8E0,2.253889E-3,5.4E0,-2.3844924E-3,9.436011E-5],"split_indices":[0,0,2,0,0],"split_type":[0,0,0,0,0],"sum_hessian":[1E2,5E1,5E1,2.5E1,2.5E1],"tree_param":{"num_deleted":"0","num_feature":"3","num_nodes":"5","size_leaf_vector":"1"}},{"base_weights":[-4.5845807E-3,-4.268543E-2,5.805745E-3,2.6176914E-3,-8.749916E-3],"categories":[],"categories_nodes":[],"categories_segments":[],"categories_sizes":[],"default_left":[0,0,0,0,0],"id":72,"left_children":[1,3,-1,-1,-1],"loss_changes":[2.4592309E-1,1.997931E-1,0E0,0E0,0E0],"parents":[2147483647,0,0,1,1],"right_children":[2,4,-1,-1,-1],"split_conditions":[3.2E0,5.9E0,5.805745E-3,2.6176914E-3,-8.749916E-3],"split_indices":[1,0,0,0,0],"split_type":[0,0,0,0,0],"sum_hessian":[1.01E2,6.3E1,3.8E1,2.5E1,3.8E1],"tree_param":{"num_deleted":"0","num_feature":"3","num_nodes":"5","size_leaf_vector":"1"}},{"base_weights":[-8.605624E-3,-3.1712595E-2,3.7905064E-3,-2.3676427E-3,-3.947719E-3],"categories":[],"categories_nodes":[],"categories_segments":[],"categories_sizes":[],"default_left":[0,0,0,0,0],"id":73,"left_children":[1,3,-1,-1,-1],"loss_changes":[9.362807E-2,2.6843846E-3,0E0,0E0,0E0],"parents":[2147483647,0,0,1,1],"right_children":[2,4,-1,-1,-1],"split_conditions":[5.1E0,3.1E0,3.7905064E-3,-2.3676427E-3,-3.947719E-3],"split_indices":[2,1,0,0,0],"split_type":[0,0,0,0,0],"sum_hessian":[8.5E1,5.7E1,2.8E1,3E1,2.7E1],"tree_param":{"num_deleted":"0","num_feature":"3","num_nodes":"5","size_leaf_vector":"1"}},{"base_weights":[1.0792094E-2,-1.2978368E-2,5.7995766E-3,1.8420266E-3,-5.6688357E-3],"categories":[],"categories_nodes":[],"categories_segments":[],"categories_sizes":[],"default_left":[0,0,0,0,0],"id":74,"left_children":[1,3,-1,-1,-1],"loss_changes":[1.0734774E-1,8.887999E-2,0E0,0E0,0E0],"parents":[2147483647,0,0,1,1],"right_children":[2,4,-1,-1,-1],"split_conditions":[3.3E0,6.3E0,5.7995766E-3,1.8420266E-3,-5.6688357E-3],"split_indices":[1,0,0,0,0],"split_type":[0,0,0,0,0],"sum_hessian":[9.4E1,6.3E1,3.1E1,3.7E1,2.6E1],"tree_param":{"num_deleted":"0","num_feature":"3","num_nodes":"5","size_leaf_vector":"1"}},{"base_weights":[-3.121719E-2,1.9697528E-3,-6.842608E-2,-1.2538204E-2,-2.147818E-3],"categories":[],"categories_nodes":[],"categories_segments":[],"categories_sizes":[],"default_left":[0,0,0,0,0],"id":75,"left_children":[1,-1,3,-1,-1],"loss_changes":[1.9079587E-1,0E0,1.5239683E-1,0E0,0E0],"parents":[2147483647,0,0,2,2],"right_children":[2,-1,4,-1,-1],"split_conditions":[5.7E0,1.9697528E-3,3E0,-1.2538204E-2,-2.147818E-3],"split_indices":[0,0,1,0,0],"split_type":[0,0,0,0,0],"sum_hessian":[9.9E1,4.2E1,5.7E1,2.5E1,3.2E1],"tree_param":{"num_deleted":"0","num_feature":"3","num_nodes":"5","size_leaf_vector":"1"}},{"base_weights":[-7.1516824E-3,-2.0687284E-2,1.8840323E-3,-7.175313E-4,-3.643572E-3],"categories":[],"categories_nodes":[],"categories_segments":[],"categories_sizes":[],"default_left":[0,0,0,0,0],"id":76,"left_children":[1,3,-1,-1,-1],"loss_changes":[3.1701505E-2,1.2293313E-2,0E0,0E0,0E0],"parents":[2147483647,0,0,1,1],"right_children":[2,4,-1,-1,-1],"split_conditions":[4.9E0,3.7E0,1.8840323E-3,-7.175313E-4,-3.643572E-3],"split_indices":[2,2,0,0,0],"split_type":[0,0,0,0,0],"sum_hessian":[8.8E1,5.8E1,3E1,3.2E1,2.6E1],"tree_param":{"num_deleted":"0","num_feature":"3","num_nodes":"5","size_leaf_vector":"1"}},{"base_weights":[1.7584704E-2,-2.4004963E-3,5.882268E-3],"categories":[],"categories_nodes":[],"categories_segments":[],"categories_sizes":[],"default_left":[0,0,0],"id":77,"left_children":[1,-1,-1],"loss_changes":[1.7120431E-1,0E0,0E0],"parents":[2147483647,0,0],"right_children":[2,-1,-1],"split_conditions":[4.5E0,-2.4004963E-3,5.882268E-3],"split_indices":[2,0,0],"split_type":[0,0,0],"sum_hessian":[9.8E1,4.9E1,4.9E1],"tree_param":{"num_deleted":"0","num_feature":"3","num_nodes":"3","size_leaf_vector":"1"}},{"base_weights":[1.14801696E-4,-1.7196402E-2,4.5632604E-3,4.3986627E-4,-3.6065765E-3],"categories":[],"categories_nodes":[],"categories_segments":[],"categories_sizes":[],"default_left":[0,0,0,0,0],"id":78,"left_children":[1,3,-1,-1,-1],"loss_changes":[7.72176E-2,2.9090084E-2,0E0,0E0,0E0],"parents":[2147483647,0,0,1,1],"right_children":[2,4,-1,-1,-1],"split_conditions":[3.3E0,4.6E0,4.5632604E-3,4.3986627E-4,-3.6065765E-3],"split_indices":[1,2,0,0,0],"split_type":[0,0,0,0,0],"sum_hessian":[9.6E1,7E1,2.6E1,3.3E1,3.7E1],"tree_param":{"num_deleted":"0","num_feature":"3","num_nodes":"5","size_leaf_vector":"1"}},{"base_weights":[-5.2351374E-3,2.1174902E-2,-6.614476E-3,-1.6977157E-3,7.178002E-3],"categories":[],"categories_nodes":[],"categories_segments":[],"categories_sizes":[],"default_left":[0,0,0,0,0],"id":79,"left_children":[1,3,-1,-1,-1],"loss_changes":[1.703063E-1,1.4408962E-1,0E0,0E0,0E0],"parents":[2147483647,0,0,1,1],"right_children":[2,4,-1,-1,-1],"split_conditions":[6.4E0,4E0,-6.614476E-3,-1.6977157E-3,7.178002E-3],"split_indices":[0,2,0,0,0],"split_type":[0,0,0,0,0],"sum_hessian":[1.04E2,7.3E1,3.1E1,4.2E1,3.1E1],"tree_param":{"num_deleted":"0","num_feature":"3","num_nodes":"5","size_leaf_vector":"1"}},{"base_weights":[-4.5351624E-3,-4.4379677E-3,1.1352148E-2,-2.0010788E-3,3.2493856E-3],"categories":[],"categories_nodes":[],"categories_segments":[],"categories_sizes":[],"default_left":[0,0,0,0,0],"id":80,"left_children":[1,-1,3,-1,-1],"loss_changes":[6.0007893E-2,0E0,4.573872E-2,0E0,0E0],"parents":[2147483647,0,0,2,2],"right_children":[2,-1,4,-1,-1],"split_conditions":[2.8E0,-4.4379677E-3,1.9E0,-2.0010788E-3,3.2493856E-3],"split_indices":[1,0,2,0,0],"split_type":[0,0,0,0,0],"sum_hessian":[9.3E1,2.6E1,6.7E1,2.7E1,4E1],"tree_param":{"num_deleted":"0","num_feature":"3","num_nodes":"5","size_leaf_vector":"1"}},{"base_weights":[1.5981626E-3,-3.7810511E-3,1.5238528E-2,4.955176E-3,-2.3310576E-3],"categories":[],"categories_nodes":[],"categories_segments":[],"categories_sizes":[],"default_left":[0,0,0,0,0],"id":81,"left_children":[1,-1,3,-1,-1],"loss_changes":[5.433105E-2,0E0,1.003609E-1,0E0,0E0],"parents":[2147483647,0,0,2,2],"right_children":[2,-1,4,-1,-1],"split_conditions":[1.7E0,-3.7810511E-3,5E0,4.955176E-3,-2.3310576E-3],"split_indices":[2,0,2,0,0],"split_type":[0,0,0,0,0],"sum_hessian":[9.9E1,2.5E1,7.4E1,3.9E1,3.5E1],"tree_param":{"num_deleted":"0","num_feature":"3","num_nodes":"5","size_leaf_vector":"1"}},{"base_weights":[1.7611352E-3,-2.3288757E-3,2.5868101E-2,4.6888865E-3,2.3321703E-4],"categories":[],"categories_nodes":[],"categories_segments":[],"categories_sizes":[],"default_left":[0,0,0,0,0],"id":82,"left_children":[1,-1,3,-1,-1],"loss_changes":[6.5217264E-2,0E0,2.710152E-2,0E0,0E0],"parents":[2147483647,0,0,2,2],"right_children":[2,-1,4,-1,-1],"split_conditions":[4.3E0,-2.3288757E-3,6.4E0,4.6888865E-3,2.3321703E-4],"split_indices":[2,0,0,0,0],"split_type":[0,0,0,0,0],"sum_hessian":[1.06E2,5.2E1,5.4E1,2.8E1,2.6E1],"tree_param":{"num_deleted":"0","num_feature":"3","num_nodes":"5","size_leaf_vector":"1"}},{"base_weights":[-7.929335E-3,5.320268E-3,-4.1243355E-3,-3.8494903E-3,3.6490147E-3],"categories":[],"categories_nodes":[],"categories_segments":[],"categories_sizes":[],"default_left":[0,0,0,0,0],"id":83,"left_children":[1,3,-1,-1,-1],"loss_changes":[4.347638E-2,9.837034E-2,0E0,0E0,0E0],"parents":[2147483647,0,0,1,1],"right_children":[2,4,-1,-1,-1],"split_conditions":[6.4E0,3E0,-4.1243355E-3,-3.8494903E-3,3.6490147E-3],"split_indices":[0,2,0,0,0],"split_type":[0,0,0,0,0],"sum_hessian":[9.7E1,7E1,2.7E1,2.9E1,4.1E1],"tree_param":{"num_deleted":"0","num_feature":"3","num_nodes":"5","size_leaf_vector":"1"}},{"base_weights":[2.8006751E-2,-8.203905E-3,8.30338E-3,3.0032345E-4,-1.7053332E-3],"categories":[],"categories_nodes":[],"categories_segments":[],"categories_sizes":[],"default_left":[0,0,0,0,0],"id":84,"left_children":[1,3,-1,-1,-1],"loss_changes":[1.8598978E-1,5.704292E-3,0E0,0E0,0E0],"parents":[2147483647,0,0,1,1],"right_children":[2,4,-1,-1,-1],"split_conditions":[4.8E0,3E0,8.30338E-3,3.0032345E-4,-1.7053332E-3],"split_indices":[2,1,0,0,0],"split_type":[0,0,0,0,0],"sum_hessian":[9.2E1,5.6E1,3.6E1,2.5E1,3.1E1],"tree_param":{"num_deleted":"0","num_feature":"3","num_nodes":"5","size_leaf_vector":"1"}},{"base_weights":[1.1714291E-2,-6.2324083E-3,4.499828E-3,4.280973E-3,-5.670154E-3],"categories":[],"categories_nodes":[],"categories_segments":[],"categories_sizes":[],"default_left":[0,0,0,0,0],"id":85,"left_children":[1,3,-1,-1,-1],"loss_changes":[5.463817E-2,1.5093425E-1,0E0,0E0,0E0],"parents":[2147483647,0,0,1,1],"right_children":[2,4,-1,-1,-1],"split_conditions":[3.2E0,6.1E0,4.499828E-3,4.280973E-3,-5.670154E-3],"split_indices":[1,0,0,0,0],"split_type":[0,0,0,0,0],"sum_hessian":[9E1,5.9E1,3.1E1,3E1,2.9E1],"tree_param":{"num_deleted":"0","num_feature":"3","num_nodes":"5","size_leaf_vector":"1"}},{"base_weights":[-1.329698E-2,-4.3578115E-3,2.3890806E-3],"categories":[],"categories_nodes":[],"categories_segments":[],"categories_sizes":[],"default_left":[0,0,0],"id":86,"left_children":[1,-1,-1],"loss_changes":[9.225427E-2,0E0,0E0],"parents":[2147483647,0,0],"right_children":[2,-1,-1],"split_conditions":[3.1E0,-4.3578115E-3,2.3890806E-3],"split_indices":[1,0,0],"split_type":[0,0,0],"sum_hessian":[8E1,4.4E1,3.6E1],"tree_param":{"num_deleted":"0","num_feature":"3","num_nodes":"3","size_leaf_vector":"1"}},{"base_weights":[1.51131665E-2,4.6670916E-3,-1.6759441E-3],"categories":[],"categories_nodes":[],"categories_segments":[],"categories_sizes":[],"default_left":[0,0,0],"id":87,"left_children":[1,-1,-1],"loss_changes":[9.6335806E-2,0E0,0E0],"parents":[2147483647,0,0],"right_children":[2,-1,-1],"split_conditions":[5.8E0,4.6670916E-3,-1.6759441E-3],"split_indices":[0,0,0],"split_type":[0,0,0],"sum_hessian":[9.4E1,4.7E1,4.7E1],"tree_param":{"num_deleted":"0","num_feature":"3","num_nodes":"3","size_leaf_vector":"1"}},{"base_weights":[1.8518997E-2,-7.779146E-3,6.577262E-3,-2.6653763E-3,6.464258E-4],"categories":[],"categories_nodes":[],"categories_segments":[],"categories_sizes":[],"default_left":[0,0,0,0,0],"id":88,"left_children":[1,3,-1,-1,-1],"loss_changes":[1.1483845E-1,1.6302625E-2,0E0,0E0,0E0],"parents":[2147483647,0,0,1,1],"right_children":[2,4,-1,-1,-1],"split_conditions":[6.2E0,1.7E0,6.577262E-3,-2.6653763E-3,6.464258E-4],"split_indices":[0,2,0,0,0],"split_type":[0,0,0,0,0],"sum_hessian":[9.1E1,5.9E1,3.2E1,2.5E1,3.4E1],"tree_param":{"num_deleted":"0","num_feature":"3","num_nodes":"5","size_leaf_vector":"1"}},{"base_weights":[-5.1564896E-3,-3.1274837E-2,3.5219248E-3,-2.6373332E-4,-5.5208313E-3],"categories":[],"categories_nodes":[],"categories_segments":[],"categories_sizes":[],"default_left":[0,0,0,0,0],"id":89,"left_children":[1,3,-1,-1,-1],"loss_changes":[9.91744E-2,3.892191E-2,0E0,0E0,0E0],"parents":[2147483647,0,0,1,1],"right_children":[2,4,-1,-1,-1],"split_conditions":[4.8E0,1.7E0,3.5219248E-3,-2.6373332E-4,-5.5208313E-3],"split_indices":[2,2,0,0,0],"split_type":[0,0,0,0,0],"sum_hessian":[9.2E1,5.6E1,3.6E1,2.6E1,3E1],"tree_param":{"num_deleted":"0","num_feature":"3","num_nodes":"5","size_leaf_vector":"1"}},{"base_weights":[-1.0154531E-2,-2.6687784E-2,1.4485882E-3,-3.8302067E-4,-4.458072E-3],"categories":[],"categories_nodes":[],"categories_segments":[],"categories_sizes":[],"default_left":[0,0,0,0,0],"id":90,"left_children":[1,3,-1,-1,-1],"loss_changes":[4.0310442E-2,2.3959607E-2,0E0,0E0,0E0],"parents":[2147483647,0,0,1,1],"right_children":[2,4,-1,-1,-1],"split_conditions":[6.2E0,5.2E0,1.4485882E-3,-3.8302067E-4,-4.458072E-3],"split_indices":[0,0,0,0,0],"split_type":[0,0,0,0,0],"sum_hessian":[9.7E1,5.8E1,3.9E1,2.6E1,3.2E1],"tree_param":{"num_deleted":"0","num_feature":"3","num_nodes":"5","size_leaf_vector":"1"}},{"base_weights":[-1.0813646E-2,-4.5192327E-2,3.3968135E-3,2.1034479E-5,-8.903665E-3],"categories":[],"categories_nodes":[],"categories_segments":[],"categories_sizes":[],"default_left":[0,0,0,0,0],"id":91,"left_children":[1,3,-1,-1,-1],"loss_changes":[1.5548895E-1,1.13485724E-1,0E0,0E0,0E0],"parents":[2147483647,0,0,1,1],"right_children":[2,4,-1,-1,-1],"split_conditions":[3.1E0,4.7E0,3.3968135E-3,2.1034479E-5,-8.903665E-3],"split_indices":[1,2,0,0,0],"split_type":[0,0,0,0,0],"sum_hessian":[9.9E1,5.6E1,4.3E1,2.8E1,2.8E1],"tree_param":{"num_deleted":"0","num_feature":"3","num_nodes":"5","size_leaf_vector":"1"}},{"base_weights":[9.489971E-5,-3.7348424E-3,2.165174E-2,5.306467E-3,1.20325494E-4],"categories":[],"categories_nodes":[],"categories_segments":[],"categories_sizes":[],"default_left":[0,0,0,0,0],"id":92,"left_children":[1,-1,3,-1,-1],"loss_changes":[8.39461E-2,0E0,4.2331036E-2,0E0,0E0],"parents":[2147483647,0,0,2,2],"right_children":[2,-1,4,-1,-1],"split_conditions":[3E0,-3.7348424E-3,4.7E0,5.306467E-3,1.20325494E-4],"split_indices":[2,0,2,0,0],"split_type":[0,0,0,0,0],"sum_hessian":[1.02E2,3.7E1,6.5E1,2.5E1,4E1],"tree_param":{"num_deleted":"0","num_feature":"3","num_nodes":"5","size_leaf_vector":"1"}},{"base_weights":[-1.057602E-2,2.5977539E-2,-5.708462E-3,5.1096934E-3,-6.9624616E-6],"categories":[],"categories_nodes":[],"categories_segments":[],"categories_sizes":[],"default_left":[0,0,0,0,0],"id":93,"left_children":[1,3,-1,-1,-1],"loss_changes":[1.6638823E-1,3.598945E-2,0E0,0E0,0E0],"parents":[2147483647,0,0,1,1],"right_children":[2,4,-1,-1,-1],"split_conditions":[6E0,3.1E0,-5.708462E-3,5.1096934E-3,-6.9624616E-6],"split_indices":[0,1,0,0,0],"split_type":[0,0,0,0,0],"sum_hessian":[9.6E1,5.4E1,4.2E1,2.7E1,2.7E1],"tree_param":{"num_deleted":"0","num_feature":"3","num_nodes":"5","size_leaf_vector":"1"}},{"base_weights":[-1.2252066E-2,1.5007221E-3,-2.8585535E-2,-4.6007857E-3,-7.774425E-4],"categories":[],"categories_nodes":[],"categories_segments":[],"categories_sizes":[],"default_left":[0,0,0,0,0],"id":94,"left_children":[1,-1,3,-1,-1],"loss_changes":[4.3617144E-2,0E0,2.1759566E-2,0E0,0E0],"parents":[2147483647,0,0,2,2],"right_children":[2,-1,4,-1,-1],"split_conditions":[5.6E0,1.5007221E-3,5.1E0,-4.6007857E-3,-7.774425E-4],"split_indices":[0,0,2,0,0],"split_type":[0,0,0,0,0],"sum_hessian":[9.6E1,3.6E1,6E1,3.2E1,2.8E1],"tree_param":{"num_deleted":"0","num_feature":"3","num_nodes":"5","size_leaf_vector":"1"}},{"base_weights":[4.31414E-3,-1.677319E-2,3.5582748E-3,3.5995122E-3,-6.2637064E-3],"categories":[],"categories_nodes":[],"categories_segments":[],"categories_sizes":[],"default_left":[0,0,0,0,0],"id":95,"left_children":[1,3,-1,-1,-1],"loss_changes":[6.719336E-2,1.4988434E-1,0E0,0E0,0E0],"parents":[2147483647,0,0,1,1],"right_children":[2,4,-1,-1,-1],"split_conditions":[3.1E0,5.9E0,3.5582748E-3,3.5995122E-3,-6.2637064E-3],"split_indices":[1,0,0,0,0],"split_type":[0,0,0,0,0],"sum_hessian":[1E2,6E1,4E1,2.8E1,3.2E1],"tree_param":{"num_deleted":"0","num_feature":"3","num_nodes":"5","size_leaf_vector":"1"}},{"base_weights":[-1.31559E-2,3.4224899E-3,-5.3058118E-3,1.819482E-3,-7.9141057E-4],"categories":[],"categories_nodes":[],"categories_segments":[],"categories_sizes":[],"default_left":[0,0,0,0,0],"id":96,"left_children":[1,3,-1,-1,-1],"loss_changes":[6.765607E-2,1.2369153E-2,0E0,0E0,0E0],"parents":[2147483647,0,0,1,1],"right_children":[2,4,-1,-1,-1],"split_conditions":[6.4E0,3E0,-5.3058118E-3,1.819482E-3,-7.9141057E-4],"split_indices":[0,1,0,0,0],"split_type":[0,0,0,0,0],"sum_hessian":[1.01E2,7.2E1,2.9E1,3.1E1,4.1E1],"tree_param":{"num_deleted":"0","num_feature":"3","num_nodes":"5","size_leaf_vector":"1"}},{"base_weights":[-1.8622566E-2,1.4790887E-3,-5.7161534E-3],"categories":[],"categories_nodes":[],"categories_segments":[],"categories_sizes":[],"default_left":[0,0,0],"id":97,"left_children":[1,-1,-1],"loss_changes":[1.16740264E-1,0E0,0E0],"parents":[2147483647,0,0],"right_children":[2,-1,-1],"split_conditions":[5.9E0,1.4790887E-3,-5.7161534E-3],"split_indices":[0,0,0],"split_type":[0,0,0],"sum_hessian":[8.9E1,4.8E1,4.1E1],"tree_param":{"num_deleted":"0","num_feature":"3","num_nodes":"3","size_leaf_vector":"1"}},{"base_weights":[-2.1107703E-2,-3.4897923E-2,1.0853721E-3,-5.3900154E-4,-6.9943178E-3],"categories":[],"categories_nodes":[],"categories_segments":[],"categories_sizes":[],"default_left":[0,0,0,0,0],"id":98,"left_children":[1,3,-1,-1,-1],"loss_changes":[4.313202E-2,6.99426E-2,0E0,0E0,0E0],"parents":[2147483647,0,0,1,1],"right_children":[2,4,-1,-1,-1],"split_conditions":[3.3E0,4.7E0,1.0853721E-3,-5.3900154E-4,-6.9943178E-3],"split_indices":[1,2,0,0,0],"split_type":[0,0,0,0,0],"sum_hessian":[9.6E1,6.7E1,2.9E1,3.7E1,3E1],"tree_param":{"num_deleted":"0","num_feature":"3","num_nodes":"5","size_leaf_vector":"1"}},{"base_weights":[1.0181231E-2,-1.931005E-3,2.147365E-2,-1.7242379E-3,5.3331037E-3],"categories":[],"categories_nodes":[],"categories_segments":[],"categories_sizes":[],"default_left":[0,0,0,0,0],"id":99,"left_children":[1,-1,3,-1,-1],"loss_changes":[3.1053225E-2,0E0,8.355678E-2,0E0,0E0],"parents":[2147483647,0,0,2,2],"right_children":[2,-1,4,-1,-1],"split_conditions":[2.8E0,-1.931005E-3,5.8E0,-1.7242379E-3,5.3331037E-3],"split_indices":[1,0,0,0,0],"split_type":[0,0,0,0,0],"sum_hessian":[9.1E1,2.5E1,6.6E1,3E1,3.6E1],"tree_param":{"num_deleted":"0","num_feature":"3","num_nodes":"5","size_leaf_vector":"1"}},{"base_weights":[1.3257458E-2,-2.1908514E-3,4.114919E-2,5.383623E-3,2.8782121E-3],"categories":[],"categories_nodes":[],"categories_segments":[],"categories_sizes":[],"default_left":[0,0,0,0,0],"id":100,"left_children":[1,-1,3,-1,-1],"loss_changes":[9.702384E-2,0E0,7.080056E-3,0E0,0E0],"parents":[2147483647,0,0,2,2],"right_children":[2,-1,4,-1,-1],"split_conditions":[4.2E0,-2.1908514E-3,6.4E0,5.383623E-3,2.8782121E-3],"split_indices":[2,0,0,0,0],"split_type":[0,0,0,0,0],"sum_hessian":[9.7E1,4.3E1,5.4E1,2.5E1,2.9E1],"tree_param":{"num_deleted":"0","num_feature":"3","num_nodes":"5","size_leaf_vector":"1"}},{"base_weights":[1.2241569E-2,-1.930296E-2,7.5974064E-3,1.6167568E-3,-5.900036E-3],"categories":[],"categories_nodes":[],"categories_segments":[],"categories_sizes":[],"default_left":[0,0,0,0,0],"id":101,"left_children":[1,3,-1,-1,-1],"loss_changes":[1.8240356E-1,8.6847246E-2,0E0,0E0,0E0],"parents":[2147483647,0,0,1,1],"right_children":[2,4,-1,-1,-1],"split_conditions":[6.2E0,5.5E0,7.5974064E-3,1.6167568E-3,-5.900036E-3],"split_indices":[0,0,0,0,0],"split_type":[0,0,0,0,0],"sum_hessian":[8.9E1,6E1,2.9E1,3.2E1,2.8E1],"tree_param":{"num_deleted":"0","num_feature":"3","num_nodes":"5","size_leaf_vector":"1"}},{"base_weights":[-2.4882358E-2,-4.1026372E-2,1.1603831E-3,-3.6645806E-4,-8.5991835E-3],"categories":[],"categories_nodes":[],"categories_segments":[],"categories_sizes":[],"default_left":[0,0,0,0,0],"id":102,"left_children":[1,3,-1,-1,-1],"loss_changes":[5.4667156E-2,1.07204236E-1,0E0,0E0,0E0],"parents":[2147483647,0,0,1,1],"right_children":[2,4,-1,-1,-1],"split_conditions":[3.3E0,4.6E0,1.1603831E-3,-3.6645806E-4,-8.5991835E-3],"split_indices":[1,2,0,0,0],"split_type":[0,0,0,0,0],"sum_hessian":[9.1E1,6.3E1,2.8E1,3.5E1,2.8E1],"tree_param":{"num_deleted":"0","num_feature":"3","num_nodes":"5","size_leaf_vector":"1"}},{"base_weights":[8.6666765E-3,-2.3676201E-3,4.5222975E-3],"categories":[],"categories_nodes":[],"categories_segments":[],"categories_sizes":[],"default_left":[0,0,0],"id":103,"left_children":[1,-1,-1],"loss_changes":[1.1102794E-1,0E0,0E0],"parents":[2147483647,0,0],"right_children":[2,-1,-1],"split_conditions":[3.1E0,-2.3676201E-3,4.5222975E-3],"split_indices":[1,0,0],"split_type":[0,0,0],"sum_hessian":[9.2E1,4.9E1,4.3E1],"tree_param":{"num_deleted":"0","num_feature":"3","num_nodes":"3","size_leaf_vector":"1"}},{"base_weights":[1.0208781E-2,-2.1944717E-3,4.750294E-3,-2.569754E-3,9.162459E-3,1.6092195E-3,2.6336455E-4],"categories":[],"categories_nodes":[],"categories_segments":[],"categories_sizes":[],"default_left":[0,0,0,0,0,0,0],"id":104,"left_children":[1,3,-1,-1,5,-1,-1],"loss_changes":[4.821141E-2,2.1322345E-2,0E0,0E0,2.4007377E-3,0E0,0E0],"parents":[2147483647,0,0,1,1,4,4],"right_children":[2,4,-1,-1,6,-1,-1],"split_conditions":[3.3E0,2.8E0,4.750294E-3,-2.569754E-3,6.4E0,1.6092195E-3,2.6336455E-4],"split_indices":[1,1,0,0,0,0,0],"split_type":[0,0,0,0,0,0,0],"sum_hessian":[1.03E2,7.8E1,2.5E1,2.5E1,5.3E1,2.5E1,2.8E1],"tree_param":{"num_deleted":"0","num_feature":"3","num_nodes":"7","size_leaf_vector":"1"}},{"base_weights":[2.7628664E-3,2.0969847E-2,-4.7914414E-3,4.26684E-3,2.905072E-4],"categories":[],"categories_nodes":[],"categories_segments":[],"categories_sizes":[],"default_left":[0,0,0,0,0],"id":105,"left_children":[1,3,-1,-1,-1],"loss_changes":[9.419546E-2,2.9274508E-2,0E0,0E0,0E0],"parents":[2147483647,0,0,1,1],"right_children":[2,4,-1,-1,-1],"split_conditions":[6.5E0,3E0,-4.7914414E-3,4.26684E-3,2.905072E-4],"split_indices":[0,1,0,0,0],"split_type":[0,0,0,0,0],"sum_hessian":[1E2,7.4E1,2.6E1,3.3E1,4.1E1],"tree_param":{"num_deleted":"0","num_feature":"3","num_nodes":"5","size_leaf_vector":"1"}},{"base_weights":[-2.0366302E-3,-3.0191478E-3,2.2367307E-3],"categories":[],"categories_nodes":[],"categories_segments":[],"categories_sizes":[],"default_left":[0,0,0],"id":106,"left_children":[1,-1,-1],"loss_changes":[6.6635855E-2,0E0,0E0],"parents":[2147483647,0,0],"right_children":[2,-1,-1],"split_conditions":[4.4E0,-3.0191478E-3,2.2367307E-3],"split_indices":[2,0,0],"split_type":[0,0,0],"sum_hessian":[9.5E1,4.4E1,5.1E1],"tree_param":{"num_deleted":"0","num_feature":"3","num_nodes":"3","size_leaf_vector":"1"}},{"base_weights":[6.7129586E-5,-1.601298E-2,3.0387703E-3,-2.6830565E-4,-2.9261597E-3],"categories":[],"categories_nodes":[],"categories_segments":[],"categories_sizes":[],"default_left":[0,0,0,0,0],"id":107,"left_children":[1,3,-1,-1,-1],"loss_changes":[4.924241E-2,1.1577291E-2,0E0,0E0,0E0],"parents":[2147483647,0,0,1,1],"right_children":[2,4,-1,-1,-1],"split_conditions":[4.8E0,3.1E0,3.0387703E-3,-2.6830565E-4,-2.9261597E-3],"split_indices":[2,1,0,0,0],"split_type":[0,0,0,0,0],"sum_hessian":[9.9E1,6.5E1,3.4E1,3.3E1,3.2E1],"tree_param":{"num_deleted":"0","num_feature":"3","num_nodes":"5","size_leaf_vector":"1"}},{"base_weights":[9.05705E-3,-1.2763928E-2,4.417061E-3,-1.8458615E-5,-3.3077304E-3],"categories":[],"categories_nodes":[],"categories_segments":[],"categories_sizes":[],"default_left":[0,0,0,0,0],"id":108,"left_children":[1,3,-1,-1,-1],"loss_changes":[8.408091E-2,1.7369859E-2,0E0,0E0,0E0],"parents":[2147483647,0,0,1,1],"right_children":[2,4,-1,-1,-1],"split_conditions":[4.8E0,5.6E0,4.417061E-3,-1.8458615E-5,-3.3077304E-3],"split_indices":[2,0,0,0,0],"split_type":[0,0,0,0,0],"sum_hessian":[1.08E2,6.7E1,4.1E1,4.2E1,2.5E1],"tree_param":{"num_deleted":"0","num_feature":"3","num_nodes":"5","size_leaf_vector":"1"}},{"base_weights":[-1.181735E-2,1.076174E-3,-3.4630392E-3],"categories":[],"categories_nodes":[],"categories_segments":[],"categories_sizes":[],"default_left":[0,0,0],"id":109,"left_children":[1,-1,-1],"loss_changes":[4.776167E-2,0E0,0E0],"parents":[2147483647,0,0],"right_children":[2,-1,-1],"split_conditions":[5.8E0,1.076174E-3,-3.4630392E-3],"split_indices":[0,0,0],"split_type":[0,0,0],"sum_hessian":[9.1E1,4.6E1,4.5E1],"tree_param":{"num_deleted":"0","num_feature":"3","num_nodes":"3","size_leaf_vector":"1"}},{"base_weights":[3.907325E-3,-2.5126124E-3,2.574564E-2,2.958225E-3,2.062369E-3],"categories":[],"categories_nodes":[],"categories_segments":[],"categories_sizes":[],"default_left":[0,0,0,0,0],"id":110,"left_children":[1,-1,3,-1,-1],"loss_changes":[5.8978714E-2,0E0,4.3140352E-4,0E0,0E0],"parents":[2147483647,0,0,2,2],"right_children":[2,-1,4,-1,-1],"split_conditions":[4E0,-2.5126124E-3,4.9E0,2.958225E-3,2.062369E-3],"split_indices":[2,0,2,0,0],"split_type":[0,0,0,0,0],"sum_hessian":[9.1E1,3.9E1,5.2E1,2.7E1,2.5E1],"tree_param":{"num_deleted":"0","num_feature":"3","num_nodes":"5","size_leaf_vector":"1"}},{"base_weights":[-2.692982E-3,-4.681395E-3,2.7542291E-2,3.8840957E-3,1.6813058E-3],"categories":[],"categories_nodes":[],"categories_segments":[],"categories_sizes":[],"default_left":[0,0,0,0,0],"id":111,"left_children":[1,-1,3,-1,-1],"loss_changes":[1.2802027E-1,0E0,6.2568486E-3,0E0,0E0],"parents":[2147483647,0,0,2,2],"right_children":[2,-1,4,-1,-1],"split_conditions":[4.2E0,-4.681395E-3,5.1E0,3.8840957E-3,1.6813058E-3],"split_indices":[2,0,2,0,0],"split_type":[0,0,0,0,0],"sum_hessian":[9.4E1,3.8E1,5.6E1,2.6E1,3E1],"tree_param":{"num_deleted":"0","num_feature":"3","num_nodes":"5","size_leaf_vector":"1"}},{"base_weights":[-2.014258E-3,-4.680058E-3,1.4135675E-2,-1.0012117E-3,4.3549547E-3],"categories":[],"categories_nodes":[],"categories_segments":[],"categories_sizes":[],"default_left":[0,0,0,0,0],"id":112,"left_children":[1,-1,3,-1,-1],"loss_changes":[7.371446E-2,0E0,5.370702E-2,0E0,0E0],"parents":[2147483647,0,0,2,2],"right_children":[2,-1,4,-1,-1],"split_conditions":[2.8E0,-4.680058E-3,4.8E0,-1.0012117E-3,4.3549547E-3],"split_indices":[1,0,2,0,0],"split_type":[0,0,0,0,0],"sum_hessian":[1E2,2.6E1,7.4E1,4.1E1,3.3E1],"tree_param":{"num_deleted":"0","num_feature":"3","num_nodes":"5","size_leaf_vector":"1"}},{"base_weights":[-4.103684E-3,4.9317726E-3,-2.8759804E-2,-7.1209804E-3,3.5430092E-4],"categories":[],"categories_nodes":[],"categories_segments":[],"categories_sizes":[],"default_left":[0,0,0,0,0],"id":113,"left_children":[1,-1,3,-1,-1],"loss_changes":[1.2918335E-1,0E0,9.2126325E-2,0E0,0E0],"parents":[2147483647,0,0,2,2],"right_children":[2,-1,4,-1,-1],"split_conditions":[2.9E0,4.9317726E-3,3.2E0,-7.1209804E-3,3.5430092E-4],"split_indices":[1,0,1,0,0],"split_type":[0,0,0,0,0],"sum_hessian":[9.6E1,3E1,6.6E1,2.8E1,3.8E1],"tree_param":{"num_deleted":"0","num_feature":"3","num_nodes":"5","size_leaf_vector":"1"}},{"base_weights":[-1.9658053E-2,5.7359445E-3,-7.2269402E-3,2.8730659E-3,-1.0330549E-3],"categories":[],"categories_nodes":[],"categories_segments":[],"categories_sizes":[],"default_left":[0,0,0,0,0],"id":114,"left_children":[1,3,-1,-1,-1],"loss_changes":[1.2733571E-1,2.431069E-2,0E0,0E0,0E0],"parents":[2147483647,0,0,1,1],"right_children":[2,4,-1,-1,-1],"split_conditions":[6.3E0,3E0,-7.2269402E-3,2.8730659E-3,-1.0330549E-3],"split_indices":[0,1,0,0,0],"split_type":[0,0,0,0,0],"sum_hessian":[9.4E1,6.4E1,3E1,2.6E1,3.8E1],"tree_param":{"num_deleted":"0","num_feature":"3","num_nodes":"5","size_leaf_vector":"1"}},{"base_weights":[1.434158E-2,4.675227E-3,-6.776179E-3,-3.9467798E-3,3.343121E-3],"categories":[],"categories_nodes":[],"categories_segments":[],"categories_sizes":[],"default_left":[0,0,0,0,0],"id":115,"left_children":[1,-1,3,-1,-1],"loss_changes":[6.6023156E-2,0E0,7.887168E-2,0E0,0E0],"parents":[2147483647,0,0,2,2],"right_children":[2,-1,4,-1,-1],"split_conditions":[5.7E0,4.675227E-3,5.3E0,-3.9467798E-3,3.343121E-3],"split_indices":[0,0,2,0,0],"split_type":[0,0,0,0,0],"sum_hessian":[9.5E1,3.7E1,5.8E1,3.2E1,2.6E1],"tree_param":{"num_deleted":"0","num_feature":"3","num_nodes":"5","size_leaf_vector":"1"}},{"base_weights":[1.9870754E-2,-1.6105097E-3,4.970994E-2,6.3166358E-3,3.2917254E-3],"categories":[],"categories_nodes":[],"categories_segments":[],"categories_sizes":[],"default_left":[0,0,0,0,0],"id":116,"left_children":[1,-1,3,-1,-1],"loss_changes":[1.1029658E-1,0E0,1.0575026E-2,0E0,0E0],"parents":[2147483647,0,0,2,2],"right_children":[2,-1,4,-1,-1],"split_conditions":[4.3E0,-1.6105097E-3,6.5E0,6.3166358E-3,3.2917254E-3],"split_indices":[2,0,0,0,0],"split_type":[0,0,0,0,0],"sum_hessian":[1.01E2,4.6E1,5.5E1,2.9E1,2.6E1],"tree_param":{"num_deleted":"0","num_feature":"3","num_nodes":"5","size_leaf_vector":"1"}},{"base_weights":[-4.652742E-3,-2.4586646E-2,2.0700262E-3,1.4733999E-3,-6.8821954E-3],"categories":[],"categories_nodes":[],"categories_segments":[],"categories_sizes":[],"default_left":[0,0,0,0,0],"id":117,"left_children":[1,3,-1,-1,-1],"loss_changes":[5.1552773E-2,1.00157596E-1,0E0,0E0,0E0],"parents":[2147483647,0,0,1,1],"right_children":[2,4,-1,-1,-1],"split_conditions":[3.1E0,4.6E0,2.0700262E-3,1.4733999E-3,-6.8821954E-3],"split_indices":[1,2,0,0,0],"split_type":[0,0,0,0,0],"sum_hessian":[1E2,5.6E1,4.4E1,3E1,2.6E1],"tree_param":{"num_deleted":"0","num_feature":"3","num_nodes":"5","size_leaf_vector":"1"}},{"base_weights":[-1.827181E-2,-5.187483E-3,-1.9803443E-3,3.6867496E-3,-3.4111973E-3],"categories":[],"categories_nodes":[],"categories_segments":[],"categories_sizes":[],"default_left":[0,0,0,0,0],"id":118,"left_children":[1,-1,3,-1,-1],"loss_changes":[5.0261974E-2,0E0,7.9897024E-2,0E0,0E0],"parents":[2147483647,0,0,2,2],"right_children":[2,-1,4,-1,-1],"split_conditions":[3E0,-5.187483E-3,6.3E0,3.6867496E-3,-3.4111973E-3],"split_indices":[2,0,0,0,0],"split_type":[0,0,0,0,0],"sum_hessian":[9.1E1,2.9E1,6.2E1,2.8E1,3.4E1],"tree_param":{"num_deleted":"0","num_feature":"3","num_nodes":"5","size_leaf_vector":"1"}},{"base_weights":[-3.3523059E-3,2.4047152E-3,-3.3859785E-3],"categories":[],"categories_nodes":[],"categories_segments":[],"categories_sizes":[],"default_left":[0,0,0],"id":119,"left_children":[1,-1,-1],"loss_changes":[7.604419E-2,0E0,0E0],"parents":[2147483647,0,0],"right_children":[2,-1,-1],"split_conditions":[5.8E0,2.4047152E-3,-3.3859785E-3],"split_indices":[0,0,0],"split_type":[0,0,0],"sum_hessian":[8.9E1,4.7E1,4.2E1],"tree_param":{"num_deleted":"0","num_feature":"3","num_nodes":"3","size_leaf_vector":"1"}},{"base_weights":[-2.607785E-3,2.3625947E-3,-2.1487726E-2,-5.5313716E-3,2.6174712E-3],"categories":[],"categories_nodes":[],"categories_segments":[],"categories_sizes":[],"default_left":[0,0,0,0,0],"id":120,"left_children":[1,-1,3,-1,-1],"loss_changes":[5.201796E-2,0E0,9.9793784E-2,0E0,0E0],"parents":[2147483647,0,0,2,2],"right_children":[2,-1,4,-1,-1],"split_conditions":[5.7E0,2.3625947E-3,5.2E0,-5.5313716E-3,2.6174712E-3],"split_indices":[0,0,2,0,0],"split_type":[0,0,0,0,0],"sum_hessian":[1.03E2,4.3E1,6E1,3.5E1,2.5E1],"tree_param":{"num_deleted":"0","num_feature":"3","num_nodes":"5","size_leaf_vector":"1"}},{"base_weights":[-1.5126123E-2,-3.482091E-2,2.5287594E-3,5.045473E-4,-5.90435E-3],"categories":[],"categories_nodes":[],"categories_segments":[],"categories_sizes":[],"default_left":[0,0,0,0,0],"id":121,"left_children":[1,3,-1,-1,-1],"loss_changes":[8.206637E-2,6.692893E-2,0E0,0E0,0E0],"parents":[2147483647,0,0,1,1],"right_children":[2,4,-1,-1,-1],"split_conditions":[3.3E0,5.9E0,2.5287594E-3,5.045473E-4,-5.90435E-3],"split_indices":[1,0,0,0,0],"split_type":[0,0,0,0,0],"sum_hessian":[1.01E2,6.8E1,3.3E1,2.6E1,4.2E1],"tree_param":{"num_deleted":"0","num_feature":"3","num_nodes":"5","size_leaf_vector":"1"}},{"base_weights":[8.597108E-3,-2.0450552E-3,3.5197947E-3],"categories":[],"categories_nodes":[],"categories_segments":[],"categories_sizes":[],"default_left":[0,0,0],"id":122,"left_children":[1,-1,-1],"loss_changes":[7.567096E-2,0E0,0E0],"parents":[2147483647,0,0],"right_children":[2,-1,-1],"split_conditions":[4.3E0,-2.0450552E-3,3.5197947E-3],"split_indices":[2,0,0],"split_type":[0,0,0],"sum_hessian":[9.6E1,4.6E1,5E1],"tree_param":{"num_deleted":"0","num_feature":"3","num_nodes":"3","size_leaf_vector":"1"}},{"base_weights":[2.2748686E-2,-4.344359E-3,5.3179786E-3,1.222003E-3,-2.3201832E-3],"categories":[],"categories_nodes":[],"categories_segments":[],"categories_sizes":[],"default_left":[0,0,0,0,0],"id":123,"left_children":[1,3,-1,-1,-1],"loss_changes":[8.762498E-2,1.8088188E-2,0E0,0E0,0E0],"parents":[2147483647,0,0,1,1],"right_children":[2,4,-1,-1,-1],"split_conditions":[4.5E0,3.2E0,5.3179786E-3,1.222003E-3,-2.3201832E-3],"split_indices":[2,1,0,0,0],"split_type":[0,0,0,0,0],"sum_hessian":[1.05E2,5.6E1,4.9E1,3E1,2.6E1],"tree_param":{"num_deleted":"0","num_feature":"3","num_nodes":"5","size_leaf_vector":"1"}},{"base_weights":[2.6317565E-2,-5.567253E-4,4.4245806E-2,6.661632E-3,2.0400432E-3],"categories":[],"categories_nodes":[],"categories_segments":[],"categories_sizes":[],"default_left":[0,0,0,0,0],"id":124,"left_children":[1,-1,3,-1,-1],"loss_changes":[5.283709E-2,0E0,3.0113563E-2,0E0,0E0],"parents":[2147483647,0,0,2,2],"right_children":[2,-1,4,-1,-1],"split_conditions":[4E0,-5.567253E-4,6.4E0,6.661632E-3,2.0400432E-3],"split_indices":[2,0,0,0,0],"split_type":[0,0,0,0,0],"sum_hessian":[9.1E1,3.3E1,5.8E1,2.9E1,2.9E1],"tree_param":{"num_deleted":"0","num_feature":"3","num_nodes":"5","size_leaf_vector":"1"}},{"base_weights":[8.51174E-3,2.4857929E-3,-5.570415E-3,-1.0036229E-3,-1.3744981E-4],"categories":[],"categories_nodes":[],"categories_segments":[],"categories_sizes":[],"default_left":[0,0,0,0,0],"id":125,"left_children":[1,-1,3,-1,-1],"loss_changes":[2.2927236E-2,0E0,9.980671E-4,0E0,0E0],"parents":[2147483647,0,0,2,2],"right_children":[2,-1,4,-1,-1],"split_conditions":[5.7E0,2.4857929E-3,3E0,-1.0036229E-3,-1.3744981E-4],"split_indices":[0,0,1,0,0],"split_type":[0,0,0,0,0],"sum_hessian":[9.8E1,4.5E1,5.3E1,2.5E1,2.8E1],"tree_param":{"num_deleted":"0","num_feature":"3","num_nodes":"5","size_leaf_vector":"1"}},{"base_weights":[6.126439E-4,-2.0273481E-3,1.958889E-2,4.136049E-3,6.7206224E-6],"categories":[],"categories_nodes":[],"categories_segments":[],"categories_sizes":[],"default_left":[0,0,0,0,0],"id":126,"left_children":[1,-1,3,-1,-1],"loss_changes":[4.161652E-2,0E0,2.3373224E-2,0E0,0E0],"parents":[2147483647,0,0,2,2],"right_children":[2,-1,4,-1,-1],"split_conditions":[4.3E0,-2.0273481E-3,5.1E0,4.136049E-3,6.7206224E-6],"split_indices":[2,0,2,0,0],"split_type":[0,0,0,0,0],"sum_hessian":[1.03E2,4.9E1,5.4E1,2.5E1,2.9E1],"tree_param":{"num_deleted":"0","num_feature":"3","num_nodes":"5","size_leaf_vector":"1"}},{"base_weights":[4.4777184E-3,-1.0338517E-2,3.2531917E-3,2.1310297E-3,-3.423648E-3],"categories":[],"categories_nodes":[],"categories_segments":[],"categories_sizes":[],"default_left":[0,0,0,0,0],"id":127,"left_children":[1,3,-1,-1,-1],"loss_changes":[3.7329856E-2,4.5353778E-2,0E0,0E0,0E0],"parents":[2147483647,0,0,1,1],"right_children":[2,4,-1,-1,-1],"split_conditions":[6.2E0,5.2E0,3.2531917E-3,2.1310297E-3,-3.423648E-3],"split_indices":[0,0,0,0,0],"split_type":[0,0,0,0,0],"sum_hessian":[8.8E1,5.8E1,3E1,2.5E1,3.3E1],"tree_param":{"num_deleted":"0","num_feature":"3","num_nodes":"5","size_leaf_vector":"1"}},{"base_weights":[-1.33269E-3,-3.8284094E-3,2.9733141E-3],"categories":[],"categories_nodes":[],"categories_segments":[],"categories_sizes":[],"default_left":[0,0,0],"id":128,"left_children":[1,-1,-1],"loss_changes":[1.05599575E-1,0E0,0E0],"parents":[2147483647,0,0],"right_children":[2,-1,-1],"split_conditions":[4.2E0,-3.8284094E-3,2.9733141E-3],"split_indices":[2,0,0],"split_type":[0,0,0],"sum_hessian":[9E1,4.1E1,4.9E1],"tree_param":{"num_deleted":"0","num_feature":"3","num_nodes":"3","size_leaf_vector":"1"}},{"base_weights":[-9.339732E-3,1.334856E-2,-3.0620668E-2,-1.5802309E-3,4.310721E-3,-6.7058406E-3,9.650264E-4],"categories":[],"categories_nodes":[],"categories_segments":[],"categories_sizes":[],"default_left":[0,0,0,0,0,0,0],"id":129,"left_children":[1,3,5,-1,-1,-1,-1],"loss_changes":[5.158852E-2,4.57907E-2,8.135314E-2,0E0,0E0,0E0,0E0],"parents":[2147483647,0,0,1,1,2,2],"right_children":[2,4,6,-1,-1,-1,-1],"split_conditions":[5.8E0,1.6E0,5.2E0,-1.5802309E-3,4.310721E-3,-6.7058406E-3,9.650264E-4],"split_indices":[0,2,2,0,0,0,0],"split_type":[0,0,0,0,0,0,0],"sum_hessian":[1.05E2,5.1E1,5.4E1,2.6E1,2.5E1,2.8E1,2.6E1],"tree_param":{"num_deleted":"0","num_feature":"3","num_nodes":"7","size_leaf_vector":"1"}},{"base_weights":[-4.015882E-3,-1.6347047E-2,2.3560452E-3,2.4307042E-4,-3.8134784E-3],"categories":[],"categories_nodes":[],"categories_segments":[],"categories_sizes":[],"default_left":[0,0,0,0,0],"id":130,"left_children":[1,3,-1,-1,-1],"loss_changes":[3.4049924E-2,2.8322296E-2,0E0,0E0,0E0],"parents":[2147483647,0,0,1,1],"right_children":[2,4,-1,-1,-1],"split_conditions":[3.3E0,4.9E0,2.3560452E-3,2.4307042E-4,-3.8134784E-3],"split_indices":[1,2,0,0,0],"split_type":[0,0,0,0,0],"sum_hessian":[9.8E1,6.8E1,3E1,3.7E1,3.1E1],"tree_param":{"num_deleted":"0","num_feature":"3","num_nodes":"5","size_leaf_vector":"1"}},{"base_weights":[3.1901363E-3,-2.6181953E-2,3.967118E-3,-3.2701963E-3,-1.74011E-3],"categories":[],"categories_nodes":[],"categories_segments":[],"categories_sizes":[],"default_left":[0,0,0,0,0],"id":131,"left_children":[1,3,-1,-1,-1],"loss_changes":[1.08191125E-1,2.6370175E-3,0E0,0E0,0E0],"parents":[2147483647,0,0,1,1],"right_children":[2,4,-1,-1,-1],"split_conditions":[3.1E0,6.2E0,3.967118E-3,-3.2701963E-3,-1.74011E-3],"split_indices":[1,0,0,0,0],"split_type":[0,0,0,0,0],"sum_hessian":[9.9E1,5.5E1,4.4E1,3E1,2.5E1],"tree_param":{"num_deleted":"0","num_feature":"3","num_nodes":"5","size_leaf_vector":"1"}},{"base_weights":[-1.2183647E-2,-2.4705602E-2,9.272895E-4,-1.3139772E-3,-3.34199E-3],"categories":[],"categories_nodes":[],"categories_segments":[],"categories_sizes":[],"default_left":[0,0,0,0,0],"id":132,"left_children":[1,3,-1,-1,-1],"loss_changes":[2.5216134E-2,5.507365E-3,0E0,0E0,0E0],"parents":[2147483647,0,0,1,1],"right_children":[2,4,-1,-1,-1],"split_conditions":[6.1E0,5.2E0,9.272895E-4,-1.3139772E-3,-3.34199E-3],"split_indices":[0,0,0,0,0],"split_type":[0,0,0,0,0],"sum_hessian":[9.2E1,5.8E1,3.4E1,2.6E1,3.2E1],"tree_param":{"num_deleted":"0","num_feature":"3","num_nodes":"5","size_leaf_vector":"1"}},{"base_weights":[-1.3561098E-2,3.7068618E-3,-4.4962507E-2,-6.4947456E-3,-2.411626E-3],"categories":[],"categories_nodes":[],"categories_segments":[],"categories_sizes":[],"default_left":[0,0,0,0,0],"id":133,"left_children":[1,-1,3,-1,-1],"loss_changes":[1.447527E-1,0E0,2.1763936E-2,0E0,0E0],"parents":[2147483647,0,0,2,2],"right_children":[2,-1,4,-1,-1],"split_conditions":[5.6E0,3.7068618E-3,3E0,-6.4947456E-3,-2.411626E-3],"split_indices":[0,0,1,0,0],"split_type":[0,0,0,0,0],"sum_hessian":[8.9E1,3.4E1,5.5E1,2.7E1,2.8E1],"tree_param":{"num_deleted":"0","num_feature":"3","num_nodes":"5","size_leaf_vector":"1"}},{"base_weights":[-1.36588225E-2,-3.9709173E-3,-4.1451976E-3,-1.649429E-3,1.5781395E-3],"categories":[],"categories_nodes":[],"categories_segments":[],"categories_sizes":[],"default_left":[0,0,0,0,0],"id":134,"left_children":[1,3,-1,-1,-1],"loss_changes":[2.70304E-2,1.9060085E-2,0E0,0E0,0E0],"parents":[2147483647,0,0,1,1],"right_children":[2,4,-1,-1,-1],"split_conditions":[6.5E0,3.2E0,-4.1451976E-3,-1.649429E-3,1.5781395E-3],"split_indices":[0,1,0,0,0],"split_type":[0,0,0,0,0],"sum_hessian":[1E2,7.5E1,2.5E1,4.6E1,2.9E1],"tree_param":{"num_deleted":"0","num_feature":"3","num_nodes":"5","size_leaf_vector":"1"}},{"base_weights":[-9.037034E-3,1.4370454E-2,-3.5963051E-3,2.1750375E-3,6.4378226E-4],"categories":[],"categories_nodes":[],"categories_segments":[],"categories_sizes":[],"default_left":[0,0,0,0,0],"id":135,"left_children":[1,3,-1,-1,-1],"loss_changes":[5.9762232E-2,2.8456263E-3,0E0,0E0,0E0],"parents":[2147483647,0,0,1,1],"right_children":[2,4,-1,-1,-1],"split_conditions":[5.8E0,5.2E0,-3.5963051E-3,2.1750375E-3,6.4378226E-4],"split_indices":[0,0,0,0,0],"split_type":[0,0,0,0,0],"sum_hessian":[9.3E1,5E1,4.3E1,2.5E1,2.5E1],"tree_param":{"num_deleted":"0","num_feature":"3","num_nodes":"5","size_leaf_vector":"1"}},{"base_weights":[1.1224361E-2,-1.1997103E-3,3.9390046E-3],"categories":[],"categories_nodes":[],"categories_segments":[],"categories_sizes":[],"default_left":[0,0,0],"id":136,"left_children":[1,-1,-1],"loss_changes":[5.8028832E-2,0E0,0E0],"parents":[2147483647,0,0],"right_children":[2,-1,-1],"split_conditions":[6.1E0,-1.1997103E-3,3.9390046E-3],"split_indices":[0,0,0],"split_type":[0,0,0],"sum_hessian":[8.7E1,4.8E1,3.9E1],"tree_param":{"num_deleted":"0","num_feature":"3","num_nodes":"3","size_leaf_vector":"1"}},{"base_weights":[5.0023617E-3,1.814601E-2,-2.2327926E-3,-1.0555248E-3,5.3374516E-3],"categories":[],"categories_nodes":[],"categories_segments":[],"categories_sizes":[],"default_left":[0,0,0,0,0],"id":137,"left_children":[1,3,-1,-1,-1],"loss_changes":[3.3094153E-2,6.325173E-2,0E0,0E0,0E0],"parents":[2147483647,0,0,1,1],"right_children":[2,4,-1,-1,-1],"split_conditions":[6.4E0,4E0,-2.2327926E-3,-1.0555248E-3,5.3374516E-3],"split_indices":[0,2,0,0,0],"split_type":[0,0,0,0,0],"sum_hessian":[9E1,6.1E1,2.9E1,3.4E1,2.7E1],"tree_param":{"num_deleted":"0","num_feature":"3","num_nodes":"5","size_leaf_vector":"1"}},{"base_weights":[-9.7423745E-3,2.9312489E-3,-3.6001832E-3,-2.231737E-3,3.313188E-3],"categories":[],"categories_nodes":[],"categories_segments":[],"categories_sizes":[],"default_left":[0,0,0,0,0],"id":138,"left_children":[1,3,-1,-1,-1],"loss_changes":[3.172177E-2,5.0303485E-2,0E0,0E0,0E0],"parents":[2147483647,0,0,1,1],"right_children":[2,4,-1,-1,-1],"split_conditions":[6.4E0,4E0,-3.6001832E-3,-2.231737E-3,3.313188E-3],"split_indices":[0,2,0,0,0],"split_type":[0,0,0,0,0],"sum_hessian":[9.4E1,6.4E1,3E1,3.5E1,2.9E1],"tree_param":{"num_deleted":"0","num_feature":"3","num_nodes":"5","size_leaf_vector":"1"}},{"base_weights":[-3.8830952E-3,-2.430707E-3,6.3877264E-3,-1.1926412E-3,2.397534E-3],"categories":[],"categories_nodes":[],"categories_segments":[],"categories_sizes":[],"default_left":[0,0,0,0,0],"id":139,"left_children":[1,-1,3,-1,-1],"loss_changes":[2.0712823E-2,0E0,2.1544669E-2,0E0,0E0],"parents":[2147483647,0,0,2,2],"right_children":[2,-1,4,-1,-1],"split_conditions":[3E0,-2.430707E-3,3E0,-1.1926412E-3,2.397534E-3],"split_indices":[2,0,1,0,0],"split_type":[0,0,0,0,0],"sum_hessian":[9.7E1,3.2E1,6.5E1,3.2E1,3.3E1],"tree_param":{"num_deleted":"0","num_feature":"3","num_nodes":"5","size_leaf_vector":"1"}},{"base_weights":[1.2193614E-2,-1.9574184E-3,4.172189E-3],"categories":[],"categories_nodes":[],"categories_segments":[],"categories_sizes":[],"default_left":[0,0,0],"id":140,"left_children":[1,-1,-1],"loss_changes":[8.711713E-2,0E0,0E0],"parents":[2147483647,0,0],"right_children":[2,-1,-1],"split_conditions":[4.3E0,-1.9574184E-3,4.172189E-3],"split_indices":[2,0,0],"split_type":[0,0,0],"sum_hessian":[9.1E1,4.4E1,4.7E1],"tree_param":{"num_deleted":"0","num_feature":"3","num_nodes":"3","size_leaf_vector":"1"}},{"base_weights":[6.8032526E-4,-8.849574E-3,2.6068194E-3,2.5644E-4,-2.914216E-3],"categories":[],"categories_nodes":[],"categories_segments":[],"categories_sizes":[],"default_left":[0,0,0,0,0],"id":141,"left_children":[1,3,-1,-1,-1],"loss_changes":[2.3941187E-2,1.67513E-2,0E0,0E0,0E0],"parents":[2147483647,0,0,1,1],"right_children":[2,4,-1,-1,-1],"split_conditions":[6.5E0,5.8E0,2.6068194E-3,2.5644E-4,-2.914216E-3],"split_indices":[0,0,0,0,0],"split_type":[0,0,0,0,0],"sum_hessian":[9.7E1,7.1E1,2.6E1,4.6E1,2.5E1],"tree_param":{"num_deleted":"0","num_feature":"3","num_nodes":"5","size_leaf_vector":"1"}},{"base_weights":[1.0415783E-2,-1.6735988E-3,2.5293445E-2,1.334573E-3,3.878759E-3],"categories":[],"categories_nodes":[],"categories_segments":[],"categories_sizes":[],"default_left":[0,0,0,0,0],"id":142,"left_children":[1,-1,3,-1,-1],"loss_changes":[4.0818796E-2,0E0,9.961925E-3,0E0,0E0],"parents":[2147483647,0,0,2,2],"right_children":[2,-1,4,-1,-1],"split_conditions":[3E0,-1.6735988E-3,6.4E0,1.334573E-3,3.878759E-3],"split_indices":[2,0,0,0,0],"split_type":[0,0,0,0,0],"sum_hessian":[9.9E1,3.5E1,6.4E1,3.5E1,2.9E1],"tree_param":{"num_deleted":"0","num_feature":"3","num_nodes":"5","size_leaf_vector":"1"}},{"base_weights":[8.348434E-3,3.8890995E-3,-5.843355E-3,7.1480544E-4,-1.7134501E-3],"categories":[],"categories_nodes":[],"categories_segments":[],"categories_sizes":[],"default_left":[0,0,0,0,0],"id":143,"left_children":[1,-1,3,-1,-1],"loss_changes":[3.967153E-2,0E0,9.363815E-3,0E0,0E0],"parents":[2147483647,0,0,2,2],"right_children":[2,-1,4,-1,-1],"split_conditions":[2.9E0,3.8890995E-3,3.2E0,7.1480544E-4,-1.7134501E-3],"split_indices":[1,0,1,0,0],"split_type":[0,0,0,0,0],"sum_hessian":[9E1,2.8E1,6.2E1,2.9E1,3.3E1],"tree_param":{"num_deleted":"0","num_feature":"3","num_nodes":"5","size_leaf_vector":"1"}},{"base_weights":[1.0901437E-2,-1.2924706E-2,4.6353773E-3,1.8287166E-4,-2.938513E-3],"categories":[],"categories_nodes":[],"categories_segments":[],"categories_sizes":[],"default_left":[0,0,0,0,0],"id":144,"left_children":[1,3,-1,-1,-1],"loss_changes":[8.000019E-2,1.389605E-2,0E0,0E0,0E0],"parents":[2147483647,0,0,1,1],"right_children":[2,4,-1,-1,-1],"split_conditions":[4.8E0,5.5E0,4.6353773E-3,1.8287166E-4,-2.938513E-3],"split_indices":[2,0,0,0,0],"split_type":[0,0,0,0,0],"sum_hessian":[9.3E1,5.6E1,3.7E1,3E1,2.6E1],"tree_param":{"num_deleted":"0","num_feature":"3","num_nodes":"5","size_leaf_vector":"1"}},{"base_weights":[1.6763855E-2,-7.9769E-4,3.0737106E-2,4.3501374E-3,1.2863175E-3],"categories":[],"categories_nodes":[],"categories_segments":[],"categories_sizes":[],"default_left":[0,0,0,0,0],"id":145,"left_children":[1,-1,3,-1,-1],"loss_changes":[3.2050394E-2,0E0,1.2901146E-2,0E0,0E0],"parents":[2147483647,0,0,2,2],"right_children":[2,-1,4,-1,-1],"split_conditions":[4E0,-7.9769E-4,6.5E0,4.3501374E-3,1.2863175E-3],"split_indices":[2,0,0,0,0],"split_type":[0,0,0,0,0],"sum_hessian":[9.1E1,3.3E1,5.8E1,3.3E1,2.5E1],"tree_param":{"num_deleted":"0","num_feature":"3","num_nodes":"5","size_leaf_vector":"1"}},{"base_weights":[-2.3356274E-2,-1.0329975E-2,-5.9532807E-3,9.7421353E-4,-2.8593205E-3],"categories":[],"categories_nodes":[],"categories_segments":[],"categories_sizes":[],"default_left":[0,0,0,0,0],"id":146,"left_children":[1,3,-1,-1,-1],"loss_changes":[4.6038415E-2,2.7405597E-2,0E0,0E0,0E0],"parents":[2147483647,0,0,1,1],"right_children":[2,4,-1,-1,-1],"split_conditions":[5.1E0,3.1E0,-5.9532807E-3,9.7421353E-4,-2.8593205E-3],"split_indices":[2,1,0,0,0],"split_type":[0,0,0,0,0],"sum_hessian":[9.8E1,7.3E1,2.5E1,3.5E1,3.8E1],"tree_param":{"num_deleted":"0","num_feature":"3","num_nodes":"5","size_leaf_vector":"1"}},{"base_weights":[-3.477536E-3,2.6199961E-2,-3.7501098E-3,-1.1576599E-3,6.1691646E-3],"categories":[],"categories_nodes":[],"categories_segments":[],"categories_sizes":[],"default_left":[0,0,0,0,0],"id":147,"left_children":[1,3,-1,-1,-1],"loss_changes":[1.0195593E-1,7.311489E-2,0E0,0E0,0E0],"parents":[2147483647,0,0,1,1],"right_children":[2,4,-1,-1,-1],"split_conditions":[5.8E0,1.6E0,-3.7501098E-3,-1.1576599E-3,6.1691646E-3],"split_indices":[0,2,0,0,0],"split_type":[0,0,0,0,0],"sum_hessian":[9.9E1,5.3E1,4.6E1,2.6E1,2.7E1],"tree_param":{"num_deleted":"0","num_feature":"3","num_nodes":"5","size_leaf_vector":"1"}},{"base_weights":[6.2418863E-4,1.595065E-3,-1.0485046E-2,-3.0529124E-3,9.2403975E-4],"categories":[],"categories_nodes":[],"categories_segments":[],"categories_sizes":[],"default_left":[0,0,0,0,0],"id":148,"left_children":[1,-1,3,-1,-1],"loss_changes":[1.7023504E-2,0E0,2.3214042E-2,0E0,0E0],"parents":[2147483647,0,0,2,2],"right_children":[2,-1,4,-1,-1],"split_conditions":[5.7E0,1.595065E-3,3E0,-3.0529124E-3,9.2403975E-4],"split_indices":[0,0,1,0,0],"split_type":[0,0,0,0,0],"sum_hessian":[9.8E1,4.1E1,5.7E1,2.8E1,2.9E1],"tree_param":{"num_deleted":"0","num_feature":"3","num_nodes":"5","size_leaf_vector":"1"}}]},"name":"gbtree"},"learner_model_param":{"base_score":"6.181222E-9","boost_from_average":"1","num_class":"0","num_feature":"3","num_target":"1"},"objective":{"name":"reg:squarederror","reg_loss_param":{"scale_pos_weight":"1"}}},"version":[2,1,1]}