{
    "uid": "0fe094a3-1607-46e3-ba78-eddafa4e0371",
    "name": "67_CatBoost_Stacked",
    "preprocessing": [
        {
            "scale_y": {
                "scale": [
                    0.7402033426838927
                ],
                "mean": [
                    1.238392857142857
                ],
                "var": [
                    0.5479009885204081
                ],
                "n_samples_seen": 112,
                "n_features_in": 1,
                "columns": [
                    "target"
                ],
                "scale_method": "scale_normal"
            },
            "ml_task": "regression",
            "params": {
                "columns_preprocessing": {},
                "target_preprocessing": [
                    "na_exclude",
                    "scale_normal"
                ],
                "ml_task": "regression"
            }
        },
        {
            "scale_y": {
                "scale": [
                    0.7605025694652618
                ],
                "mean": [
                    1.1696428571428572
                ],
                "var": [
                    0.5783641581632654
                ],
                "n_samples_seen": 112,
                "n_features_in": 1,
                "columns": [
                    "target"
                ],
                "scale_method": "scale_normal"
            },
            "ml_task": "regression",
            "params": {
                "columns_preprocessing": {},
                "target_preprocessing": [
                    "na_exclude",
                    "scale_normal"
                ],
                "ml_task": "regression"
            }
        },
        {
            "scale_y": {
                "scale": [
                    0.7692011777653727
                ],
                "mean": [
                    1.2442477876106197
                ],
                "var": [
                    0.5916704518756364
                ],
                "n_samples_seen": 113,
                "n_features_in": 1,
                "columns": [
                    "target"
                ],
                "scale_method": "scale_normal"
            },
            "ml_task": "regression",
            "params": {
                "columns_preprocessing": {},
                "target_preprocessing": [
                    "na_exclude",
                    "scale_normal"
                ],
                "ml_task": "regression"
            }
        },
        {
            "scale_y": {
                "scale": [
                    0.7635491361164356
                ],
                "mean": [
                    1.145132743362832
                ],
                "var": [
                    0.5830072832641552
                ],
                "n_samples_seen": 113,
                "n_features_in": 1,
                "columns": [
                    "target"
                ],
                "scale_method": "scale_normal"
            },
            "ml_task": "regression",
            "params": {
                "columns_preprocessing": {},
                "target_preprocessing": [
                    "na_exclude",
                    "scale_normal"
                ],
                "ml_task": "regression"
            }
        }
    ],
    "learners": [
        {
            "library_version": "1.2.5",
            "algorithm_name": "CatBoost",
            "algorithm_short_name": "CatBoost",
            "uid": "87687d43-29e0-44ab-b1a1-04b0e755e608",
            "params": {
                "model_type": "CatBoost",
                "ml_task": "regression",
                "n_jobs": -1,
                "seed": 1235,
                "learning_rate": 0.05,
                "depth": 7,
                "rsm": 0.8,
                "loss_function": "RMSE",
                "eval_metric": "RMSE",
                "explain_level": 0
            },
            "name": "learner_fold_0",
            "best_ntree_limit": 95
        },
        {
            "library_version": "1.2.5",
            "algorithm_name": "CatBoost",
            "algorithm_short_name": "CatBoost",
            "uid": "e72170d6-4ab3-4b9c-b411-d14427e2d779",
            "params": {
                "model_type": "CatBoost",
                "ml_task": "regression",
                "n_jobs": -1,
                "seed": 1235,
                "learning_rate": 0.05,
                "depth": 7,
                "rsm": 0.8,
                "loss_function": "RMSE",
                "eval_metric": "RMSE",
                "explain_level": 0
            },
            "name": "learner_fold_1",
            "best_ntree_limit": 203
        },
        {
            "library_version": "1.2.5",
            "algorithm_name": "CatBoost",
            "algorithm_short_name": "CatBoost",
            "uid": "45228f30-cc6e-4a22-bb12-8c1f05321b26",
            "params": {
                "model_type": "CatBoost",
                "ml_task": "regression",
                "n_jobs": -1,
                "seed": 1235,
                "learning_rate": 0.05,
                "depth": 7,
                "rsm": 0.8,
                "loss_function": "RMSE",
                "eval_metric": "RMSE",
                "explain_level": 0
            },
            "name": "learner_fold_2",
            "best_ntree_limit": 166
        },
        {
            "library_version": "1.2.5",
            "algorithm_name": "CatBoost",
            "algorithm_short_name": "CatBoost",
            "uid": "bf44bd0c-7ec6-4cd4-941c-4f46cd7c8ce8",
            "params": {
                "model_type": "CatBoost",
                "ml_task": "regression",
                "n_jobs": -1,
                "seed": 1235,
                "learning_rate": 0.05,
                "depth": 7,
                "rsm": 0.8,
                "loss_function": "RMSE",
                "eval_metric": "RMSE",
                "explain_level": 0
            },
            "name": "learner_fold_3",
            "best_ntree_limit": 156
        }
    ],
    "params": {
        "additional": {
            "max_rounds": 10000,
            "early_stopping_rounds": 50,
            "max_rows_limit": null,
            "max_cols_limit": null
        },
        "preprocessing": {
            "columns_preprocessing": {},
            "target_preprocessing": [
                "na_exclude",
                "scale_normal"
            ],
            "ml_task": "regression"
        },
        "validation_strategy": {
            "validation_type": "kfold",
            "k_folds": 4,
            "shuffle": true,
            "random_seed": 123,
            "X_path": "AutoML_3\\X_stacked.data",
            "y_path": "AutoML_3\\y.data",
            "results_path": "AutoML_3"
        },
        "learner": {
            "model_type": "CatBoost",
            "ml_task": "regression",
            "n_jobs": -1,
            "seed": 1235,
            "learning_rate": 0.05,
            "depth": 7,
            "rsm": 0.8,
            "loss_function": "RMSE",
            "eval_metric": "RMSE",
            "explain_level": 0
        },
        "automl_random_state": 1234,
        "ml_task": "regression",
        "explain_level": 0,
        "name": "67_CatBoost_Stacked",
        "status": "initialized",
        "final_loss": null,
        "train_time": null,
        "data_type": "original_stacked",
        "max_time_for_learner": 60,
        "is_stacked": true
    },
    "saved": [
        "67_CatBoost_Stacked\\learner_fold_0.catboost",
        "67_CatBoost_Stacked\\learner_fold_1.catboost",
        "67_CatBoost_Stacked\\learner_fold_2.catboost",
        "67_CatBoost_Stacked\\learner_fold_3.catboost"
    ],
    "predictions_fname": "67_CatBoost_Stacked\\predictions_out_of_folds.csv",
    "metric_name": "rmse",
    "final_loss": "0.17957730019678894",
    "train_time": 3.1450533866882324,
    "is_stacked": true,
    "joblib_version": "1.4.2"
}