{
    "uid": "69cbda3e-16d4-4f7a-96a8-ccc9252a8fbc",
    "name": "6_Default_Xgboost",
    "preprocessing": [
        {
            "scale_y": {
                "scale": [
                    0.7402033426838927
                ],
                "mean": [
                    1.238392857142857
                ],
                "var": [
                    0.5479009885204081
                ],
                "n_samples_seen": 112,
                "n_features_in": 1,
                "columns": [
                    "target"
                ],
                "scale_method": "scale_normal"
            },
            "ml_task": "regression",
            "params": {
                "columns_preprocessing": {},
                "target_preprocessing": [
                    "na_exclude",
                    "scale_normal"
                ],
                "ml_task": "regression"
            }
        },
        {
            "scale_y": {
                "scale": [
                    0.7605025694652618
                ],
                "mean": [
                    1.1696428571428572
                ],
                "var": [
                    0.5783641581632654
                ],
                "n_samples_seen": 112,
                "n_features_in": 1,
                "columns": [
                    "target"
                ],
                "scale_method": "scale_normal"
            },
            "ml_task": "regression",
            "params": {
                "columns_preprocessing": {},
                "target_preprocessing": [
                    "na_exclude",
                    "scale_normal"
                ],
                "ml_task": "regression"
            }
        },
        {
            "scale_y": {
                "scale": [
                    0.7692011777653727
                ],
                "mean": [
                    1.2442477876106197
                ],
                "var": [
                    0.5916704518756364
                ],
                "n_samples_seen": 113,
                "n_features_in": 1,
                "columns": [
                    "target"
                ],
                "scale_method": "scale_normal"
            },
            "ml_task": "regression",
            "params": {
                "columns_preprocessing": {},
                "target_preprocessing": [
                    "na_exclude",
                    "scale_normal"
                ],
                "ml_task": "regression"
            }
        },
        {
            "scale_y": {
                "scale": [
                    0.7635491361164356
                ],
                "mean": [
                    1.145132743362832
                ],
                "var": [
                    0.5830072832641552
                ],
                "n_samples_seen": 113,
                "n_features_in": 1,
                "columns": [
                    "target"
                ],
                "scale_method": "scale_normal"
            },
            "ml_task": "regression",
            "params": {
                "columns_preprocessing": {},
                "target_preprocessing": [
                    "na_exclude",
                    "scale_normal"
                ],
                "ml_task": "regression"
            }
        }
    ],
    "learners": [
        {
            "library_version": "2.1.1",
            "algorithm_name": "Extreme Gradient Boosting",
            "algorithm_short_name": "Xgboost",
            "uid": "ea68fd0b-332e-45d4-b5bf-021651cd2b66",
            "params": {
                "model_type": "Xgboost",
                "ml_task": "regression",
                "n_jobs": -1,
                "objective": "reg:squarederror",
                "eta": 0.075,
                "max_depth": 6,
                "min_child_weight": 1,
                "subsample": 1.0,
                "colsample_bytree": 1.0,
                "seed": 6,
                "eval_metric": "rmse",
                "explain_level": 0
            },
            "name": "learner_fold_0"
        },
        {
            "library_version": "2.1.1",
            "algorithm_name": "Extreme Gradient Boosting",
            "algorithm_short_name": "Xgboost",
            "uid": "c5ba5872-8a7d-47ec-85ea-340b008b8057",
            "params": {
                "model_type": "Xgboost",
                "ml_task": "regression",
                "n_jobs": -1,
                "objective": "reg:squarederror",
                "eta": 0.075,
                "max_depth": 6,
                "min_child_weight": 1,
                "subsample": 1.0,
                "colsample_bytree": 1.0,
                "seed": 6,
                "eval_metric": "rmse",
                "explain_level": 0
            },
            "name": "learner_fold_1"
        },
        {
            "library_version": "2.1.1",
            "algorithm_name": "Extreme Gradient Boosting",
            "algorithm_short_name": "Xgboost",
            "uid": "5d433d09-ea59-47bd-a5a5-5f4d5bd56a76",
            "params": {
                "model_type": "Xgboost",
                "ml_task": "regression",
                "n_jobs": -1,
                "objective": "reg:squarederror",
                "eta": 0.075,
                "max_depth": 6,
                "min_child_weight": 1,
                "subsample": 1.0,
                "colsample_bytree": 1.0,
                "seed": 6,
                "eval_metric": "rmse",
                "explain_level": 0
            },
            "name": "learner_fold_2"
        },
        {
            "library_version": "2.1.1",
            "algorithm_name": "Extreme Gradient Boosting",
            "algorithm_short_name": "Xgboost",
            "uid": "bdab7bae-d147-4ee7-9b41-bc04e1947914",
            "params": {
                "model_type": "Xgboost",
                "ml_task": "regression",
                "n_jobs": -1,
                "objective": "reg:squarederror",
                "eta": 0.075,
                "max_depth": 6,
                "min_child_weight": 1,
                "subsample": 1.0,
                "colsample_bytree": 1.0,
                "seed": 6,
                "eval_metric": "rmse",
                "explain_level": 0
            },
            "name": "learner_fold_3"
        }
    ],
    "params": {
        "additional": {
            "max_rounds": 10000,
            "early_stopping_rounds": 50,
            "max_rows_limit": null,
            "max_cols_limit": null
        },
        "preprocessing": {
            "columns_preprocessing": {},
            "target_preprocessing": [
                "na_exclude",
                "scale_normal"
            ],
            "ml_task": "regression"
        },
        "validation_strategy": {
            "validation_type": "kfold",
            "k_folds": 4,
            "shuffle": true,
            "random_seed": 123,
            "X_path": "AutoML_3\\X.data",
            "y_path": "AutoML_3\\y.data",
            "results_path": "AutoML_3"
        },
        "learner": {
            "model_type": "Xgboost",
            "ml_task": "regression",
            "n_jobs": -1,
            "objective": "reg:squarederror",
            "eta": 0.075,
            "max_depth": 6,
            "min_child_weight": 1,
            "subsample": 1.0,
            "colsample_bytree": 1.0,
            "seed": 6,
            "eval_metric": "rmse",
            "explain_level": 0
        },
        "automl_random_state": 1234,
        "ml_task": "regression",
        "explain_level": 0,
        "name": "6_Default_Xgboost",
        "status": "initialized",
        "final_loss": null,
        "train_time": null,
        "data_type": "original",
        "max_time_for_learner": 60
    },
    "saved": [
        "6_Default_Xgboost\\learner_fold_0.xgboost.json",
        "6_Default_Xgboost\\learner_fold_1.xgboost.json",
        "6_Default_Xgboost\\learner_fold_2.xgboost.json",
        "6_Default_Xgboost\\learner_fold_3.xgboost.json"
    ],
    "predictions_fname": "6_Default_Xgboost\\predictions_out_of_folds.csv",
    "metric_name": "rmse",
    "final_loss": "0.20100637873369284",
    "train_time": 1.0994205474853516,
    "is_stacked": false,
    "joblib_version": "1.4.2"
}