{
    "uid": "1eb09356-3770-4a47-a8f1-694cd50faadc",
    "name": "3_DecisionTree",
    "preprocessing": [
        {
            "ml_task": "regression",
            "params": {
                "columns_preprocessing": {},
                "target_preprocessing": [
                    "na_exclude"
                ],
                "ml_task": "regression"
            }
        },
        {
            "ml_task": "regression",
            "params": {
                "columns_preprocessing": {},
                "target_preprocessing": [
                    "na_exclude"
                ],
                "ml_task": "regression"
            }
        },
        {
            "ml_task": "regression",
            "params": {
                "columns_preprocessing": {},
                "target_preprocessing": [
                    "na_exclude"
                ],
                "ml_task": "regression"
            }
        },
        {
            "ml_task": "regression",
            "params": {
                "columns_preprocessing": {},
                "target_preprocessing": [
                    "na_exclude"
                ],
                "ml_task": "regression"
            }
        },
        {
            "ml_task": "regression",
            "params": {
                "columns_preprocessing": {},
                "target_preprocessing": [
                    "na_exclude"
                ],
                "ml_task": "regression"
            }
        }
    ],
    "learners": [
        {
            "library_version": "1.5.1",
            "algorithm_name": "Decision Tree",
            "algorithm_short_name": "Decision Tree",
            "uid": "29a4d88b-7f90-4069-93e1-7732107193d5",
            "params": {
                "model_type": "Decision Tree",
                "ml_task": "regression",
                "n_jobs": -1,
                "seed": 1236,
                "criterion": "squared_error",
                "max_depth": 4,
                "explain_level": 1
            },
            "name": "learner_fold_0"
        },
        {
            "library_version": "1.5.1",
            "algorithm_name": "Decision Tree",
            "algorithm_short_name": "Decision Tree",
            "uid": "4f2a3ce5-fbd5-43c7-92a0-16dccebc29c4",
            "params": {
                "model_type": "Decision Tree",
                "ml_task": "regression",
                "n_jobs": -1,
                "seed": 1236,
                "criterion": "squared_error",
                "max_depth": 4,
                "explain_level": 1
            },
            "name": "learner_fold_1"
        },
        {
            "library_version": "1.5.1",
            "algorithm_name": "Decision Tree",
            "algorithm_short_name": "Decision Tree",
            "uid": "c0f364ce-182d-4025-a3a2-56b09d3adf8f",
            "params": {
                "model_type": "Decision Tree",
                "ml_task": "regression",
                "n_jobs": -1,
                "seed": 1236,
                "criterion": "squared_error",
                "max_depth": 4,
                "explain_level": 1
            },
            "name": "learner_fold_2"
        },
        {
            "library_version": "1.5.1",
            "algorithm_name": "Decision Tree",
            "algorithm_short_name": "Decision Tree",
            "uid": "9ab0aec8-a987-4d81-affd-44bd2ec4d36c",
            "params": {
                "model_type": "Decision Tree",
                "ml_task": "regression",
                "n_jobs": -1,
                "seed": 1236,
                "criterion": "squared_error",
                "max_depth": 4,
                "explain_level": 1
            },
            "name": "learner_fold_3"
        },
        {
            "library_version": "1.5.1",
            "algorithm_name": "Decision Tree",
            "algorithm_short_name": "Decision Tree",
            "uid": "791830ec-a54c-4837-98bb-8113be8d874e",
            "params": {
                "model_type": "Decision Tree",
                "ml_task": "regression",
                "n_jobs": -1,
                "seed": 1236,
                "criterion": "squared_error",
                "max_depth": 4,
                "explain_level": 1
            },
            "name": "learner_fold_4"
        }
    ],
    "params": {
        "additional": {
            "trees_in_step": 1,
            "train_cant_improve_limit": 0,
            "max_steps": 1,
            "max_rows_limit": null,
            "max_cols_limit": null
        },
        "preprocessing": {
            "columns_preprocessing": {},
            "target_preprocessing": [
                "na_exclude"
            ],
            "ml_task": "regression"
        },
        "validation_strategy": {
            "validation_type": "kfold",
            "k_folds": 5,
            "shuffle": true,
            "X_path": "AutoML_2\\X.data",
            "y_path": "AutoML_2\\y.data",
            "results_path": "AutoML_2"
        },
        "learner": {
            "model_type": "Decision Tree",
            "ml_task": "regression",
            "n_jobs": -1,
            "seed": 1236,
            "criterion": "squared_error",
            "max_depth": 4,
            "explain_level": 1
        },
        "automl_random_state": 1234,
        "ml_task": "regression",
        "explain_level": 1,
        "name": "3_DecisionTree",
        "status": "initialized",
        "final_loss": null,
        "train_time": null,
        "data_type": "original",
        "max_time_for_learner": 60
    },
    "saved": [
        "3_DecisionTree\\learner_fold_0.decision_tree",
        "3_DecisionTree\\learner_fold_1.decision_tree",
        "3_DecisionTree\\learner_fold_2.decision_tree",
        "3_DecisionTree\\learner_fold_3.decision_tree",
        "3_DecisionTree\\learner_fold_4.decision_tree"
    ],
    "predictions_fname": "3_DecisionTree\\predictions_out_of_folds.csv",
    "metric_name": "rmse",
    "final_loss": "0.21730310158059052",
    "train_time": 13.080167770385742,
    "is_stacked": false,
    "joblib_version": "1.4.2",
    "single_prediction_time": 0.02752995491027832
}