{
    "uid": "d0f3bb9e-bb1d-4a55-9917-ff56f0db7d2b",
    "name": "6_Xgboost",
    "preprocessing": [
        {
            "scale_y": {
                "scale": [
                    0.7693065961558427
                ],
                "mean": [
                    1.209166666666667
                ],
                "var": [
                    0.5918326388888889
                ],
                "n_samples_seen": 120,
                "n_features_in": 1,
                "columns": [
                    "target"
                ],
                "scale_method": "scale_normal"
            },
            "ml_task": "regression",
            "params": {
                "columns_preprocessing": {},
                "target_preprocessing": [
                    "na_exclude",
                    "scale_normal"
                ],
                "ml_task": "regression"
            }
        },
        {
            "scale_y": {
                "scale": [
                    0.7501111028818775
                ],
                "mean": [
                    1.2
                ],
                "var": [
                    0.5626666666666668
                ],
                "n_samples_seen": 120,
                "n_features_in": 1,
                "columns": [
                    "target"
                ],
                "scale_method": "scale_normal"
            },
            "ml_task": "regression",
            "params": {
                "columns_preprocessing": {},
                "target_preprocessing": [
                    "na_exclude",
                    "scale_normal"
                ],
                "ml_task": "regression"
            }
        },
        {
            "scale_y": {
                "scale": [
                    0.770558509567357
                ],
                "mean": [
                    1.2125
                ],
                "var": [
                    0.5937604166666667
                ],
                "n_samples_seen": 120,
                "n_features_in": 1,
                "columns": [
                    "target"
                ],
                "scale_method": "scale_normal"
            },
            "ml_task": "regression",
            "params": {
                "columns_preprocessing": {},
                "target_preprocessing": [
                    "na_exclude",
                    "scale_normal"
                ],
                "ml_task": "regression"
            }
        },
        {
            "scale_y": {
                "scale": [
                    0.7617505424276958
                ],
                "mean": [
                    1.2083333333333333
                ],
                "var": [
                    0.5802638888888888
                ],
                "n_samples_seen": 120,
                "n_features_in": 1,
                "columns": [
                    "target"
                ],
                "scale_method": "scale_normal"
            },
            "ml_task": "regression",
            "params": {
                "columns_preprocessing": {},
                "target_preprocessing": [
                    "na_exclude",
                    "scale_normal"
                ],
                "ml_task": "regression"
            }
        },
        {
            "scale_y": {
                "scale": [
                    0.7454677875148076
                ],
                "mean": [
                    1.1666666666666667
                ],
                "var": [
                    0.5557222222222222
                ],
                "n_samples_seen": 120,
                "n_features_in": 1,
                "columns": [
                    "target"
                ],
                "scale_method": "scale_normal"
            },
            "ml_task": "regression",
            "params": {
                "columns_preprocessing": {},
                "target_preprocessing": [
                    "na_exclude",
                    "scale_normal"
                ],
                "ml_task": "regression"
            }
        }
    ],
    "learners": [
        {
            "library_version": "2.1.1",
            "algorithm_name": "Extreme Gradient Boosting",
            "algorithm_short_name": "Xgboost",
            "uid": "5b80c3ed-165b-4b87-a4e0-1afdc2e8ff36",
            "params": {
                "model_type": "Xgboost",
                "ml_task": "regression",
                "n_jobs": -1,
                "seed": 1235,
                "objective": "reg:squarederror",
                "eta": 0.075,
                "max_depth": 8,
                "min_child_weight": 5,
                "subsample": 1.0,
                "colsample_bytree": 1.0,
                "eval_metric": "rmse",
                "explain_level": 1
            },
            "name": "learner_fold_0"
        },
        {
            "library_version": "2.1.1",
            "algorithm_name": "Extreme Gradient Boosting",
            "algorithm_short_name": "Xgboost",
            "uid": "452e4860-46af-47d1-8193-3b2e6649b11c",
            "params": {
                "model_type": "Xgboost",
                "ml_task": "regression",
                "n_jobs": -1,
                "seed": 1235,
                "objective": "reg:squarederror",
                "eta": 0.075,
                "max_depth": 8,
                "min_child_weight": 5,
                "subsample": 1.0,
                "colsample_bytree": 1.0,
                "eval_metric": "rmse",
                "explain_level": 1
            },
            "name": "learner_fold_1"
        },
        {
            "library_version": "2.1.1",
            "algorithm_name": "Extreme Gradient Boosting",
            "algorithm_short_name": "Xgboost",
            "uid": "c30d05df-ca5b-4fcf-bcee-642963c30e4c",
            "params": {
                "model_type": "Xgboost",
                "ml_task": "regression",
                "n_jobs": -1,
                "seed": 1235,
                "objective": "reg:squarederror",
                "eta": 0.075,
                "max_depth": 8,
                "min_child_weight": 5,
                "subsample": 1.0,
                "colsample_bytree": 1.0,
                "eval_metric": "rmse",
                "explain_level": 1
            },
            "name": "learner_fold_2"
        },
        {
            "library_version": "2.1.1",
            "algorithm_name": "Extreme Gradient Boosting",
            "algorithm_short_name": "Xgboost",
            "uid": "7087cad0-9415-445c-bd14-e0c9b317167c",
            "params": {
                "model_type": "Xgboost",
                "ml_task": "regression",
                "n_jobs": -1,
                "seed": 1235,
                "objective": "reg:squarederror",
                "eta": 0.075,
                "max_depth": 8,
                "min_child_weight": 5,
                "subsample": 1.0,
                "colsample_bytree": 1.0,
                "eval_metric": "rmse",
                "explain_level": 1
            },
            "name": "learner_fold_3"
        },
        {
            "library_version": "2.1.1",
            "algorithm_name": "Extreme Gradient Boosting",
            "algorithm_short_name": "Xgboost",
            "uid": "90f2c40e-d490-4ee2-a229-827ed9b9edc7",
            "params": {
                "model_type": "Xgboost",
                "ml_task": "regression",
                "n_jobs": -1,
                "seed": 1235,
                "objective": "reg:squarederror",
                "eta": 0.075,
                "max_depth": 8,
                "min_child_weight": 5,
                "subsample": 1.0,
                "colsample_bytree": 1.0,
                "eval_metric": "rmse",
                "explain_level": 1
            },
            "name": "learner_fold_4"
        }
    ],
    "params": {
        "additional": {
            "max_rounds": 10000,
            "early_stopping_rounds": 50,
            "max_rows_limit": null,
            "max_cols_limit": null
        },
        "preprocessing": {
            "columns_preprocessing": {},
            "target_preprocessing": [
                "na_exclude",
                "scale_normal"
            ],
            "ml_task": "regression"
        },
        "validation_strategy": {
            "validation_type": "kfold",
            "k_folds": 5,
            "shuffle": true,
            "X_path": "AutoML_2\\X.data",
            "y_path": "AutoML_2\\y.data",
            "results_path": "AutoML_2"
        },
        "learner": {
            "model_type": "Xgboost",
            "ml_task": "regression",
            "n_jobs": -1,
            "seed": 1235,
            "objective": "reg:squarederror",
            "eta": 0.075,
            "max_depth": 8,
            "min_child_weight": 5,
            "subsample": 1.0,
            "colsample_bytree": 1.0,
            "eval_metric": "rmse",
            "explain_level": 1
        },
        "automl_random_state": 1234,
        "ml_task": "regression",
        "explain_level": 1,
        "name": "6_Xgboost",
        "status": "initialized",
        "final_loss": null,
        "train_time": null,
        "data_type": "original",
        "max_time_for_learner": 60
    },
    "saved": [
        "6_Xgboost\\learner_fold_0.xgboost.json",
        "6_Xgboost\\learner_fold_1.xgboost.json",
        "6_Xgboost\\learner_fold_2.xgboost.json",
        "6_Xgboost\\learner_fold_3.xgboost.json",
        "6_Xgboost\\learner_fold_4.xgboost.json"
    ],
    "predictions_fname": "6_Xgboost\\predictions_out_of_folds.csv",
    "metric_name": "rmse",
    "final_loss": "0.19914499861520943",
    "train_time": 4.423454761505127,
    "is_stacked": false,
    "joblib_version": "1.4.2",
    "single_prediction_time": 0.06100010871887207
}