{
    "fit_level": "finished",
    "time_controller": {
        "total_time_limit": 120,
        "model_time_limit": null,
        "steps": [
            "simple_algorithms",
            "default_algorithms",
            "ensemble"
        ],
        "algorithms": [
            "Baseline",
            "Linear",
            "Decision Tree",
            "Random Forest",
            "Xgboost",
            "Neural Network"
        ],
        "spend": [
            {
                "model_name": "prepare_data",
                "model_type": "prepare_data",
                "fit_level": "prepare_data",
                "train_time": 0.013998031616210938
            },
            {
                "model_name": "1_Baseline",
                "model_type": "Baseline",
                "fit_level": "simple_algorithms",
                "train_time": 0.3216848373413086
            },
            {
                "model_name": "2_DecisionTree",
                "model_type": "Decision Tree",
                "fit_level": "simple_algorithms",
                "train_time": 2.671921968460083
            },
            {
                "model_name": "3_Linear",
                "model_type": "Linear",
                "fit_level": "simple_algorithms",
                "train_time": 1.575953722000122
            },
            {
                "model_name": "4_Default_Xgboost",
                "model_type": "Xgboost",
                "fit_level": "default_algorithms",
                "train_time": 1.6528394222259521
            },
            {
                "model_name": "5_Default_NeuralNetwork",
                "model_type": "Neural Network",
                "fit_level": "default_algorithms",
                "train_time": 0.4725499153137207
            },
            {
                "model_name": "6_Default_RandomForest",
                "model_type": "Random Forest",
                "fit_level": "default_algorithms",
                "train_time": 2.655545234680176
            },
            {
                "model_name": "Ensemble",
                "model_type": "Ensemble",
                "fit_level": "ensemble",
                "train_time": 0.22556376457214355
            }
        ],
        "is_hill_climbing": false,
        "is_stacking": false
    },
    "all_params": {
        "simple_algorithms": [
            {
                "additional": {
                    "max_steps": 1,
                    "max_rows_limit": null,
                    "max_cols_limit": null
                },
                "preprocessing": {
                    "columns_preprocessing": {},
                    "target_preprocessing": [
                        "na_exclude"
                    ],
                    "ml_task": "regression"
                },
                "validation_strategy": {
                    "validation_type": "split",
                    "train_ratio": 0.75,
                    "shuffle": true,
                    "X_path": "AutoML_3\\X.data",
                    "y_path": "AutoML_3\\y.data",
                    "results_path": "AutoML_3"
                },
                "learner": {
                    "model_type": "Baseline",
                    "ml_task": "regression",
                    "n_jobs": -1,
                    "seed": 1235,
                    "explain_level": 2
                },
                "automl_random_state": 1234,
                "ml_task": "regression",
                "explain_level": 2,
                "name": "1_Baseline",
                "status": "trained",
                "final_loss": 0.7286360115762436,
                "train_time": 0.6332511901855469,
                "data_type": "original",
                "max_time_for_learner": 60
            },
            {
                "additional": {
                    "trees_in_step": 1,
                    "train_cant_improve_limit": 0,
                    "max_steps": 1,
                    "max_rows_limit": null,
                    "max_cols_limit": null
                },
                "preprocessing": {
                    "columns_preprocessing": {},
                    "target_preprocessing": [
                        "na_exclude"
                    ],
                    "ml_task": "regression"
                },
                "validation_strategy": {
                    "validation_type": "split",
                    "train_ratio": 0.75,
                    "shuffle": true,
                    "X_path": "AutoML_3\\X.data",
                    "y_path": "AutoML_3\\y.data",
                    "results_path": "AutoML_3"
                },
                "learner": {
                    "model_type": "Decision Tree",
                    "ml_task": "regression",
                    "n_jobs": -1,
                    "seed": 1235,
                    "criterion": "squared_error",
                    "max_depth": 3,
                    "explain_level": 2
                },
                "automl_random_state": 1234,
                "ml_task": "regression",
                "explain_level": 2,
                "name": "2_DecisionTree",
                "status": "trained",
                "final_loss": 0.20211926153237067,
                "train_time": 3.259082078933716,
                "data_type": "original",
                "max_time_for_learner": 60
            },
            {
                "additional": {
                    "max_steps": 1,
                    "max_rows_limit": null,
                    "max_cols_limit": null
                },
                "preprocessing": {
                    "columns_preprocessing": {
                        "sepal length (cm)": [
                            "scale_normal"
                        ],
                        "sepal width (cm)": [
                            "scale_normal"
                        ],
                        "petal length (cm)": [
                            "scale_normal"
                        ]
                    },
                    "target_preprocessing": [
                        "na_exclude",
                        "scale_normal"
                    ],
                    "ml_task": "regression"
                },
                "validation_strategy": {
                    "validation_type": "split",
                    "train_ratio": 0.75,
                    "shuffle": true,
                    "X_path": "AutoML_3\\X.data",
                    "y_path": "AutoML_3\\y.data",
                    "results_path": "AutoML_3"
                },
                "learner": {
                    "model_type": "Linear",
                    "ml_task": "regression",
                    "n_jobs": -1,
                    "seed": 1235,
                    "explain_level": 2
                },
                "automl_random_state": 1234,
                "ml_task": "regression",
                "explain_level": 2,
                "name": "3_Linear",
                "status": "trained",
                "final_loss": 0.17286080523977668,
                "train_time": 2.187950372695923,
                "data_type": "original",
                "max_time_for_learner": 60
            }
        ],
        "default_algorithms": [
            {
                "additional": {
                    "max_rounds": 10000,
                    "early_stopping_rounds": 50,
                    "max_rows_limit": null,
                    "max_cols_limit": null
                },
                "preprocessing": {
                    "columns_preprocessing": {},
                    "target_preprocessing": [
                        "na_exclude",
                        "scale_normal"
                    ],
                    "ml_task": "regression"
                },
                "validation_strategy": {
                    "validation_type": "split",
                    "train_ratio": 0.75,
                    "shuffle": true,
                    "X_path": "AutoML_3\\X.data",
                    "y_path": "AutoML_3\\y.data",
                    "results_path": "AutoML_3"
                },
                "learner": {
                    "model_type": "Xgboost",
                    "ml_task": "regression",
                    "n_jobs": -1,
                    "objective": "reg:squarederror",
                    "eta": 0.075,
                    "max_depth": 6,
                    "min_child_weight": 1,
                    "subsample": 1.0,
                    "colsample_bytree": 1.0,
                    "seed": 4,
                    "eval_metric": "rmse",
                    "explain_level": 2
                },
                "automl_random_state": 1234,
                "ml_task": "regression",
                "explain_level": 2,
                "name": "4_Default_Xgboost",
                "status": "trained",
                "final_loss": 0.24473415164642146,
                "train_time": 2.3185665607452393,
                "data_type": "original",
                "max_time_for_learner": 60
            },
            {
                "additional": {
                    "max_rows_limit": null,
                    "max_cols_limit": null
                },
                "preprocessing": {
                    "columns_preprocessing": {
                        "sepal length (cm)": [
                            "scale_normal"
                        ],
                        "sepal width (cm)": [
                            "scale_normal"
                        ],
                        "petal length (cm)": [
                            "scale_normal"
                        ]
                    },
                    "target_preprocessing": [
                        "na_exclude",
                        "scale_normal"
                    ],
                    "ml_task": "regression"
                },
                "validation_strategy": {
                    "validation_type": "split",
                    "train_ratio": 0.75,
                    "shuffle": true,
                    "X_path": "AutoML_3\\X.data",
                    "y_path": "AutoML_3\\y.data",
                    "results_path": "AutoML_3"
                },
                "learner": {
                    "model_type": "Neural Network",
                    "ml_task": "regression",
                    "n_jobs": -1,
                    "dense_1_size": 32,
                    "dense_2_size": 16,
                    "learning_rate": 0.05,
                    "seed": 5,
                    "explain_level": 2
                },
                "automl_random_state": 1234,
                "ml_task": "regression",
                "explain_level": 2,
                "name": "5_Default_NeuralNetwork",
                "status": "trained",
                "final_loss": 0.16533302555920254,
                "train_time": 0.9982125759124756,
                "data_type": "original",
                "max_time_for_learner": 60
            },
            {
                "additional": {
                    "trees_in_step": 100,
                    "train_cant_improve_limit": 1,
                    "min_steps": 1,
                    "max_steps": 50,
                    "early_stopping_rounds": 50,
                    "max_rows_limit": null,
                    "max_cols_limit": null
                },
                "preprocessing": {
                    "columns_preprocessing": {},
                    "target_preprocessing": [
                        "na_exclude",
                        "scale_normal"
                    ],
                    "ml_task": "regression"
                },
                "validation_strategy": {
                    "validation_type": "split",
                    "train_ratio": 0.75,
                    "shuffle": true,
                    "X_path": "AutoML_3\\X.data",
                    "y_path": "AutoML_3\\y.data",
                    "results_path": "AutoML_3"
                },
                "learner": {
                    "model_type": "Random Forest",
                    "ml_task": "regression",
                    "n_jobs": -1,
                    "criterion": "squared_error",
                    "max_features": 0.9,
                    "min_samples_split": 30,
                    "max_depth": 4,
                    "seed": 6,
                    "eval_metric_name": "rmse",
                    "explain_level": 2
                },
                "automl_random_state": 1234,
                "ml_task": "regression",
                "explain_level": 2,
                "name": "6_Default_RandomForest",
                "status": "trained",
                "final_loss": 0.18687206371446857,
                "train_time": 3.3010079860687256,
                "data_type": "original",
                "max_time_for_learner": 60
            }
        ],
        "ensemble": [
            {
                "model_type": "ensemble",
                "is_stacked": false,
                "name": "Ensemble",
                "status": "trained",
                "final_loss": 0.15671445569776524,
                "train_time": 0.22556376457214355
            }
        ]
    },
    "adjust_validation": false
}