{
    "name": "Ensemble",
    "ml_task": "regression",
    "optimize_metric": "rmse",
    "selected_models": [
        {
            "model": "12_Xgboost",
            "repeat": 5.0
        },
        {
            "model": "18_RandomForest",
            "repeat": 10.0
        },
        {
            "model": "25_RandomForest",
            "repeat": 6.0
        },
        {
            "model": "26_RandomForest",
            "repeat": 2.0
        },
        {
            "model": "34_NeuralNetwork",
            "repeat": 4.0
        },
        {
            "model": "37_RandomForest",
            "repeat": 3.0
        },
        {
            "model": "43_Xgboost",
            "repeat": 1.0
        },
        {
            "model": "51_DecisionTree",
            "repeat": 6.0
        },
        {
            "model": "5_Linear",
            "repeat": 24.0
        },
        {
            "model": "61_NeuralNetwork",
            "repeat": 4.0
        },
        {
            "model": "7_Default_NeuralNetwork",
            "repeat": 1.0
        },
        {
            "model": "8_Default_RandomForest_GoldenFeatures",
            "repeat": 4.0
        }
    ],
    "predictions_fname": "Ensemble\\predictions_ensemble.csv",
    "metric_name": "rmse",
    "final_loss": 0.09711893084298726,
    "train_time": 8.262725591659546,
    "is_stacked": false
}