{
    "uid": "14115c5d-43c2-4fa7-ae39-b19f6d1026cd",
    "name": "10_RandomForest",
    "preprocessing": [
        {
            "scale_y": {
                "scale": [
                    0.7693065961558427
                ],
                "mean": [
                    1.209166666666667
                ],
                "var": [
                    0.5918326388888889
                ],
                "n_samples_seen": 120,
                "n_features_in": 1,
                "columns": [
                    "target"
                ],
                "scale_method": "scale_normal"
            },
            "ml_task": "regression",
            "params": {
                "columns_preprocessing": {},
                "target_preprocessing": [
                    "na_exclude",
                    "scale_normal"
                ],
                "ml_task": "regression"
            }
        },
        {
            "scale_y": {
                "scale": [
                    0.7501111028818775
                ],
                "mean": [
                    1.2
                ],
                "var": [
                    0.5626666666666668
                ],
                "n_samples_seen": 120,
                "n_features_in": 1,
                "columns": [
                    "target"
                ],
                "scale_method": "scale_normal"
            },
            "ml_task": "regression",
            "params": {
                "columns_preprocessing": {},
                "target_preprocessing": [
                    "na_exclude",
                    "scale_normal"
                ],
                "ml_task": "regression"
            }
        },
        {
            "scale_y": {
                "scale": [
                    0.770558509567357
                ],
                "mean": [
                    1.2125
                ],
                "var": [
                    0.5937604166666667
                ],
                "n_samples_seen": 120,
                "n_features_in": 1,
                "columns": [
                    "target"
                ],
                "scale_method": "scale_normal"
            },
            "ml_task": "regression",
            "params": {
                "columns_preprocessing": {},
                "target_preprocessing": [
                    "na_exclude",
                    "scale_normal"
                ],
                "ml_task": "regression"
            }
        },
        {
            "scale_y": {
                "scale": [
                    0.7617505424276958
                ],
                "mean": [
                    1.2083333333333333
                ],
                "var": [
                    0.5802638888888888
                ],
                "n_samples_seen": 120,
                "n_features_in": 1,
                "columns": [
                    "target"
                ],
                "scale_method": "scale_normal"
            },
            "ml_task": "regression",
            "params": {
                "columns_preprocessing": {},
                "target_preprocessing": [
                    "na_exclude",
                    "scale_normal"
                ],
                "ml_task": "regression"
            }
        },
        {
            "scale_y": {
                "scale": [
                    0.7454677875148076
                ],
                "mean": [
                    1.1666666666666667
                ],
                "var": [
                    0.5557222222222222
                ],
                "n_samples_seen": 120,
                "n_features_in": 1,
                "columns": [
                    "target"
                ],
                "scale_method": "scale_normal"
            },
            "ml_task": "regression",
            "params": {
                "columns_preprocessing": {},
                "target_preprocessing": [
                    "na_exclude",
                    "scale_normal"
                ],
                "ml_task": "regression"
            }
        }
    ],
    "learners": [
        {
            "library_version": "1.5.1",
            "algorithm_name": "Random Forest",
            "algorithm_short_name": "Random Forest",
            "uid": "df2aa435-bedd-4094-a57b-483d120f2414",
            "params": {
                "model_type": "Random Forest",
                "ml_task": "regression",
                "n_jobs": -1,
                "seed": 1235,
                "criterion": "squared_error",
                "max_features": 0.5,
                "min_samples_split": 20,
                "max_depth": 4,
                "eval_metric_name": "rmse",
                "explain_level": 1
            },
            "name": "learner_fold_0"
        },
        {
            "library_version": "1.5.1",
            "algorithm_name": "Random Forest",
            "algorithm_short_name": "Random Forest",
            "uid": "7c6fda62-7a6c-4205-8b26-fa8a5c2359a9",
            "params": {
                "model_type": "Random Forest",
                "ml_task": "regression",
                "n_jobs": -1,
                "seed": 1235,
                "criterion": "squared_error",
                "max_features": 0.5,
                "min_samples_split": 20,
                "max_depth": 4,
                "eval_metric_name": "rmse",
                "explain_level": 1
            },
            "name": "learner_fold_1"
        },
        {
            "library_version": "1.5.1",
            "algorithm_name": "Random Forest",
            "algorithm_short_name": "Random Forest",
            "uid": "53b06183-de0b-4cd2-b31c-66efa3444866",
            "params": {
                "model_type": "Random Forest",
                "ml_task": "regression",
                "n_jobs": -1,
                "seed": 1235,
                "criterion": "squared_error",
                "max_features": 0.5,
                "min_samples_split": 20,
                "max_depth": 4,
                "eval_metric_name": "rmse",
                "explain_level": 1
            },
            "name": "learner_fold_2"
        },
        {
            "library_version": "1.5.1",
            "algorithm_name": "Random Forest",
            "algorithm_short_name": "Random Forest",
            "uid": "3879811e-885c-4420-98fd-84472323672c",
            "params": {
                "model_type": "Random Forest",
                "ml_task": "regression",
                "n_jobs": -1,
                "seed": 1235,
                "criterion": "squared_error",
                "max_features": 0.5,
                "min_samples_split": 20,
                "max_depth": 4,
                "eval_metric_name": "rmse",
                "explain_level": 1
            },
            "name": "learner_fold_3"
        },
        {
            "library_version": "1.5.1",
            "algorithm_name": "Random Forest",
            "algorithm_short_name": "Random Forest",
            "uid": "27115af3-617b-47c4-acee-7c5f8cf25106",
            "params": {
                "model_type": "Random Forest",
                "ml_task": "regression",
                "n_jobs": -1,
                "seed": 1235,
                "criterion": "squared_error",
                "max_features": 0.5,
                "min_samples_split": 20,
                "max_depth": 4,
                "eval_metric_name": "rmse",
                "explain_level": 1
            },
            "name": "learner_fold_4"
        }
    ],
    "params": {
        "additional": {
            "trees_in_step": 100,
            "train_cant_improve_limit": 1,
            "min_steps": 1,
            "max_steps": 50,
            "early_stopping_rounds": 50,
            "max_rows_limit": null,
            "max_cols_limit": null
        },
        "preprocessing": {
            "columns_preprocessing": {},
            "target_preprocessing": [
                "na_exclude",
                "scale_normal"
            ],
            "ml_task": "regression"
        },
        "validation_strategy": {
            "validation_type": "kfold",
            "k_folds": 5,
            "shuffle": true,
            "X_path": "AutoML_2\\X.data",
            "y_path": "AutoML_2\\y.data",
            "results_path": "AutoML_2"
        },
        "learner": {
            "model_type": "Random Forest",
            "ml_task": "regression",
            "n_jobs": -1,
            "seed": 1235,
            "criterion": "squared_error",
            "max_features": 0.5,
            "min_samples_split": 20,
            "max_depth": 4,
            "eval_metric_name": "rmse",
            "explain_level": 1
        },
        "automl_random_state": 1234,
        "ml_task": "regression",
        "explain_level": 1,
        "name": "10_RandomForest",
        "status": "initialized",
        "final_loss": null,
        "train_time": null,
        "data_type": "original",
        "max_time_for_learner": 60
    },
    "saved": [
        "10_RandomForest\\learner_fold_0.random_forest",
        "10_RandomForest\\learner_fold_1.random_forest",
        "10_RandomForest\\learner_fold_2.random_forest",
        "10_RandomForest\\learner_fold_3.random_forest",
        "10_RandomForest\\learner_fold_4.random_forest"
    ],
    "predictions_fname": "10_RandomForest\\predictions_out_of_folds.csv",
    "metric_name": "rmse",
    "final_loss": "0.24262257704901577",
    "train_time": 5.466196060180664,
    "is_stacked": false,
    "joblib_version": "1.4.2",
    "single_prediction_time": 0.14595913887023926
}