{
    "uid": "b53e0f6c-8409-4ecc-9116-a0e0ff3cdab0",
    "name": "2_Baseline",
    "preprocessing": [
        {
            "ml_task": "regression",
            "params": {
                "columns_preprocessing": {},
                "target_preprocessing": [
                    "na_exclude"
                ],
                "ml_task": "regression"
            }
        }
    ],
    "learners": [
        {
            "library_version": "1.5.1",
            "algorithm_name": "Baseline Regressor",
            "algorithm_short_name": "Baseline",
            "uid": "29505c0b-faac-4e15-8441-5c760d870098",
            "params": {
                "model_type": "Baseline",
                "ml_task": "regression",
                "n_jobs": -1,
                "seed": 1235,
                "explain_level": 0
            },
            "name": "learner_fold_0"
        }
    ],
    "params": {
        "additional": {
            "max_steps": 1,
            "max_rows_limit": null,
            "max_cols_limit": null
        },
        "preprocessing": {
            "columns_preprocessing": {},
            "target_preprocessing": [
                "na_exclude"
            ],
            "ml_task": "regression"
        },
        "validation_strategy": {
            "validation_type": "split",
            "train_ratio": 0.9,
            "shuffle": true,
            "X_path": "AutoML_4\\X.data",
            "y_path": "AutoML_4\\y.data",
            "results_path": "AutoML_4"
        },
        "learner": {
            "model_type": "Baseline",
            "ml_task": "regression",
            "n_jobs": -1,
            "seed": 1235,
            "explain_level": 0
        },
        "automl_random_state": 1234,
        "ml_task": "regression",
        "explain_level": 0,
        "name": "2_Baseline",
        "status": "initialized",
        "final_loss": null,
        "train_time": null,
        "data_type": "original",
        "max_time_for_learner": 60
    },
    "saved": [
        "2_Baseline\\learner_fold_0.baseline"
    ],
    "predictions_fname": "2_Baseline\\predictions_validation.csv",
    "metric_name": "rmse",
    "final_loss": "0.7050065911413964",
    "train_time": 0.3497002124786377,
    "is_stacked": false,
    "joblib_version": "1.4.2"
}