{"learner":{"attributes":{"best_iteration":"46","best_score":"0.23864757980122578"},"feature_names":[],"feature_types":[],"gradient_booster":{"model":{"gbtree_model_param":{"num_parallel_tree":"1","num_trees":"97"},"iteration_indptr":[0,1,2,3,4,5,6,7,8,9,10,11,12,13,14,15,16,17,18,19,20,21,22,23,24,25,26,27,28,29,30,31,32,33,34,35,36,37,38,39,40,41,42,43,44,45,46,47,48,49,50,51,52,53,54,55,56,57,58,59,60,61,62,63,64,65,66,67,68,69,70,71,72,73,74,75,76,77,78,79,80,81,82,83,84,85,86,87,88,89,90,91,92,93,94,95,96,97],"tree_info":[0,0,0,0,0,0,0,0,0,0,0,0,0,0,0,0,0,0,0,0,0,0,0,0,0,0,0,0,0,0,0,0,0,0,0,0,0,0,0,0,0,0,0,0,0,0,0,0,0,0,0,0,0,0,0,0,0,0,0,0,0,0,0,0,0,0,0,0,0,0,0,0,0,0,0,0,0,0,0,0,0,0,0,0,0,0,0,0,0,0,0,0,0,0,0,0,0],"trees":[{"base_weights":[5.3140172E-9,-1.10395364E-1,6.753599E-2],"categories":[],"categories_nodes":[],"categories_segments":[],"categories_sizes":[],"default_left":[0,0,0],"id":0,"left_children":[1,-1,-1],"loss_changes":[1.0214254E2,0E0,0E0],"parents":[2147483647,0,0],"right_children":[2,-1,-1],"split_conditions":[3.8E0,-1.10395364E-1,6.753599E-2],"split_indices":[2,0,0],"split_type":[0,0,0],"sum_hessian":[1.35E2,5.1E1,8.4E1],"tree_param":{"num_deleted":"0","num_feature":"3","num_nodes":"3","size_leaf_vector":"1"}},{"base_weights":[-3.151555E-4,-9.6685916E-2,6.285245E-2],"categories":[],"categories_nodes":[],"categories_segments":[],"categories_sizes":[],"default_left":[0,0,0],"id":1,"left_children":[1,-1,-1],"loss_changes":[8.3268654E1,0E0,0E0],"parents":[2147483647,0,0],"right_children":[2,-1,-1],"split_conditions":[4E0,-9.6685916E-2,6.285245E-2],"split_indices":[2,0,0],"split_type":[0,0,0],"sum_hessian":[1.35E2,5.3E1,8.2E1],"tree_param":{"num_deleted":"0","num_feature":"3","num_nodes":"3","size_leaf_vector":"1"}},{"base_weights":[-5.323966E-4,-7.5503446E-2,6.609561E-2],"categories":[],"categories_nodes":[],"categories_segments":[],"categories_sizes":[],"default_left":[0,0,0],"id":2,"left_children":[1,-1,-1],"loss_changes":[6.837589E1,0E0,0E0],"parents":[2147483647,0,0],"right_children":[2,-1,-1],"split_conditions":[4.3E0,-7.5503446E-2,6.609561E-2],"split_indices":[2,0,0],"split_type":[0,0,0],"sum_hessian":[1.35E2,6.3E1,7.2E1],"tree_param":{"num_deleted":"0","num_feature":"3","num_nodes":"3","size_leaf_vector":"1"}},{"base_weights":[-5.483287E-4,-8.43055E-2,4.990841E-2],"categories":[],"categories_nodes":[],"categories_segments":[],"categories_sizes":[],"default_left":[0,0,0],"id":3,"left_children":[1,-1,-1],"loss_changes":[5.7669094E1,0E0,0E0],"parents":[2147483647,0,0],"right_children":[2,-1,-1],"split_conditions":[3.7E0,-8.43055E-2,4.990841E-2],"split_indices":[2,0,0],"split_type":[0,0,0],"sum_hessian":[1.35E2,5E1,8.5E1],"tree_param":{"num_deleted":"0","num_feature":"3","num_nodes":"3","size_leaf_vector":"1"}},{"base_weights":[-7.464408E-4,-5.8113247E-2,6.0563814E-2],"categories":[],"categories_nodes":[],"categories_segments":[],"categories_sizes":[],"default_left":[0,0,0],"id":4,"left_children":[1,-1,-1],"loss_changes":[4.821541E1,0E0,0E0],"parents":[2147483647,0,0],"right_children":[2,-1,-1],"split_conditions":[4.5E0,-5.8113247E-2,6.0563814E-2],"split_indices":[2,0,0],"split_type":[0,0,0],"sum_hessian":[1.35E2,6.9E1,6.6E1],"tree_param":{"num_deleted":"0","num_feature":"3","num_nodes":"3","size_leaf_vector":"1"}},{"base_weights":[-6.5376126E-4,-4.3184463E-2,6.827554E-2],"categories":[],"categories_nodes":[],"categories_segments":[],"categories_sizes":[],"default_left":[0,0,0],"id":5,"left_children":[1,-1,-1],"loss_changes":[4.0371296E1,0E0,0E0],"parents":[2147483647,0,0],"right_children":[2,-1,-1],"split_conditions":[4.8E0,-4.3184463E-2,6.827554E-2],"split_indices":[2,0,0],"split_type":[0,0,0],"sum_hessian":[1.35E2,8.3E1,5.2E1],"tree_param":{"num_deleted":"0","num_feature":"3","num_nodes":"3","size_leaf_vector":"1"}},{"base_weights":[-4.0390118E-4,-6.610911E-2,3.914037E-2],"categories":[],"categories_nodes":[],"categories_segments":[],"categories_sizes":[],"default_left":[0,0,0],"id":6,"left_children":[1,-1,-1],"loss_changes":[3.5464016E1,0E0,0E0],"parents":[2147483647,0,0],"right_children":[2,-1,-1],"split_conditions":[3.7E0,-6.610911E-2,3.914037E-2],"split_indices":[2,0,0],"split_type":[0,0,0],"sum_hessian":[1.35E2,5E1,8.5E1],"tree_param":{"num_deleted":"0","num_feature":"3","num_nodes":"3","size_leaf_vector":"1"}},{"base_weights":[-5.618051E-4,-3.6520015E-2,5.7736624E-2],"categories":[],"categories_nodes":[],"categories_segments":[],"categories_sizes":[],"default_left":[0,0,0],"id":7,"left_children":[1,-1,-1],"loss_changes":[2.8870777E1,0E0,0E0],"parents":[2147483647,0,0],"right_children":[2,-1,-1],"split_conditions":[4.8E0,-3.6520015E-2,5.7736624E-2],"split_indices":[2,0,0],"split_type":[0,0,0],"sum_hessian":[1.35E2,8.3E1,5.2E1],"tree_param":{"num_deleted":"0","num_feature":"3","num_nodes":"3","size_leaf_vector":"1"}},{"base_weights":[-3.496318E-4,-5.6047436E-2,3.318214E-2],"categories":[],"categories_nodes":[],"categories_segments":[],"categories_sizes":[],"default_left":[0,0,0],"id":8,"left_children":[1,-1,-1],"loss_changes":[2.5489756E1,0E0,0E0],"parents":[2147483647,0,0],"right_children":[2,-1,-1],"split_conditions":[3.7E0,-5.6047436E-2,3.318214E-2],"split_indices":[2,0,0],"split_type":[0,0,0],"sum_hessian":[1.35E2,5E1,8.5E1],"tree_param":{"num_deleted":"0","num_feature":"3","num_nodes":"3","size_leaf_vector":"1"}},{"base_weights":[-4.827952E-4,-5.0552584E-2,2.9902508E-2],"categories":[],"categories_nodes":[],"categories_segments":[],"categories_sizes":[],"default_left":[0,0,0],"id":9,"left_children":[1,-1,-1],"loss_changes":[2.072312E1,0E0,0E0],"parents":[2147483647,0,0],"right_children":[2,-1,-1],"split_conditions":[3.7E0,-5.0552584E-2,2.9902508E-2],"split_indices":[2,0,0],"split_type":[0,0,0],"sum_hessian":[1.35E2,5E1,8.5E1],"tree_param":{"num_deleted":"0","num_feature":"3","num_nodes":"3","size_leaf_vector":"1"}},{"base_weights":[-5.8635074E-4,-2.9044578E-2,4.588246E-2],"categories":[],"categories_nodes":[],"categories_segments":[],"categories_sizes":[],"default_left":[0,0,0],"id":10,"left_children":[1,-1,-1],"loss_changes":[1.8243647E1,0E0,0E0],"parents":[2147483647,0,0],"right_children":[2,-1,-1],"split_conditions":[4.8E0,-2.9044578E-2,4.588246E-2],"split_indices":[2,0,0],"split_type":[0,0,0],"sum_hessian":[1.35E2,8.3E1,5.2E1],"tree_param":{"num_deleted":"0","num_feature":"3","num_nodes":"3","size_leaf_vector":"1"}},{"base_weights":[-4.0391635E-4,-2.6174698E-2,4.138078E-2],"categories":[],"categories_nodes":[],"categories_segments":[],"categories_sizes":[],"default_left":[0,0,0],"id":11,"left_children":[1,-1,-1],"loss_changes":[1.4830499E1,0E0,0E0],"parents":[2147483647,0,0],"right_children":[2,-1,-1],"split_conditions":[4.8E0,-2.6174698E-2,4.138078E-2],"split_indices":[2,0,0],"split_type":[0,0,0],"sum_hessian":[1.35E2,8.3E1,5.2E1],"tree_param":{"num_deleted":"0","num_feature":"3","num_nodes":"3","size_leaf_vector":"1"}},{"base_weights":[-2.5169688E-4,-4.018279E-2,2.3789527E-2],"categories":[],"categories_nodes":[],"categories_segments":[],"categories_sizes":[],"default_left":[0,0,0],"id":12,"left_children":[1,-1,-1],"loss_changes":[1.3101838E1,0E0,0E0],"parents":[2147483647,0,0],"right_children":[2,-1,-1],"split_conditions":[3.7E0,-4.018279E-2,2.3789527E-2],"split_indices":[2,0,0],"split_type":[0,0,0],"sum_hessian":[1.35E2,5E1,8.5E1],"tree_param":{"num_deleted":"0","num_feature":"3","num_nodes":"3","size_leaf_vector":"1"}},{"base_weights":[-3.470761E-4,-3.62433E-2,2.1438235E-2],"categories":[],"categories_nodes":[],"categories_segments":[],"categories_sizes":[],"default_left":[0,0,0],"id":13,"left_children":[1,-1,-1],"loss_changes":[1.0651769E1,0E0,0E0],"parents":[2147483647,0,0],"right_children":[2,-1,-1],"split_conditions":[3.7E0,-3.62433E-2,2.1438235E-2],"split_indices":[2,0,0],"split_type":[0,0,0],"sum_hessian":[1.35E2,5E1,8.5E1],"tree_param":{"num_deleted":"0","num_feature":"3","num_nodes":"3","size_leaf_vector":"1"}},{"base_weights":[-4.212233E-4,-2.081602E-2,3.2883342E-2],"categories":[],"categories_nodes":[],"categories_segments":[],"categories_sizes":[],"default_left":[0,0,0],"id":14,"left_children":[1,-1,-1],"loss_changes":[9.370717E0,0E0,0E0],"parents":[2147483647,0,0],"right_children":[2,-1,-1],"split_conditions":[4.8E0,-2.081602E-2,3.2883342E-2],"split_indices":[2,0,0],"split_type":[0,0,0],"sum_hessian":[1.35E2,8.3E1,5.2E1],"tree_param":{"num_deleted":"0","num_feature":"3","num_nodes":"3","size_leaf_vector":"1"}},{"base_weights":[-2.9037017E-4,-2.3240361E-2,2.4222033E-2],"categories":[],"categories_nodes":[],"categories_segments":[],"categories_sizes":[],"default_left":[0,0,0],"id":15,"left_children":[1,-1,-1],"loss_changes":[7.7117248E0,0E0,0E0],"parents":[2147483647,0,0],"right_children":[2,-1,-1],"split_conditions":[4.5E0,-2.3240361E-2,2.4222033E-2],"split_indices":[2,0,0],"split_type":[0,0,0],"sum_hessian":[1.35E2,6.9E1,6.6E1],"tree_param":{"num_deleted":"0","num_feature":"3","num_nodes":"3","size_leaf_vector":"1"}},{"base_weights":[-2.5410013E-4,-2.837078E-2,1.678435E-2],"categories":[],"categories_nodes":[],"categories_segments":[],"categories_sizes":[],"default_left":[0,0,0],"id":16,"left_children":[1,-1,-1],"loss_changes":[6.5277314E0,0E0,0E0],"parents":[2147483647,0,0],"right_children":[2,-1,-1],"split_conditions":[3.7E0,-2.837078E-2,1.678435E-2],"split_indices":[2,0,0],"split_type":[0,0,0],"sum_hessian":[1.35E2,5E1,8.5E1],"tree_param":{"num_deleted":"0","num_feature":"3","num_nodes":"3","size_leaf_vector":"1"}},{"base_weights":[-3.138855E-4,-1.6224517E-2,2.5633782E-2],"categories":[],"categories_nodes":[],"categories_segments":[],"categories_sizes":[],"default_left":[0,0,0],"id":17,"left_children":[1,-1,-1],"loss_changes":[5.693741E0,0E0,0E0],"parents":[2147483647,0,0],"right_children":[2,-1,-1],"split_conditions":[4.8E0,-1.6224517E-2,2.5633782E-2],"split_indices":[2,0,0],"split_type":[0,0,0],"sum_hessian":[1.35E2,8.3E1,5.2E1],"tree_param":{"num_deleted":"0","num_feature":"3","num_nodes":"3","size_leaf_vector":"1"}},{"base_weights":[-2.133053E-4,-2.370884E-2,1.4924615E-2],"categories":[],"categories_nodes":[],"categories_segments":[],"categories_sizes":[],"default_left":[0,0,0],"id":18,"left_children":[1,-1,-1],"loss_changes":[4.8502226E0,0E0,0E0],"parents":[2147483647,0,0],"right_children":[2,-1,-1],"split_conditions":[5.6E0,-2.370884E-2,1.4924615E-2],"split_indices":[0,0,0],"split_type":[0,0,0],"sum_hessian":[1.35E2,5.2E1,8.3E1],"tree_param":{"num_deleted":"0","num_feature":"3","num_nodes":"3","size_leaf_vector":"1"}},{"base_weights":[-2.5656007E-4,-1.3704479E-2,2.1654474E-2],"categories":[],"categories_nodes":[],"categories_segments":[],"categories_sizes":[],"default_left":[0,0,0],"id":19,"left_children":[1,-1,-1],"loss_changes":[4.062874E0,0E0,0E0],"parents":[2147483647,0,0],"right_children":[2,-1,-1],"split_conditions":[4.8E0,-1.3704479E-2,2.1654474E-2],"split_indices":[2,0,0],"split_type":[0,0,0],"sum_hessian":[1.35E2,8.3E1,5.2E1],"tree_param":{"num_deleted":"0","num_feature":"3","num_nodes":"3","size_leaf_vector":"1"}},{"base_weights":[-1.7245312E-4,-2.0709481E-2,1.2253932E-2],"categories":[],"categories_nodes":[],"categories_segments":[],"categories_sizes":[],"default_left":[0,0,0],"id":20,"left_children":[1,-1,-1],"loss_changes":[3.478663E0,0E0,0E0],"parents":[2147483647,0,0],"right_children":[2,-1,-1],"split_conditions":[3.7E0,-2.0709481E-2,1.2253932E-2],"split_indices":[2,0,0],"split_type":[0,0,0],"sum_hessian":[1.35E2,5E1,8.5E1],"tree_param":{"num_deleted":"0","num_feature":"3","num_nodes":"3","size_leaf_vector":"1"}},{"base_weights":[-2.1739447E-4,-1.1814196E-2,1.8668603E-2],"categories":[],"categories_nodes":[],"categories_segments":[],"categories_sizes":[],"default_left":[0,0,0],"id":21,"left_children":[1,-1,-1],"loss_changes":[3.019564E0,0E0,0E0],"parents":[2147483647,0,0],"right_children":[2,-1,-1],"split_conditions":[6.2E0,-1.1814196E-2,1.8668603E-2],"split_indices":[0,0,0],"split_type":[0,0,0],"sum_hessian":[1.35E2,8.3E1,5.2E1],"tree_param":{"num_deleted":"0","num_feature":"3","num_nodes":"3","size_leaf_vector":"1"}},{"base_weights":[-1.452592E-4,-1.728247E-2,1.0880897E-2],"categories":[],"categories_nodes":[],"categories_segments":[],"categories_sizes":[],"default_left":[0,0,0],"id":22,"left_children":[1,-1,-1],"loss_changes":[2.57753E0,0E0,0E0],"parents":[2147483647,0,0],"right_children":[2,-1,-1],"split_conditions":[5.6E0,-1.728247E-2,1.0880897E-2],"split_indices":[0,0,0],"split_type":[0,0,0],"sum_hessian":[1.35E2,5.2E1,8.3E1],"tree_param":{"num_deleted":"0","num_feature":"3","num_nodes":"3","size_leaf_vector":"1"}},{"base_weights":[-1.777943E-4,-1.0198849E-2,1.6118592E-2],"categories":[],"categories_nodes":[],"categories_segments":[],"categories_sizes":[],"default_left":[0,0,0],"id":23,"left_children":[1,-1,-1],"loss_changes":[2.2507217E0,0E0,0E0],"parents":[2147483647,0,0],"right_children":[2,-1,-1],"split_conditions":[4.8E0,-1.0198849E-2,1.6118592E-2],"split_indices":[2,0,0],"split_type":[0,0,0],"sum_hessian":[1.35E2,8.3E1,5.2E1],"tree_param":{"num_deleted":"0","num_feature":"3","num_nodes":"3","size_leaf_vector":"1"}},{"base_weights":[-1.1649065E-4,-9.346752E-3,1.47838285E-2],"categories":[],"categories_nodes":[],"categories_segments":[],"categories_sizes":[],"default_left":[0,0,0],"id":24,"left_children":[1,-1,-1],"loss_changes":[1.8922135E0,0E0,0E0],"parents":[2147483647,0,0],"right_children":[2,-1,-1],"split_conditions":[6.2E0,-9.346752E-3,1.47838285E-2],"split_indices":[0,0,0],"split_type":[0,0,0],"sum_hessian":[1.35E2,8.3E1,5.2E1],"tree_param":{"num_deleted":"0","num_feature":"3","num_nodes":"3","size_leaf_vector":"1"}},{"base_weights":[-6.4866894E-5,-1.4186407E-2,8.402612E-3],"categories":[],"categories_nodes":[],"categories_segments":[],"categories_sizes":[],"default_left":[0,0,0],"id":25,"left_children":[1,-1,-1],"loss_changes":[1.6335891E0,0E0,0E0],"parents":[2147483647,0,0],"right_children":[2,-1,-1],"split_conditions":[3.7E0,-1.4186407E-2,8.402612E-3],"split_indices":[2,0,0],"split_type":[0,0,0],"sum_hessian":[1.35E2,5E1,8.5E1],"tree_param":{"num_deleted":"0","num_feature":"3","num_nodes":"3","size_leaf_vector":"1"}},{"base_weights":[-1.00908364E-4,-8.097957E-3,1.2808605E-2],"categories":[],"categories_nodes":[],"categories_segments":[],"categories_sizes":[],"default_left":[0,0,0],"id":26,"left_children":[1,-1,-1],"loss_changes":[1.4203645E0,0E0,0E0],"parents":[2147483647,0,0],"right_children":[2,-1,-1],"split_conditions":[4.8E0,-8.097957E-3,1.2808605E-2],"split_indices":[2,0,0],"split_type":[0,0,0],"sum_hessian":[1.35E2,8.3E1,5.2E1],"tree_param":{"num_deleted":"0","num_feature":"3","num_nodes":"3","size_leaf_vector":"1"}},{"base_weights":[-5.6172667E-5,-1.1781105E-2,7.4242214E-3],"categories":[],"categories_nodes":[],"categories_segments":[],"categories_sizes":[],"default_left":[0,0,0],"id":27,"left_children":[1,-1,-1],"loss_changes":[1.1986101E0,0E0,0E0],"parents":[2147483647,0,0],"right_children":[2,-1,-1],"split_conditions":[5.6E0,-1.1781105E-2,7.4242214E-3],"split_indices":[0,0,0],"split_type":[0,0,0],"sum_hessian":[1.35E2,5.2E1,8.3E1],"tree_param":{"num_deleted":"0","num_feature":"3","num_nodes":"3","size_leaf_vector":"1"}},{"base_weights":[-8.2600534E-5,-6.952071E-3,1.0997182E-2],"categories":[],"categories_nodes":[],"categories_segments":[],"categories_sizes":[],"default_left":[0,0,0],"id":28,"left_children":[1,-1,-1],"loss_changes":[1.0469533E0,0E0,0E0],"parents":[2147483647,0,0],"right_children":[2,-1,-1],"split_conditions":[6.2E0,-6.952071E-3,1.0997182E-2],"split_indices":[0,0,0],"split_type":[0,0,0],"sum_hessian":[1.35E2,8.3E1,5.2E1],"tree_param":{"num_deleted":"0","num_feature":"3","num_nodes":"3","size_leaf_vector":"1"}},{"base_weights":[-4.460553E-5,-6.411971E-3,1.0150923E-2],"categories":[],"categories_nodes":[],"categories_segments":[],"categories_sizes":[],"default_left":[0,0,0],"id":29,"left_children":[1,-1,-1],"loss_changes":[8.914706E-1,0E0,0E0],"parents":[2147483647,0,0],"right_children":[2,-1,-1],"split_conditions":[4.8E0,-6.411971E-3,1.0150923E-2],"split_indices":[2,0,0],"split_type":[0,0,0],"sum_hessian":[1.35E2,8.3E1,5.2E1],"tree_param":{"num_deleted":"0","num_feature":"3","num_nodes":"3","size_leaf_vector":"1"}},{"base_weights":[-1.2628926E-5,-9.72474E-3,5.765E-3],"categories":[],"categories_nodes":[],"categories_segments":[],"categories_sizes":[],"default_left":[0,0,0],"id":30,"left_children":[1,-1,-1],"loss_changes":[7.681328E-1,0E0,0E0],"parents":[2147483647,0,0],"right_children":[2,-1,-1],"split_conditions":[3.7E0,-9.72474E-3,5.765E-3],"split_indices":[2,0,0],"split_type":[0,0,0],"sum_hessian":[1.35E2,5E1,8.5E1],"tree_param":{"num_deleted":"0","num_feature":"3","num_nodes":"3","size_leaf_vector":"1"}},{"base_weights":[-4.0489685E-5,-5.515817E-3,8.73166E-3],"categories":[],"categories_nodes":[],"categories_segments":[],"categories_sizes":[],"default_left":[0,0,0],"id":31,"left_children":[1,-1,-1],"loss_changes":[6.596453E-1,0E0,0E0],"parents":[2147483647,0,0],"right_children":[2,-1,-1],"split_conditions":[6.2E0,-5.515817E-3,8.73166E-3],"split_indices":[0,0,0],"split_type":[0,0,0],"sum_hessian":[1.35E2,8.3E1,5.2E1],"tree_param":{"num_deleted":"0","num_feature":"3","num_nodes":"3","size_leaf_vector":"1"}},{"base_weights":[-1.2799112E-5,-5.0845533E-3,8.055254E-3],"categories":[],"categories_nodes":[],"categories_segments":[],"categories_sizes":[],"default_left":[0,0,0],"id":32,"left_children":[1,-1,-1],"loss_changes":[5.610642E-1,0E0,0E0],"parents":[2147483647,0,0],"right_children":[2,-1,-1],"split_conditions":[4.8E0,-5.0845533E-3,8.055254E-3],"split_indices":[2,0,0],"split_type":[0,0,0],"sum_hessian":[1.35E2,8.3E1,5.2E1],"tree_param":{"num_deleted":"0","num_feature":"3","num_nodes":"3","size_leaf_vector":"1"}},{"base_weights":[1.030755E-5,-7.5244545E-3,4.7492418E-3],"categories":[],"categories_nodes":[],"categories_segments":[],"categories_sizes":[],"default_left":[0,0,0],"id":33,"left_children":[1,-1,-1],"loss_changes":[4.8953676E-1,0E0,0E0],"parents":[2147483647,0,0],"right_children":[2,-1,-1],"split_conditions":[5.6E0,-7.5244545E-3,4.7492418E-3],"split_indices":[0,0,0],"split_type":[0,0,0],"sum_hessian":[1.35E2,5.2E1,8.3E1],"tree_param":{"num_deleted":"0","num_feature":"3","num_nodes":"3","size_leaf_vector":"1"}},{"base_weights":[-1.1117937E-5,-4.3655816E-3,6.9161826E-3],"categories":[],"categories_nodes":[],"categories_segments":[],"categories_sizes":[],"default_left":[0,0,0],"id":34,"left_children":[1,-1,-1],"loss_changes":[4.136077E-1,0E0,0E0],"parents":[2147483647,0,0],"right_children":[2,-1,-1],"split_conditions":[6.2E0,-4.3655816E-3,6.9161826E-3],"split_indices":[0,0,0],"split_type":[0,0,0],"sum_hessian":[1.35E2,8.3E1,5.2E1],"tree_param":{"num_deleted":"0","num_feature":"3","num_nodes":"3","size_leaf_vector":"1"}},{"base_weights":[8.744954E-6,-6.6867247E-3,3.9667664E-3],"categories":[],"categories_nodes":[],"categories_segments":[],"categories_sizes":[],"default_left":[0,0,0],"id":35,"left_children":[1,-1,-1],"loss_changes":[3.633557E-1,0E0,0E0],"parents":[2147483647,0,0],"right_children":[2,-1,-1],"split_conditions":[3.7E0,-6.6867247E-3,3.9667664E-3],"split_indices":[2,0,0],"split_type":[0,0,0],"sum_hessian":[1.35E2,5E1,8.5E1],"tree_param":{"num_deleted":"0","num_feature":"3","num_nodes":"3","size_leaf_vector":"1"}},{"base_weights":[-1.2133627E-5,-3.7792493E-3,5.9866398E-3],"categories":[],"categories_nodes":[],"categories_segments":[],"categories_sizes":[],"default_left":[0,0,0],"id":36,"left_children":[1,-1,-1],"loss_changes":[3.0992612E-1,0E0,0E0],"parents":[2147483647,0,0],"right_children":[2,-1,-1],"split_conditions":[4.8E0,-3.7792493E-3,5.9866398E-3],"split_indices":[2,0,0],"split_type":[0,0,0],"sum_hessian":[1.35E2,8.3E1,5.2E1],"tree_param":{"num_deleted":"0","num_feature":"3","num_nodes":"3","size_leaf_vector":"1"}},{"base_weights":[5.3273293E-6,-5.6606485E-3,3.3577387E-3],"categories":[],"categories_nodes":[],"categories_segments":[],"categories_sizes":[],"default_left":[0,0,0],"id":37,"left_children":[1,-1,-1],"loss_changes":[2.603789E-1,0E0,0E0],"parents":[2147483647,0,0],"right_children":[2,-1,-1],"split_conditions":[3.7E0,-5.6606485E-3,3.3577387E-3],"split_indices":[2,0,0],"split_type":[0,0,0],"sum_hessian":[1.35E2,5E1,8.5E1],"tree_param":{"num_deleted":"0","num_feature":"3","num_nodes":"3","size_leaf_vector":"1"}},{"base_weights":[-1.2148445E-5,-3.2530942E-3,5.15273E-3],"categories":[],"categories_nodes":[],"categories_segments":[],"categories_sizes":[],"default_left":[0,0,0],"id":38,"left_children":[1,-1,-1],"loss_changes":[2.2961229E-1,0E0,0E0],"parents":[2147483647,0,0],"right_children":[2,-1,-1],"split_conditions":[6.2E0,-3.2530942E-3,5.15273E-3],"split_indices":[0,0,0],"split_type":[0,0,0],"sum_hessian":[1.35E2,8.3E1,5.2E1],"tree_param":{"num_deleted":"0","num_feature":"3","num_nodes":"3","size_leaf_vector":"1"}},{"base_weights":[3.0466026E-6,-2.9994345E-3,4.7546024E-3],"categories":[],"categories_nodes":[],"categories_segments":[],"categories_sizes":[],"default_left":[0,0,0],"id":39,"left_children":[1,-1,-1],"loss_changes":[1.9538459E-1,0E0,0E0],"parents":[2147483647,0,0],"right_children":[2,-1,-1],"split_conditions":[4.8E0,-2.9994345E-3,4.7546024E-3],"split_indices":[2,0,0],"split_type":[0,0,0],"sum_hessian":[1.35E2,8.3E1,5.2E1],"tree_param":{"num_deleted":"0","num_feature":"3","num_nodes":"3","size_leaf_vector":"1"}},{"base_weights":[1.5644562E-5,-4.42201E-3,2.7926106E-3],"categories":[],"categories_nodes":[],"categories_segments":[],"categories_sizes":[],"default_left":[0,0,0],"id":40,"left_children":[1,-1,-1],"loss_changes":[1.6914594E-1,0E0,0E0],"parents":[2147483647,0,0],"right_children":[2,-1,-1],"split_conditions":[5.6E0,-4.42201E-3,2.7926106E-3],"split_indices":[0,0,0],"split_type":[0,0,0],"sum_hessian":[1.35E2,5.2E1,8.3E1],"tree_param":{"num_deleted":"0","num_feature":"3","num_nodes":"3","size_leaf_vector":"1"}},{"base_weights":[2.1257165E-6,-2.5753703E-3,4.082264E-3],"categories":[],"categories_nodes":[],"categories_segments":[],"categories_sizes":[],"default_left":[0,0,0],"id":41,"left_children":[1,-1,-1],"loss_changes":[1.4403713E-1,0E0,0E0],"parents":[2147483647,0,0],"right_children":[2,-1,-1],"split_conditions":[6.2E0,-2.5753703E-3,4.082264E-3],"split_indices":[0,0,0],"split_type":[0,0,0],"sum_hessian":[1.35E2,8.3E1,5.2E1],"tree_param":{"num_deleted":"0","num_feature":"3","num_nodes":"3","size_leaf_vector":"1"}},{"base_weights":[1.3004618E-5,-2.3730127E-3,3.764338E-3],"categories":[],"categories_nodes":[],"categories_segments":[],"categories_sizes":[],"default_left":[0,0,0],"id":42,"left_children":[1,-1,-1],"loss_changes":[1.22404255E-1,0E0,0E0],"parents":[2147483647,0,0],"right_children":[2,-1,-1],"split_conditions":[4.8E0,-2.3730127E-3,3.764338E-3],"split_indices":[2,0,0],"split_type":[0,0,0],"sum_hessian":[1.35E2,8.3E1,5.2E1],"tree_param":{"num_deleted":"0","num_feature":"3","num_nodes":"3","size_leaf_vector":"1"}},{"base_weights":[2.1925223E-5,-3.6447502E-3,2.164889E-3],"categories":[],"categories_nodes":[],"categories_segments":[],"categories_sizes":[],"default_left":[0,0,0],"id":43,"left_children":[1,-1,-1],"loss_changes":[1.08055376E-1,0E0,0E0],"parents":[2147483647,0,0],"right_children":[2,-1,-1],"split_conditions":[3.7E0,-3.6447502E-3,2.164889E-3],"split_indices":[2,0,0],"split_type":[0,0,0],"sum_hessian":[1.35E2,5E1,8.5E1],"tree_param":{"num_deleted":"0","num_feature":"3","num_nodes":"3","size_leaf_vector":"1"}},{"base_weights":[8.8277875E-6,3.4234647E-3,-2.0929424E-3],"categories":[],"categories_nodes":[],"categories_segments":[],"categories_sizes":[],"default_left":[0,0,0],"id":44,"left_children":[1,-1,-1],"loss_changes":[9.8178044E-2,0E0,0E0],"parents":[2147483647,0,0],"right_children":[2,-1,-1],"split_conditions":[3E0,3.4234647E-3,-2.0929424E-3],"split_indices":[1,0,0],"split_type":[0,0,0],"sum_hessian":[1.35E2,5.1E1,8.4E1],"tree_param":{"num_deleted":"0","num_feature":"3","num_nodes":"3","size_leaf_vector":"1"}},{"base_weights":[1.7739436E-5,-2.045547E-3,3.2465511E-3],"categories":[],"categories_nodes":[],"categories_segments":[],"categories_sizes":[],"default_left":[0,0,0],"id":45,"left_children":[1,-1,-1],"loss_changes":[9.101024E-2,0E0,0E0],"parents":[2147483647,0,0],"right_children":[2,-1,-1],"split_conditions":[6.2E0,-2.045547E-3,3.2465511E-3],"split_indices":[0,0,0],"split_type":[0,0,0],"sum_hessian":[1.35E2,8.3E1,5.2E1],"tree_param":{"num_deleted":"0","num_feature":"3","num_nodes":"3","size_leaf_vector":"1"}},{"base_weights":[2.478209E-5,3.0949574E-3,-1.8894206E-3],"categories":[],"categories_nodes":[],"categories_segments":[],"categories_sizes":[],"default_left":[0,0,0],"id":46,"left_children":[1,-1,-1],"loss_changes":[8.015371E-2,0E0,0E0],"parents":[2147483647,0,0],"right_children":[2,-1,-1],"split_conditions":[3E0,3.0949574E-3,-1.8894206E-3],"split_indices":[1,0,0],"split_type":[0,0,0],"sum_hessian":[1.35E2,5.1E1,8.4E1],"tree_param":{"num_deleted":"0","num_feature":"3","num_nodes":"3","size_leaf_vector":"1"}},{"base_weights":[3.1184903E-5,-1.8616545E-3,2.958549E-3],"categories":[],"categories_nodes":[],"categories_segments":[],"categories_sizes":[],"default_left":[0,0,0],"id":47,"left_children":[1,-1,-1],"loss_changes":[7.5503185E-2,0E0,0E0],"parents":[2147483647,0,0],"right_children":[2,-1,-1],"split_conditions":[4.8E0,-1.8616545E-3,2.958549E-3],"split_indices":[2,0,0],"split_type":[0,0,0],"sum_hessian":[1.35E2,8.3E1,5.2E1],"tree_param":{"num_deleted":"0","num_feature":"3","num_nodes":"3","size_leaf_vector":"1"}},{"base_weights":[3.6151443E-5,-1.7315233E-3,2.753578E-3],"categories":[],"categories_nodes":[],"categories_segments":[],"categories_sizes":[],"default_left":[0,0,0],"id":48,"left_children":[1,-1,-1],"loss_changes":[6.537008E-2,0E0,0E0],"parents":[2147483647,0,0],"right_children":[2,-1,-1],"split_conditions":[6.2E0,-1.7315233E-3,2.753578E-3],"split_indices":[0,0,0],"split_type":[0,0,0],"sum_hessian":[1.35E2,8.3E1,5.2E1],"tree_param":{"num_deleted":"0","num_feature":"3","num_nodes":"3","size_leaf_vector":"1"}},{"base_weights":[4.0035942E-5,2.785282E-3,-1.6975313E-3],"categories":[],"categories_nodes":[],"categories_segments":[],"categories_sizes":[],"default_left":[0,0,0],"id":49,"left_children":[1,-1,-1],"loss_changes":[6.483403E-2,0E0,0E0],"parents":[2147483647,0,0],"right_children":[2,-1,-1],"split_conditions":[3E0,2.785282E-3,-1.6975313E-3],"split_indices":[1,0,0],"split_type":[0,0,0],"sum_hessian":[1.35E2,5.1E1,8.4E1],"tree_param":{"num_deleted":"0","num_feature":"3","num_nodes":"3","size_leaf_vector":"1"}},{"base_weights":[4.4028166E-5,-1.5634745E-3,2.4892574E-3],"categories":[],"categories_nodes":[],"categories_segments":[],"categories_sizes":[],"default_left":[0,0,0],"id":50,"left_children":[1,-1,-1],"loss_changes":[5.337407E-2,0E0,0E0],"parents":[2147483647,0,0],"right_children":[2,-1,-1],"split_conditions":[6.2E0,-1.5634745E-3,2.4892574E-3],"split_indices":[0,0,0],"split_type":[0,0,0],"sum_hessian":[1.35E2,8.3E1,5.2E1],"tree_param":{"num_deleted":"0","num_feature":"3","num_nodes":"3","size_leaf_vector":"1"}},{"base_weights":[4.643043E-5,2.5173689E-3,-1.5326085E-3],"categories":[],"categories_nodes":[],"categories_segments":[],"categories_sizes":[],"default_left":[0,0,0],"id":51,"left_children":[1,-1,-1],"loss_changes":[5.291842E-2,0E0,0E0],"parents":[2147483647,0,0],"right_children":[2,-1,-1],"split_conditions":[3E0,2.5173689E-3,-1.5326085E-3],"split_indices":[1,0,0],"split_type":[0,0,0],"sum_hessian":[1.35E2,5.1E1,8.4E1],"tree_param":{"num_deleted":"0","num_feature":"3","num_nodes":"3","size_leaf_vector":"1"}},{"base_weights":[4.9006863E-5,-1.4596748E-3,2.3260221E-3],"categories":[],"categories_nodes":[],"categories_segments":[],"categories_sizes":[],"default_left":[0,0,0],"id":52,"left_children":[1,-1,-1],"loss_changes":[4.6572138E-2,0E0,0E0],"parents":[2147483647,0,0],"right_children":[2,-1,-1],"split_conditions":[4.8E0,-1.4596748E-3,2.3260221E-3],"split_indices":[2,0,0],"split_type":[0,0,0],"sum_hessian":[1.35E2,8.3E1,5.2E1],"tree_param":{"num_deleted":"0","num_feature":"3","num_nodes":"3","size_leaf_vector":"1"}},{"base_weights":[5.0497667E-5,2.2607523E-3,-1.3749688E-3],"categories":[],"categories_nodes":[],"categories_segments":[],"categories_sizes":[],"default_left":[0,0,0],"id":53,"left_children":[1,-1,-1],"loss_changes":[4.264644E-2,0E0,0E0],"parents":[2147483647,0,0],"right_children":[2,-1,-1],"split_conditions":[3E0,2.2607523E-3,-1.3749688E-3],"split_indices":[1,0,0],"split_type":[0,0,0],"sum_hessian":[1.35E2,5.1E1,8.4E1],"tree_param":{"num_deleted":"0","num_feature":"3","num_nodes":"3","size_leaf_vector":"1"}},{"base_weights":[5.194879E-5,-1.324335E-3,2.1122764E-3],"categories":[],"categories_nodes":[],"categories_segments":[],"categories_sizes":[],"default_left":[0,0,0],"id":54,"left_children":[1,-1,-1],"loss_changes":[3.837915E-2,0E0,0E0],"parents":[2147483647,0,0],"right_children":[2,-1,-1],"split_conditions":[6.2E0,-1.324335E-3,2.1122764E-3],"split_indices":[0,0,0],"split_type":[0,0,0],"sum_hessian":[1.35E2,8.3E1,5.2E1],"tree_param":{"num_deleted":"0","num_feature":"3","num_nodes":"3","size_leaf_vector":"1"}},{"base_weights":[5.2537413E-5,1.692617E-3,-1.8639064E-3],"categories":[],"categories_nodes":[],"categories_segments":[],"categories_sizes":[],"default_left":[0,0,0],"id":55,"left_children":[1,-1,-1],"loss_changes":[4.3209236E-2,0E0,0E0],"parents":[2147483647,0,0],"right_children":[2,-1,-1],"split_conditions":[5.9E0,1.692617E-3,-1.8639064E-3],"split_indices":[0,0,0],"split_type":[0,0,0],"sum_hessian":[1.35E2,7.1E1,6.4E1],"tree_param":{"num_deleted":"0","num_feature":"3","num_nodes":"3","size_leaf_vector":"1"}},{"base_weights":[4.6024594E-5,-1.3229417E-3,2.108548E-3],"categories":[],"categories_nodes":[],"categories_segments":[],"categories_sizes":[],"default_left":[0,0,0],"id":56,"left_children":[1,-1,-1],"loss_changes":[3.8264845E-2,0E0,0E0],"parents":[2147483647,0,0],"right_children":[2,-1,-1],"split_conditions":[4.8E0,-1.3229417E-3,2.108548E-3],"split_indices":[2,0,0],"split_type":[0,0,0],"sum_hessian":[1.35E2,8.3E1,5.2E1],"tree_param":{"num_deleted":"0","num_feature":"3","num_nodes":"3","size_leaf_vector":"1"}},{"base_weights":[4.720614E-5,1.6323336E-3,-1.7982464E-3],"categories":[],"categories_nodes":[],"categories_segments":[],"categories_sizes":[],"default_left":[0,0,0],"id":57,"left_children":[1,-1,-1],"loss_changes":[4.0203176E-2,0E0,0E0],"parents":[2147483647,0,0],"right_children":[2,-1,-1],"split_conditions":[5.9E0,1.6323336E-3,-1.7982464E-3],"split_indices":[0,0,0],"split_type":[0,0,0],"sum_hessian":[1.35E2,7.1E1,6.4E1],"tree_param":{"num_deleted":"0","num_feature":"3","num_nodes":"3","size_leaf_vector":"1"}},{"base_weights":[4.127437E-5,-1.3405029E-3,2.1351618E-3],"categories":[],"categories_nodes":[],"categories_segments":[],"categories_sizes":[],"default_left":[0,0,0],"id":58,"left_children":[1,-1,-1],"loss_changes":[3.9256383E-2,0E0,0E0],"parents":[2147483647,0,0],"right_children":[2,-1,-1],"split_conditions":[6.2E0,-1.3405029E-3,2.1351618E-3],"split_indices":[0,0,0],"split_type":[0,0,0],"sum_hessian":[1.35E2,8.3E1,5.2E1],"tree_param":{"num_deleted":"0","num_feature":"3","num_nodes":"3","size_leaf_vector":"1"}},{"base_weights":[4.299481E-5,1.6035564E-3,-1.7672513E-3],"categories":[],"categories_nodes":[],"categories_segments":[],"categories_sizes":[],"default_left":[0,0,0],"id":59,"left_children":[1,-1,-1],"loss_changes":[3.881443E-2,0E0,0E0],"parents":[2147483647,0,0],"right_children":[2,-1,-1],"split_conditions":[5.9E0,1.6035564E-3,-1.7672513E-3],"split_indices":[0,0,0],"split_type":[0,0,0],"sum_hessian":[1.35E2,7.1E1,6.4E1],"tree_param":{"num_deleted":"0","num_feature":"3","num_nodes":"3","size_leaf_vector":"1"}},{"base_weights":[3.7483733E-5,-2.1349655E-3,1.3531304E-3],"categories":[],"categories_nodes":[],"categories_segments":[],"categories_sizes":[],"default_left":[0,0,0],"id":60,"left_children":[1,-1,-1],"loss_changes":[3.95377E-2,0E0,0E0],"parents":[2147483647,0,0],"right_children":[2,-1,-1],"split_conditions":[5.6E0,-2.1349655E-3,1.3531304E-3],"split_indices":[0,0,0],"split_type":[0,0,0],"sum_hessian":[1.35E2,5.2E1,8.3E1],"tree_param":{"num_deleted":"0","num_feature":"3","num_nodes":"3","size_leaf_vector":"1"}},{"base_weights":[2.7964179E-5,1.5639061E-3,-1.7264758E-3],"categories":[],"categories_nodes":[],"categories_segments":[],"categories_sizes":[],"default_left":[0,0,0],"id":61,"left_children":[1,-1,-1],"loss_changes":[3.698434E-2,0E0,0E0],"parents":[2147483647,0,0],"right_children":[2,-1,-1],"split_conditions":[5.9E0,1.5639061E-3,-1.7264758E-3],"split_indices":[0,0,0],"split_type":[0,0,0],"sum_hessian":[1.35E2,7.1E1,6.4E1],"tree_param":{"num_deleted":"0","num_feature":"3","num_nodes":"3","size_leaf_vector":"1"}},{"base_weights":[2.3980981E-5,-1.3436413E-3,2.1356985E-3],"categories":[],"categories_nodes":[],"categories_segments":[],"categories_sizes":[],"default_left":[0,0,0],"id":62,"left_children":[1,-1,-1],"loss_changes":[3.933945E-2,0E0,0E0],"parents":[2147483647,0,0],"right_children":[2,-1,-1],"split_conditions":[6.2E0,-1.3436413E-3,2.1356985E-3],"split_indices":[0,0,0],"split_type":[0,0,0],"sum_hessian":[1.35E2,8.3E1,5.2E1],"tree_param":{"num_deleted":"0","num_feature":"3","num_nodes":"3","size_leaf_vector":"1"}},{"base_weights":[2.7379843E-5,1.5421833E-3,-1.7025359E-3],"categories":[],"categories_nodes":[],"categories_segments":[],"categories_sizes":[],"default_left":[0,0,0],"id":63,"left_children":[1,-1,-1],"loss_changes":[3.5964955E-2,0E0,0E0],"parents":[2147483647,0,0],"right_children":[2,-1,-1],"split_conditions":[5.9E0,1.5421833E-3,-1.7025359E-3],"split_indices":[0,0,0],"split_type":[0,0,0],"sum_hessian":[1.35E2,7.1E1,6.4E1],"tree_param":{"num_deleted":"0","num_feature":"3","num_nodes":"3","size_leaf_vector":"1"}},{"base_weights":[2.3457167E-5,-2.0984258E-3,1.3278045E-3],"categories":[],"categories_nodes":[],"categories_segments":[],"categories_sizes":[],"default_left":[0,0,0],"id":64,"left_children":[1,-1,-1],"loss_changes":[3.814764E-2,0E0,0E0],"parents":[2147483647,0,0],"right_children":[2,-1,-1],"split_conditions":[5.6E0,-2.0984258E-3,1.3278045E-3],"split_indices":[0,0,0],"split_type":[0,0,0],"sum_hessian":[1.35E2,5.2E1,8.3E1],"tree_param":{"num_deleted":"0","num_feature":"3","num_nodes":"3","size_leaf_vector":"1"}},{"base_weights":[1.5465652E-5,1.5066197E-3,-1.6656353E-3],"categories":[],"categories_nodes":[],"categories_segments":[],"categories_sizes":[],"default_left":[0,0,0],"id":65,"left_children":[1,-1,-1],"loss_changes":[3.437648E-2,0E0,0E0],"parents":[2147483647,0,0],"right_children":[2,-1,-1],"split_conditions":[5.9E0,1.5066197E-3,-1.6656353E-3],"split_indices":[0,0,0],"split_type":[0,0,0],"sum_hessian":[1.35E2,7.1E1,6.4E1],"tree_param":{"num_deleted":"0","num_feature":"3","num_nodes":"3","size_leaf_vector":"1"}},{"base_weights":[1.2755278E-5,-1.3395556E-3,2.1263424E-3],"categories":[],"categories_nodes":[],"categories_segments":[],"categories_sizes":[],"default_left":[0,0,0],"id":66,"left_children":[1,-1,-1],"loss_changes":[3.9036073E-2,0E0,0E0],"parents":[2147483647,0,0],"right_children":[2,-1,-1],"split_conditions":[6.2E0,-1.3395556E-3,2.1263424E-3],"split_indices":[0,0,0],"split_type":[0,0,0],"sum_hessian":[1.35E2,8.3E1,5.2E1],"tree_param":{"num_deleted":"0","num_feature":"3","num_nodes":"3","size_leaf_vector":"1"}},{"base_weights":[1.7266884E-5,2.0124943E-3,-1.2284103E-3],"categories":[],"categories_nodes":[],"categories_segments":[],"categories_sizes":[],"default_left":[0,0,0],"id":67,"left_children":[1,-1,-1],"loss_changes":[3.388708E-2,0E0,0E0],"parents":[2147483647,0,0],"right_children":[2,-1,-1],"split_conditions":[3E0,2.0124943E-3,-1.2284103E-3],"split_indices":[1,0,0],"split_type":[0,0,0],"sum_hessian":[1.35E2,5.1E1,8.4E1],"tree_param":{"num_deleted":"0","num_feature":"3","num_nodes":"3","size_leaf_vector":"1"}},{"base_weights":[2.1327478E-5,1.6406178E-3,-1.5209962E-3],"categories":[],"categories_nodes":[],"categories_segments":[],"categories_sizes":[],"default_left":[0,0,0],"id":68,"left_children":[1,-1,-1],"loss_changes":[3.419002E-2,0E0,0E0],"parents":[2147483647,0,0],"right_children":[2,-1,-1],"split_conditions":[5.8E0,1.6406178E-3,-1.5209962E-3],"split_indices":[0,0,0],"split_type":[0,0,0],"sum_hessian":[1.35E2,6.5E1,7E1],"tree_param":{"num_deleted":"0","num_feature":"3","num_nodes":"3","size_leaf_vector":"1"}},{"base_weights":[2.0087711E-5,-1.3036345E-3,2.0712921E-3],"categories":[],"categories_nodes":[],"categories_segments":[],"categories_sizes":[],"default_left":[0,0,0],"id":69,"left_children":[1,-1,-1],"loss_changes":[3.7013765E-2,0E0,0E0],"parents":[2147483647,0,0],"right_children":[2,-1,-1],"split_conditions":[6.2E0,-1.3036345E-3,2.0712921E-3],"split_indices":[0,0,0],"split_type":[0,0,0],"sum_hessian":[1.35E2,8.3E1,5.2E1],"tree_param":{"num_deleted":"0","num_feature":"3","num_nodes":"3","size_leaf_vector":"1"}},{"base_weights":[2.3744438E-5,1.4918766E-3,-1.647572E-3],"categories":[],"categories_nodes":[],"categories_segments":[],"categories_sizes":[],"default_left":[0,0,0],"id":70,"left_children":[1,-1,-1],"loss_changes":[3.366914E-2,0E0,0E0],"parents":[2147483647,0,0],"right_children":[2,-1,-1],"split_conditions":[5.9E0,1.4918766E-3,-1.647572E-3],"split_indices":[0,0,0],"split_type":[0,0,0],"sum_hessian":[1.35E2,7.1E1,6.4E1],"tree_param":{"num_deleted":"0","num_feature":"3","num_nodes":"3","size_leaf_vector":"1"}},{"base_weights":[2.0219615E-5,-1.3062696E-3,2.0755024E-3],"categories":[],"categories_nodes":[],"categories_segments":[],"categories_sizes":[],"default_left":[0,0,0],"id":71,"left_children":[1,-1,-1],"loss_changes":[3.7164062E-2,0E0,0E0],"parents":[2147483647,0,0],"right_children":[2,-1,-1],"split_conditions":[4.8E0,-1.3062696E-3,2.0755024E-3],"split_indices":[2,0,0],"split_type":[0,0,0],"sum_hessian":[1.35E2,8.3E1,5.2E1],"tree_param":{"num_deleted":"0","num_feature":"3","num_nodes":"3","size_leaf_vector":"1"}},{"base_weights":[2.3848459E-5,1.4500888E-3,-1.6012624E-3],"categories":[],"categories_nodes":[],"categories_segments":[],"categories_sizes":[],"default_left":[0,0,0],"id":72,"left_children":[1,-1,-1],"loss_changes":[3.1806044E-2,0E0,0E0],"parents":[2147483647,0,0],"right_children":[2,-1,-1],"split_conditions":[5.9E0,1.4500888E-3,-1.6012624E-3],"split_indices":[0,0,0],"split_type":[0,0,0],"sum_hessian":[1.35E2,7.1E1,6.4E1],"tree_param":{"num_deleted":"0","num_feature":"3","num_nodes":"3","size_leaf_vector":"1"}},{"base_weights":[2.0349926E-5,-1.2963127E-3,2.0597551E-3],"categories":[],"categories_nodes":[],"categories_segments":[],"categories_sizes":[],"default_left":[0,0,0],"id":73,"left_children":[1,-1,-1],"loss_changes":[3.660126E-2,0E0,0E0],"parents":[2147483647,0,0],"right_children":[2,-1,-1],"split_conditions":[6.2E0,-1.2963127E-3,2.0597551E-3],"split_indices":[0,0,0],"split_type":[0,0,0],"sum_hessian":[1.35E2,8.3E1,5.2E1],"tree_param":{"num_deleted":"0","num_feature":"3","num_nodes":"3","size_leaf_vector":"1"}},{"base_weights":[2.3935867E-5,-1.9281347E-3,1.2204365E-3],"categories":[],"categories_nodes":[],"categories_segments":[],"categories_sizes":[],"default_left":[0,0,0],"id":74,"left_children":[1,-1,-1],"loss_changes":[3.2215256E-2,0E0,0E0],"parents":[2147483647,0,0],"right_children":[2,-1,-1],"split_conditions":[5.6E0,-1.9281347E-3,1.2204365E-3],"split_indices":[0,0,0],"split_type":[0,0,0],"sum_hessian":[1.35E2,5.2E1,8.3E1],"tree_param":{"num_deleted":"0","num_feature":"3","num_nodes":"3","size_leaf_vector":"1"}},{"base_weights":[1.6312348E-5,1.6916351E-3,-1.5693813E-3],"categories":[],"categories_nodes":[],"categories_segments":[],"categories_sizes":[],"default_left":[0,0,0],"id":75,"left_children":[1,-1,-1],"loss_changes":[3.6373716E-2,0E0,0E0],"parents":[2147483647,0,0],"right_children":[2,-1,-1],"split_conditions":[5.8E0,1.6916351E-3,-1.5693813E-3],"split_indices":[0,0,0],"split_type":[0,0,0],"sum_hessian":[1.35E2,6.5E1,7E1],"tree_param":{"num_deleted":"0","num_feature":"3","num_nodes":"3","size_leaf_vector":"1"}},{"base_weights":[1.560329E-5,-1.90493E-3,1.2044464E-3],"categories":[],"categories_nodes":[],"categories_segments":[],"categories_sizes":[],"default_left":[0,0,0],"id":76,"left_children":[1,-1,-1],"loss_changes":[3.141819E-2,0E0,0E0],"parents":[2147483647,0,0],"right_children":[2,-1,-1],"split_conditions":[5.6E0,-1.90493E-3,1.2044464E-3],"split_indices":[0,0,0],"split_type":[0,0,0],"sum_hessian":[1.35E2,5.2E1,8.3E1],"tree_param":{"num_deleted":"0","num_feature":"3","num_nodes":"3","size_leaf_vector":"1"}},{"base_weights":[8.889953E-6,1.6514024E-3,-1.5334035E-3],"categories":[],"categories_nodes":[],"categories_segments":[],"categories_sizes":[],"default_left":[0,0,0],"id":77,"left_children":[1,-1,-1],"loss_changes":[3.469346E-2,0E0,0E0],"parents":[2147483647,0,0],"right_children":[2,-1,-1],"split_conditions":[5.8E0,1.6514024E-3,-1.5334035E-3],"split_indices":[0,0,0],"split_type":[0,0,0],"sum_hessian":[1.35E2,6.5E1,7E1],"tree_param":{"num_deleted":"0","num_feature":"3","num_nodes":"3","size_leaf_vector":"1"}},{"base_weights":[8.859973E-6,-1.2126284E-3,1.9241751E-3],"categories":[],"categories_nodes":[],"categories_segments":[],"categories_sizes":[],"default_left":[0,0,0],"id":78,"left_children":[1,-1,-1],"loss_changes":[3.19749E-2,0E0,0E0],"parents":[2147483647,0,0],"right_children":[2,-1,-1],"split_conditions":[6.2E0,-1.2126284E-3,1.9241751E-3],"split_indices":[0,0,0],"split_type":[0,0,0],"sum_hessian":[1.35E2,8.3E1,5.2E1],"tree_param":{"num_deleted":"0","num_feature":"3","num_nodes":"3","size_leaf_vector":"1"}},{"base_weights":[1.32021005E-5,1.4914009E-3,-1.6492511E-3],"categories":[],"categories_nodes":[],"categories_segments":[],"categories_sizes":[],"default_left":[0,0,0],"id":79,"left_children":[1,-1,-1],"loss_changes":[3.369496E-2,0E0,0E0],"parents":[2147483647,0,0],"right_children":[2,-1,-1],"split_conditions":[5.9E0,1.4914009E-3,-1.6492511E-3],"split_indices":[0,0,0],"split_type":[0,0,0],"sum_hessian":[1.35E2,7.1E1,6.4E1],"tree_param":{"num_deleted":"0","num_feature":"3","num_nodes":"3","size_leaf_vector":"1"}},{"base_weights":[1.07148935E-5,-1.2164358E-3,1.9306856E-3],"categories":[],"categories_nodes":[],"categories_segments":[],"categories_sizes":[],"default_left":[0,0,0],"id":80,"left_children":[1,-1,-1],"loss_changes":[3.21856E-2,0E0,0E0],"parents":[2147483647,0,0],"right_children":[2,-1,-1],"split_conditions":[4.8E0,-1.2164358E-3,1.9306856E-3],"split_indices":[2,0,0],"split_type":[0,0,0],"sum_hessian":[1.35E2,8.3E1,5.2E1],"tree_param":{"num_deleted":"0","num_feature":"3","num_nodes":"3","size_leaf_vector":"1"}},{"base_weights":[1.4876659E-5,1.4424275E-3,-1.5946532E-3],"categories":[],"categories_nodes":[],"categories_segments":[],"categories_sizes":[],"default_left":[0,0,0],"id":81,"left_children":[1,-1,-1],"loss_changes":[3.150924E-2,0E0,0E0],"parents":[2147483647,0,0],"right_children":[2,-1,-1],"split_conditions":[5.9E0,1.4424275E-3,-1.5946532E-3],"split_indices":[0,0,0],"split_type":[0,0,0],"sum_hessian":[1.35E2,7.1E1,6.4E1],"tree_param":{"num_deleted":"0","num_feature":"3","num_nodes":"3","size_leaf_vector":"1"}},{"base_weights":[1.227151E-5,-1.2192144E-3,1.9354888E-3],"categories":[],"categories_nodes":[],"categories_segments":[],"categories_sizes":[],"default_left":[0,0,0],"id":82,"left_children":[1,-1,-1],"loss_changes":[3.234086E-2,0E0,0E0],"parents":[2147483647,0,0],"right_children":[2,-1,-1],"split_conditions":[6.2E0,-1.2192144E-3,1.9354888E-3],"split_indices":[0,0,0],"split_type":[0,0,0],"sum_hessian":[1.35E2,8.3E1,5.2E1],"tree_param":{"num_deleted":"0","num_feature":"3","num_nodes":"3","size_leaf_vector":"1"}},{"base_weights":[1.633385E-5,1.4204195E-3,-1.5699702E-3],"categories":[],"categories_nodes":[],"categories_segments":[],"categories_sizes":[],"default_left":[0,0,0],"id":83,"left_children":[1,-1,-1],"loss_changes":[3.0547867E-2,0E0,0E0],"parents":[2147483647,0,0],"right_children":[2,-1,-1],"split_conditions":[5.9E0,1.4204195E-3,-1.5699702E-3],"split_indices":[0,0,0],"split_type":[0,0,0],"sum_hessian":[1.35E2,7.1E1,6.4E1],"tree_param":{"num_deleted":"0","num_feature":"3","num_nodes":"3","size_leaf_vector":"1"}},{"base_weights":[1.3619347E-5,-1.9493168E-3,1.2321312E-3],"categories":[],"categories_nodes":[],"categories_segments":[],"categories_sizes":[],"default_left":[0,0,0],"id":84,"left_children":[1,-1,-1],"loss_changes":[3.289154E-2,0E0,0E0],"parents":[2147483647,0,0],"right_children":[2,-1,-1],"split_conditions":[5.6E0,-1.9493168E-3,1.2321312E-3],"split_indices":[0,0,0],"split_type":[0,0,0],"sum_hessian":[1.35E2,5.2E1,8.3E1],"tree_param":{"num_deleted":"0","num_feature":"3","num_nodes":"3","size_leaf_vector":"1"}},{"base_weights":[6.976462E-6,1.5390132E-3,-1.4292957E-3],"categories":[],"categories_nodes":[],"categories_segments":[],"categories_sizes":[],"default_left":[0,0,0],"id":85,"left_children":[1,-1,-1],"loss_changes":[3.0136995E-2,0E0,0E0],"parents":[2147483647,0,0],"right_children":[2,-1,-1],"split_conditions":[5.8E0,1.5390132E-3,-1.4292957E-3],"split_indices":[0,0,0],"split_type":[0,0,0],"sum_hessian":[1.35E2,6.5E1,7E1],"tree_param":{"num_deleted":"0","num_feature":"3","num_nodes":"3","size_leaf_vector":"1"}},{"base_weights":[7.101581E-6,-1.209631E-3,1.9189733E-3],"categories":[],"categories_nodes":[],"categories_segments":[],"categories_sizes":[],"default_left":[0,0,0],"id":86,"left_children":[1,-1,-1],"loss_changes":[3.180796E-2,0E0,0E0],"parents":[2147483647,0,0],"right_children":[2,-1,-1],"split_conditions":[6.2E0,-1.209631E-3,1.9189733E-3],"split_indices":[0,0,0],"split_type":[0,0,0],"sum_hessian":[1.35E2,8.3E1,5.2E1],"tree_param":{"num_deleted":"0","num_feature":"3","num_nodes":"3","size_leaf_vector":"1"}},{"base_weights":[1.1583084E-5,1.3808775E-3,-1.5271639E-3],"categories":[],"categories_nodes":[],"categories_segments":[],"categories_sizes":[],"default_left":[0,0,0],"id":87,"left_children":[1,-1,-1],"loss_changes":[2.8888594E-2,0E0,0E0],"parents":[2147483647,0,0],"right_children":[2,-1,-1],"split_conditions":[5.9E0,1.3808775E-3,-1.5271639E-3],"split_indices":[0,0,0],"split_type":[0,0,0],"sum_hessian":[1.35E2,7.1E1,6.4E1],"tree_param":{"num_deleted":"0","num_feature":"3","num_nodes":"3","size_leaf_vector":"1"}},{"base_weights":[9.3428025E-6,-1.925866E-3,1.2166424E-3],"categories":[],"categories_nodes":[],"categories_segments":[],"categories_sizes":[],"default_left":[0,0,0],"id":88,"left_children":[1,-1,-1],"loss_changes":[3.209131E-2,0E0,0E0],"parents":[2147483647,0,0],"right_children":[2,-1,-1],"split_conditions":[5.6E0,-1.925866E-3,1.2166424E-3],"split_indices":[0,0,0],"split_type":[0,0,0],"sum_hessian":[1.35E2,5.2E1,8.3E1],"tree_param":{"num_deleted":"0","num_feature":"3","num_nodes":"3","size_leaf_vector":"1"}},{"base_weights":[3.1762688E-6,1.4983438E-3,-1.3922183E-3],"categories":[],"categories_nodes":[],"categories_segments":[],"categories_sizes":[],"default_left":[0,0,0],"id":89,"left_children":[1,-1,-1],"loss_changes":[2.8578954E-2,0E0,0E0],"parents":[2147483647,0,0],"right_children":[2,-1,-1],"split_conditions":[5.8E0,1.4983438E-3,-1.3922183E-3],"split_indices":[0,0,0],"split_type":[0,0,0],"sum_hessian":[1.35E2,6.5E1,7E1],"tree_param":{"num_deleted":"0","num_feature":"3","num_nodes":"3","size_leaf_vector":"1"}},{"base_weights":[3.650004E-6,-1.1968032E-3,1.8977568E-3],"categories":[],"categories_nodes":[],"categories_segments":[],"categories_sizes":[],"default_left":[0,0,0],"id":90,"left_children":[1,-1,-1],"loss_changes":[3.1119483E-2,0E0,0E0],"parents":[2147483647,0,0],"right_children":[2,-1,-1],"split_conditions":[6.2E0,-1.1968032E-3,1.8977568E-3],"split_indices":[0,0,0],"split_type":[0,0,0],"sum_hessian":[1.35E2,8.3E1,5.2E1],"tree_param":{"num_deleted":"0","num_feature":"3","num_nodes":"3","size_leaf_vector":"1"}},{"base_weights":[8.443384E-6,1.8352133E-3,-1.1213677E-3],"categories":[],"categories_nodes":[],"categories_segments":[],"categories_sizes":[],"default_left":[0,0,0],"id":91,"left_children":[1,-1,-1],"loss_changes":[2.8202085E-2,0E0,0E0],"parents":[2147483647,0,0],"right_children":[2,-1,-1],"split_conditions":[3E0,1.8352133E-3,-1.1213677E-3],"split_indices":[1,0,0],"split_type":[0,0,0],"sum_hessian":[1.35E2,5.1E1,8.4E1],"tree_param":{"num_deleted":"0","num_feature":"3","num_nodes":"3","size_leaf_vector":"1"}},{"base_weights":[1.2860552E-5,1.4894973E-3,-1.3821397E-3],"categories":[],"categories_nodes":[],"categories_segments":[],"categories_sizes":[],"default_left":[0,0,0],"id":92,"left_children":[1,-1,-1],"loss_changes":[2.8205954E-2,0E0,0E0],"parents":[2147483647,0,0],"right_children":[2,-1,-1],"split_conditions":[5.8E0,1.4894973E-3,-1.3821397E-3],"split_indices":[0,0,0],"split_type":[0,0,0],"sum_hessian":[1.35E2,6.5E1,7E1],"tree_param":{"num_deleted":"0","num_feature":"3","num_nodes":"3","size_leaf_vector":"1"}},{"base_weights":[1.2345845E-5,-1.1951377E-3,1.8973484E-3],"categories":[],"categories_nodes":[],"categories_segments":[],"categories_sizes":[],"default_left":[0,0,0],"id":93,"left_children":[1,-1,-1],"loss_changes":[3.1077793E-2,0E0,0E0],"parents":[2147483647,0,0],"right_children":[2,-1,-1],"split_conditions":[4.8E0,-1.1951377E-3,1.8973484E-3],"split_indices":[2,0,0],"split_type":[0,0,0],"sum_hessian":[1.35E2,8.3E1,5.2E1],"tree_param":{"num_deleted":"0","num_feature":"3","num_nodes":"3","size_leaf_vector":"1"}},{"base_weights":[1.6297488E-5,1.4511383E-3,-1.3458236E-3],"categories":[],"categories_nodes":[],"categories_segments":[],"categories_sizes":[],"default_left":[0,0,0],"id":94,"left_children":[1,-1,-1],"loss_changes":[2.6758071E-2,0E0,0E0],"parents":[2147483647,0,0],"right_children":[2,-1,-1],"split_conditions":[5.8E0,1.4511383E-3,-1.3458236E-3],"split_indices":[0,0,0],"split_type":[0,0,0],"sum_hessian":[1.35E2,6.5E1,7E1],"tree_param":{"num_deleted":"0","num_feature":"3","num_nodes":"3","size_leaf_vector":"1"}},{"base_weights":[1.5457572E-5,-1.894668E-3,1.197948E-3],"categories":[],"categories_nodes":[],"categories_segments":[],"categories_sizes":[],"default_left":[0,0,0],"id":95,"left_children":[1,-1,-1],"loss_changes":[3.1080397E-2,0E0,0E0],"parents":[2147483647,0,0],"right_children":[2,-1,-1],"split_conditions":[5.6E0,-1.894668E-3,1.197948E-3],"split_indices":[0,0,0],"split_type":[0,0,0],"sum_hessian":[1.35E2,5.2E1,8.3E1],"tree_param":{"num_deleted":"0","num_feature":"3","num_nodes":"3","size_leaf_vector":"1"}},{"base_weights":[8.810996E-6,-1.1024697E-3,1.7495714E-3],"categories":[],"categories_nodes":[],"categories_segments":[],"categories_sizes":[],"default_left":[0,0,0],"id":96,"left_children":[1,-1,-1],"loss_changes":[2.643298E-2,0E0,0E0],"parents":[2147483647,0,0],"right_children":[2,-1,-1],"split_conditions":[6.2E0,-1.1024697E-3,1.7495714E-3],"split_indices":[0,0,0],"split_type":[0,0,0],"sum_hessian":[1.35E2,8.3E1,5.2E1],"tree_param":{"num_deleted":"0","num_feature":"3","num_nodes":"3","size_leaf_vector":"1"}}]},"name":"gbtree"},"learner_model_param":{"base_score":"6.181222E-9","boost_from_average":"1","num_class":"0","num_feature":"3","num_target":"1"},"objective":{"name":"reg:squarederror","reg_loss_param":{"scale_pos_weight":"1"}}},"version":[2,1,1]}