{
    "uid": "c8de7b37-f073-4465-8e3a-cd58b89aa73c",
    "name": "10_Xgboost",
    "preprocessing": [
        {
            "scale_y": {
                "scale": [
                    0.7402033426838927
                ],
                "mean": [
                    1.238392857142857
                ],
                "var": [
                    0.5479009885204081
                ],
                "n_samples_seen": 112,
                "n_features_in": 1,
                "columns": [
                    "target"
                ],
                "scale_method": "scale_normal"
            },
            "ml_task": "regression",
            "params": {
                "columns_preprocessing": {},
                "target_preprocessing": [
                    "na_exclude",
                    "scale_normal"
                ],
                "ml_task": "regression"
            }
        },
        {
            "scale_y": {
                "scale": [
                    0.7605025694652618
                ],
                "mean": [
                    1.1696428571428572
                ],
                "var": [
                    0.5783641581632654
                ],
                "n_samples_seen": 112,
                "n_features_in": 1,
                "columns": [
                    "target"
                ],
                "scale_method": "scale_normal"
            },
            "ml_task": "regression",
            "params": {
                "columns_preprocessing": {},
                "target_preprocessing": [
                    "na_exclude",
                    "scale_normal"
                ],
                "ml_task": "regression"
            }
        },
        {
            "scale_y": {
                "scale": [
                    0.7692011777653727
                ],
                "mean": [
                    1.2442477876106197
                ],
                "var": [
                    0.5916704518756364
                ],
                "n_samples_seen": 113,
                "n_features_in": 1,
                "columns": [
                    "target"
                ],
                "scale_method": "scale_normal"
            },
            "ml_task": "regression",
            "params": {
                "columns_preprocessing": {},
                "target_preprocessing": [
                    "na_exclude",
                    "scale_normal"
                ],
                "ml_task": "regression"
            }
        },
        {
            "scale_y": {
                "scale": [
                    0.7635491361164356
                ],
                "mean": [
                    1.145132743362832
                ],
                "var": [
                    0.5830072832641552
                ],
                "n_samples_seen": 113,
                "n_features_in": 1,
                "columns": [
                    "target"
                ],
                "scale_method": "scale_normal"
            },
            "ml_task": "regression",
            "params": {
                "columns_preprocessing": {},
                "target_preprocessing": [
                    "na_exclude",
                    "scale_normal"
                ],
                "ml_task": "regression"
            }
        }
    ],
    "learners": [
        {
            "library_version": "2.1.1",
            "algorithm_name": "Extreme Gradient Boosting",
            "algorithm_short_name": "Xgboost",
            "uid": "a16f2bd1-7a30-4ffb-9acb-bc05c5133534",
            "params": {
                "model_type": "Xgboost",
                "ml_task": "regression",
                "n_jobs": -1,
                "seed": 1235,
                "objective": "reg:squarederror",
                "eta": 0.075,
                "max_depth": 8,
                "min_child_weight": 5,
                "subsample": 1.0,
                "colsample_bytree": 1.0,
                "eval_metric": "rmse",
                "explain_level": 0
            },
            "name": "learner_fold_0"
        },
        {
            "library_version": "2.1.1",
            "algorithm_name": "Extreme Gradient Boosting",
            "algorithm_short_name": "Xgboost",
            "uid": "8e51554b-269e-46aa-a9ad-30824b218fa1",
            "params": {
                "model_type": "Xgboost",
                "ml_task": "regression",
                "n_jobs": -1,
                "seed": 1235,
                "objective": "reg:squarederror",
                "eta": 0.075,
                "max_depth": 8,
                "min_child_weight": 5,
                "subsample": 1.0,
                "colsample_bytree": 1.0,
                "eval_metric": "rmse",
                "explain_level": 0
            },
            "name": "learner_fold_1"
        },
        {
            "library_version": "2.1.1",
            "algorithm_name": "Extreme Gradient Boosting",
            "algorithm_short_name": "Xgboost",
            "uid": "2e38fbae-c5f7-4fa7-b0b0-81f84b7bcb65",
            "params": {
                "model_type": "Xgboost",
                "ml_task": "regression",
                "n_jobs": -1,
                "seed": 1235,
                "objective": "reg:squarederror",
                "eta": 0.075,
                "max_depth": 8,
                "min_child_weight": 5,
                "subsample": 1.0,
                "colsample_bytree": 1.0,
                "eval_metric": "rmse",
                "explain_level": 0
            },
            "name": "learner_fold_2"
        },
        {
            "library_version": "2.1.1",
            "algorithm_name": "Extreme Gradient Boosting",
            "algorithm_short_name": "Xgboost",
            "uid": "304f5d57-300b-4859-bcc6-a5cb598265df",
            "params": {
                "model_type": "Xgboost",
                "ml_task": "regression",
                "n_jobs": -1,
                "seed": 1235,
                "objective": "reg:squarederror",
                "eta": 0.075,
                "max_depth": 8,
                "min_child_weight": 5,
                "subsample": 1.0,
                "colsample_bytree": 1.0,
                "eval_metric": "rmse",
                "explain_level": 0
            },
            "name": "learner_fold_3"
        }
    ],
    "params": {
        "additional": {
            "max_rounds": 10000,
            "early_stopping_rounds": 50,
            "max_rows_limit": null,
            "max_cols_limit": null
        },
        "preprocessing": {
            "columns_preprocessing": {},
            "target_preprocessing": [
                "na_exclude",
                "scale_normal"
            ],
            "ml_task": "regression"
        },
        "validation_strategy": {
            "validation_type": "kfold",
            "k_folds": 4,
            "shuffle": true,
            "random_seed": 123,
            "X_path": "AutoML_3\\X.data",
            "y_path": "AutoML_3\\y.data",
            "results_path": "AutoML_3"
        },
        "learner": {
            "model_type": "Xgboost",
            "ml_task": "regression",
            "n_jobs": -1,
            "seed": 1235,
            "objective": "reg:squarederror",
            "eta": 0.075,
            "max_depth": 8,
            "min_child_weight": 5,
            "subsample": 1.0,
            "colsample_bytree": 1.0,
            "eval_metric": "rmse",
            "explain_level": 0
        },
        "automl_random_state": 1234,
        "ml_task": "regression",
        "explain_level": 0,
        "name": "10_Xgboost",
        "status": "initialized",
        "final_loss": null,
        "train_time": null,
        "data_type": "original",
        "max_time_for_learner": 60
    },
    "saved": [
        "10_Xgboost\\learner_fold_0.xgboost.json",
        "10_Xgboost\\learner_fold_1.xgboost.json",
        "10_Xgboost\\learner_fold_2.xgboost.json",
        "10_Xgboost\\learner_fold_3.xgboost.json"
    ],
    "predictions_fname": "10_Xgboost\\predictions_out_of_folds.csv",
    "metric_name": "rmse",
    "final_loss": "0.20428359108689478",
    "train_time": 0.9578630924224854,
    "is_stacked": false,
    "joblib_version": "1.4.2"
}