{
    "name": "Ensemble",
    "ml_task": "regression",
    "optimize_metric": "rmse",
    "selected_models": [
        {
            "model": "3_Linear",
            "repeat": 2.0
        },
        {
            "model": "5_Default_NeuralNetwork",
            "repeat": 2.0
        },
        {
            "model": "6_Default_RandomForest",
            "repeat": 1.0
        }
    ],
    "predictions_fname": "Ensemble\\predictions_ensemble.csv",
    "metric_name": "rmse",
    "final_loss": 0.15671445569776524,
    "train_time": 0.22556376457214355,
    "is_stacked": false
}