{"learner":{"attributes":{"best_iteration":"55","best_score":"0.9147443797703925"},"feature_names":[],"feature_types":[],"gradient_booster":{"model":{"gbtree_model_param":{"num_parallel_tree":"1","num_trees":"106"},"iteration_indptr":[0,1,2,3,4,5,6,7,8,9,10,11,12,13,14,15,16,17,18,19,20,21,22,23,24,25,26,27,28,29,30,31,32,33,34,35,36,37,38,39,40,41,42,43,44,45,46,47,48,49,50,51,52,53,54,55,56,57,58,59,60,61,62,63,64,65,66,67,68,69,70,71,72,73,74,75,76,77,78,79,80,81,82,83,84,85,86,87,88,89,90,91,92,93,94,95,96,97,98,99,100,101,102,103,104,105,106],"tree_info":[0,0,0,0,0,0,0,0,0,0,0,0,0,0,0,0,0,0,0,0,0,0,0,0,0,0,0,0,0,0,0,0,0,0,0,0,0,0,0,0,0,0,0,0,0,0,0,0,0,0,0,0,0,0,0,0,0,0,0,0,0,0,0,0,0,0,0,0,0,0,0,0,0,0,0,0,0,0,0,0,0,0,0,0,0,0,0,0,0,0,0,0,0,0,0,0,0,0,0,0,0,0,0,0,0,0],"trees":[{"base_weights":[1.2892234E-1],"categories":[],"categories_nodes":[],"categories_segments":[],"categories_sizes":[],"default_left":[0],"id":0,"left_children":[-1],"loss_changes":[0E0],"parents":[2147483647],"right_children":[-1],"split_conditions":[1.9338353E-2],"split_indices":[0],"split_type":[0],"sum_hessian":[7.4E1],"tree_param":{"num_deleted":"0","num_feature":"3","num_nodes":"1","size_leaf_vector":"1"}},{"base_weights":[-1.9175425E-2],"categories":[],"categories_nodes":[],"categories_segments":[],"categories_sizes":[],"default_left":[0],"id":1,"left_children":[-1],"loss_changes":[0E0],"parents":[2147483647],"right_children":[-1],"split_conditions":[-2.8763139E-3],"split_indices":[0],"split_type":[0],"sum_hessian":[8.8E1],"tree_param":{"num_deleted":"0","num_feature":"3","num_nodes":"1","size_leaf_vector":"1"}},{"base_weights":[-1.9977821E-2],"categories":[],"categories_nodes":[],"categories_segments":[],"categories_sizes":[],"default_left":[0],"id":2,"left_children":[-1],"loss_changes":[0E0],"parents":[2147483647],"right_children":[-1],"split_conditions":[-2.9966733E-3],"split_indices":[0],"split_type":[0],"sum_hessian":[9.2E1],"tree_param":{"num_deleted":"0","num_feature":"3","num_nodes":"1","size_leaf_vector":"1"}},{"base_weights":[-1.2753609E-1],"categories":[],"categories_nodes":[],"categories_segments":[],"categories_sizes":[],"default_left":[0],"id":3,"left_children":[-1],"loss_changes":[0E0],"parents":[2147483647],"right_children":[-1],"split_conditions":[-1.9130414E-2],"split_indices":[0],"split_type":[0],"sum_hessian":[8E1],"tree_param":{"num_deleted":"0","num_feature":"3","num_nodes":"1","size_leaf_vector":"1"}},{"base_weights":[6.928387E-2],"categories":[],"categories_nodes":[],"categories_segments":[],"categories_sizes":[],"default_left":[0],"id":4,"left_children":[-1],"loss_changes":[0E0],"parents":[2147483647],"right_children":[-1],"split_conditions":[1.0392581E-2],"split_indices":[0],"split_type":[0],"sum_hessian":[7E1],"tree_param":{"num_deleted":"0","num_feature":"3","num_nodes":"1","size_leaf_vector":"1"}},{"base_weights":[6.7320116E-2],"categories":[],"categories_nodes":[],"categories_segments":[],"categories_sizes":[],"default_left":[0],"id":5,"left_children":[-1],"loss_changes":[0E0],"parents":[2147483647],"right_children":[-1],"split_conditions":[1.0098018E-2],"split_indices":[0],"split_type":[0],"sum_hessian":[8.5E1],"tree_param":{"num_deleted":"0","num_feature":"3","num_nodes":"1","size_leaf_vector":"1"}},{"base_weights":[1.4618366E-2],"categories":[],"categories_nodes":[],"categories_segments":[],"categories_sizes":[],"default_left":[0],"id":6,"left_children":[-1],"loss_changes":[0E0],"parents":[2147483647],"right_children":[-1],"split_conditions":[2.192755E-3],"split_indices":[0],"split_type":[0],"sum_hessian":[8E1],"tree_param":{"num_deleted":"0","num_feature":"3","num_nodes":"1","size_leaf_vector":"1"}},{"base_weights":[4.9577955E-2],"categories":[],"categories_nodes":[],"categories_segments":[],"categories_sizes":[],"default_left":[0],"id":7,"left_children":[-1],"loss_changes":[0E0],"parents":[2147483647],"right_children":[-1],"split_conditions":[7.4366936E-3],"split_indices":[0],"split_type":[0],"sum_hessian":[8.3E1],"tree_param":{"num_deleted":"0","num_feature":"3","num_nodes":"1","size_leaf_vector":"1"}},{"base_weights":[1.2894353E-2],"categories":[],"categories_nodes":[],"categories_segments":[],"categories_sizes":[],"default_left":[0],"id":8,"left_children":[-1],"loss_changes":[0E0],"parents":[2147483647],"right_children":[-1],"split_conditions":[1.934153E-3],"split_indices":[0],"split_type":[0],"sum_hessian":[8.5E1],"tree_param":{"num_deleted":"0","num_feature":"3","num_nodes":"1","size_leaf_vector":"1"}},{"base_weights":[-1.9135885E-2],"categories":[],"categories_nodes":[],"categories_segments":[],"categories_sizes":[],"default_left":[0],"id":9,"left_children":[-1],"loss_changes":[0E0],"parents":[2147483647],"right_children":[-1],"split_conditions":[-2.8703827E-3],"split_indices":[0],"split_type":[0],"sum_hessian":[9.4E1],"tree_param":{"num_deleted":"0","num_feature":"3","num_nodes":"1","size_leaf_vector":"1"}},{"base_weights":[-1.351859E-1],"categories":[],"categories_nodes":[],"categories_segments":[],"categories_sizes":[],"default_left":[0],"id":10,"left_children":[-1],"loss_changes":[0E0],"parents":[2147483647],"right_children":[-1],"split_conditions":[-2.0277886E-2],"split_indices":[0],"split_type":[0],"sum_hessian":[8.2E1],"tree_param":{"num_deleted":"0","num_feature":"3","num_nodes":"1","size_leaf_vector":"1"}},{"base_weights":[3.4898415E-3],"categories":[],"categories_nodes":[],"categories_segments":[],"categories_sizes":[],"default_left":[0],"id":11,"left_children":[-1],"loss_changes":[0E0],"parents":[2147483647],"right_children":[-1],"split_conditions":[5.234762E-4],"split_indices":[0],"split_type":[0],"sum_hessian":[8.5E1],"tree_param":{"num_deleted":"0","num_feature":"3","num_nodes":"1","size_leaf_vector":"1"}},{"base_weights":[5.6749177E-3],"categories":[],"categories_nodes":[],"categories_segments":[],"categories_sizes":[],"default_left":[0],"id":12,"left_children":[-1],"loss_changes":[0E0],"parents":[2147483647],"right_children":[-1],"split_conditions":[8.512377E-4],"split_indices":[0],"split_type":[0],"sum_hessian":[8.6E1],"tree_param":{"num_deleted":"0","num_feature":"3","num_nodes":"1","size_leaf_vector":"1"}},{"base_weights":[-8.2074225E-2],"categories":[],"categories_nodes":[],"categories_segments":[],"categories_sizes":[],"default_left":[0],"id":13,"left_children":[-1],"loss_changes":[0E0],"parents":[2147483647],"right_children":[-1],"split_conditions":[-1.23111345E-2],"split_indices":[0],"split_type":[0],"sum_hessian":[7.5E1],"tree_param":{"num_deleted":"0","num_feature":"3","num_nodes":"1","size_leaf_vector":"1"}},{"base_weights":[1.3945115E-1],"categories":[],"categories_nodes":[],"categories_segments":[],"categories_sizes":[],"default_left":[0],"id":14,"left_children":[-1],"loss_changes":[0E0],"parents":[2147483647],"right_children":[-1],"split_conditions":[2.0917673E-2],"split_indices":[0],"split_type":[0],"sum_hessian":[7.6E1],"tree_param":{"num_deleted":"0","num_feature":"3","num_nodes":"1","size_leaf_vector":"1"}},{"base_weights":[-6.365433E-3],"categories":[],"categories_nodes":[],"categories_segments":[],"categories_sizes":[],"default_left":[0],"id":15,"left_children":[-1],"loss_changes":[0E0],"parents":[2147483647],"right_children":[-1],"split_conditions":[-9.5481495E-4],"split_indices":[0],"split_type":[0],"sum_hessian":[7.5E1],"tree_param":{"num_deleted":"0","num_feature":"3","num_nodes":"1","size_leaf_vector":"1"}},{"base_weights":[8.513189E-2],"categories":[],"categories_nodes":[],"categories_segments":[],"categories_sizes":[],"default_left":[0],"id":16,"left_children":[-1],"loss_changes":[0E0],"parents":[2147483647],"right_children":[-1],"split_conditions":[1.2769784E-2],"split_indices":[0],"split_type":[0],"sum_hessian":[9.1E1],"tree_param":{"num_deleted":"0","num_feature":"3","num_nodes":"1","size_leaf_vector":"1"}},{"base_weights":[5.787687E-2],"categories":[],"categories_nodes":[],"categories_segments":[],"categories_sizes":[],"default_left":[0],"id":17,"left_children":[-1],"loss_changes":[0E0],"parents":[2147483647],"right_children":[-1],"split_conditions":[8.681531E-3],"split_indices":[0],"split_type":[0],"sum_hessian":[8.5E1],"tree_param":{"num_deleted":"0","num_feature":"3","num_nodes":"1","size_leaf_vector":"1"}},{"base_weights":[-9.085385E-2],"categories":[],"categories_nodes":[],"categories_segments":[],"categories_sizes":[],"default_left":[0],"id":18,"left_children":[-1],"loss_changes":[0E0],"parents":[2147483647],"right_children":[-1],"split_conditions":[-1.3628078E-2],"split_indices":[0],"split_type":[0],"sum_hessian":[8.4E1],"tree_param":{"num_deleted":"0","num_feature":"3","num_nodes":"1","size_leaf_vector":"1"}},{"base_weights":[-1.7455518E-1],"categories":[],"categories_nodes":[],"categories_segments":[],"categories_sizes":[],"default_left":[0],"id":19,"left_children":[-1],"loss_changes":[0E0],"parents":[2147483647],"right_children":[-1],"split_conditions":[-2.618328E-2],"split_indices":[0],"split_type":[0],"sum_hessian":[7.7E1],"tree_param":{"num_deleted":"0","num_feature":"3","num_nodes":"1","size_leaf_vector":"1"}},{"base_weights":[-3.355091E-2],"categories":[],"categories_nodes":[],"categories_segments":[],"categories_sizes":[],"default_left":[0],"id":20,"left_children":[-1],"loss_changes":[0E0],"parents":[2147483647],"right_children":[-1],"split_conditions":[-5.0326367E-3],"split_indices":[0],"split_type":[0],"sum_hessian":[8.2E1],"tree_param":{"num_deleted":"0","num_feature":"3","num_nodes":"1","size_leaf_vector":"1"}},{"base_weights":[1.5767686E-2],"categories":[],"categories_nodes":[],"categories_segments":[],"categories_sizes":[],"default_left":[0],"id":21,"left_children":[-1],"loss_changes":[0E0],"parents":[2147483647],"right_children":[-1],"split_conditions":[2.365153E-3],"split_indices":[0],"split_type":[0],"sum_hessian":[8.1E1],"tree_param":{"num_deleted":"0","num_feature":"3","num_nodes":"1","size_leaf_vector":"1"}},{"base_weights":[5.5697326E-2],"categories":[],"categories_nodes":[],"categories_segments":[],"categories_sizes":[],"default_left":[0],"id":22,"left_children":[-1],"loss_changes":[0E0],"parents":[2147483647],"right_children":[-1],"split_conditions":[8.3546E-3],"split_indices":[0],"split_type":[0],"sum_hessian":[7.6E1],"tree_param":{"num_deleted":"0","num_feature":"3","num_nodes":"1","size_leaf_vector":"1"}},{"base_weights":[5.092092E-2],"categories":[],"categories_nodes":[],"categories_segments":[],"categories_sizes":[],"default_left":[0],"id":23,"left_children":[-1],"loss_changes":[0E0],"parents":[2147483647],"right_children":[-1],"split_conditions":[7.6381383E-3],"split_indices":[0],"split_type":[0],"sum_hessian":[8.9E1],"tree_param":{"num_deleted":"0","num_feature":"3","num_nodes":"1","size_leaf_vector":"1"}},{"base_weights":[-4.6331964E-2],"categories":[],"categories_nodes":[],"categories_segments":[],"categories_sizes":[],"default_left":[0],"id":24,"left_children":[-1],"loss_changes":[0E0],"parents":[2147483647],"right_children":[-1],"split_conditions":[-6.949795E-3],"split_indices":[0],"split_type":[0],"sum_hessian":[7.7E1],"tree_param":{"num_deleted":"0","num_feature":"3","num_nodes":"1","size_leaf_vector":"1"}},{"base_weights":[2.6008915E-3],"categories":[],"categories_nodes":[],"categories_segments":[],"categories_sizes":[],"default_left":[0],"id":25,"left_children":[-1],"loss_changes":[0E0],"parents":[2147483647],"right_children":[-1],"split_conditions":[3.9013373E-4],"split_indices":[0],"split_type":[0],"sum_hessian":[8.8E1],"tree_param":{"num_deleted":"0","num_feature":"3","num_nodes":"1","size_leaf_vector":"1"}},{"base_weights":[-2.680248E-3],"categories":[],"categories_nodes":[],"categories_segments":[],"categories_sizes":[],"default_left":[0],"id":26,"left_children":[-1],"loss_changes":[0E0],"parents":[2147483647],"right_children":[-1],"split_conditions":[-4.0203723E-4],"split_indices":[0],"split_type":[0],"sum_hessian":[8.3E1],"tree_param":{"num_deleted":"0","num_feature":"3","num_nodes":"1","size_leaf_vector":"1"}},{"base_weights":[3.7560504E-2],"categories":[],"categories_nodes":[],"categories_segments":[],"categories_sizes":[],"default_left":[0],"id":27,"left_children":[-1],"loss_changes":[0E0],"parents":[2147483647],"right_children":[-1],"split_conditions":[5.634076E-3],"split_indices":[0],"split_type":[0],"sum_hessian":[7.7E1],"tree_param":{"num_deleted":"0","num_feature":"3","num_nodes":"1","size_leaf_vector":"1"}},{"base_weights":[-9.027994E-3],"categories":[],"categories_nodes":[],"categories_segments":[],"categories_sizes":[],"default_left":[0],"id":28,"left_children":[-1],"loss_changes":[0E0],"parents":[2147483647],"right_children":[-1],"split_conditions":[-1.3541991E-3],"split_indices":[0],"split_type":[0],"sum_hessian":[7.3E1],"tree_param":{"num_deleted":"0","num_feature":"3","num_nodes":"1","size_leaf_vector":"1"}},{"base_weights":[-3.8769163E-2],"categories":[],"categories_nodes":[],"categories_segments":[],"categories_sizes":[],"default_left":[0],"id":29,"left_children":[-1],"loss_changes":[0E0],"parents":[2147483647],"right_children":[-1],"split_conditions":[-5.8153747E-3],"split_indices":[0],"split_type":[0],"sum_hessian":[9.4E1],"tree_param":{"num_deleted":"0","num_feature":"3","num_nodes":"1","size_leaf_vector":"1"}},{"base_weights":[3.375915E-2],"categories":[],"categories_nodes":[],"categories_segments":[],"categories_sizes":[],"default_left":[0],"id":30,"left_children":[-1],"loss_changes":[0E0],"parents":[2147483647],"right_children":[-1],"split_conditions":[5.063873E-3],"split_indices":[0],"split_type":[0],"sum_hessian":[8.5E1],"tree_param":{"num_deleted":"0","num_feature":"3","num_nodes":"1","size_leaf_vector":"1"}},{"base_weights":[1.2097018E-1],"categories":[],"categories_nodes":[],"categories_segments":[],"categories_sizes":[],"default_left":[0],"id":31,"left_children":[-1],"loss_changes":[0E0],"parents":[2147483647],"right_children":[-1],"split_conditions":[1.8145528E-2],"split_indices":[0],"split_type":[0],"sum_hessian":[7.8E1],"tree_param":{"num_deleted":"0","num_feature":"3","num_nodes":"1","size_leaf_vector":"1"}},{"base_weights":[-5.20558E-3],"categories":[],"categories_nodes":[],"categories_segments":[],"categories_sizes":[],"default_left":[0],"id":32,"left_children":[-1],"loss_changes":[0E0],"parents":[2147483647],"right_children":[-1],"split_conditions":[-7.80837E-4],"split_indices":[0],"split_type":[0],"sum_hessian":[8.7E1],"tree_param":{"num_deleted":"0","num_feature":"3","num_nodes":"1","size_leaf_vector":"1"}},{"base_weights":[-2.4142979E-1],"categories":[],"categories_nodes":[],"categories_segments":[],"categories_sizes":[],"default_left":[0],"id":33,"left_children":[-1],"loss_changes":[0E0],"parents":[2147483647],"right_children":[-1],"split_conditions":[-3.621447E-2],"split_indices":[0],"split_type":[0],"sum_hessian":[8.2E1],"tree_param":{"num_deleted":"0","num_feature":"3","num_nodes":"1","size_leaf_vector":"1"}},{"base_weights":[1.3296871E-1],"categories":[],"categories_nodes":[],"categories_segments":[],"categories_sizes":[],"default_left":[0],"id":34,"left_children":[-1],"loss_changes":[0E0],"parents":[2147483647],"right_children":[-1],"split_conditions":[1.9945307E-2],"split_indices":[0],"split_type":[0],"sum_hessian":[7.8E1],"tree_param":{"num_deleted":"0","num_feature":"3","num_nodes":"1","size_leaf_vector":"1"}},{"base_weights":[7.0775854E-3],"categories":[],"categories_nodes":[],"categories_segments":[],"categories_sizes":[],"default_left":[0],"id":35,"left_children":[-1],"loss_changes":[0E0],"parents":[2147483647],"right_children":[-1],"split_conditions":[1.0616379E-3],"split_indices":[0],"split_type":[0],"sum_hessian":[7.9E1],"tree_param":{"num_deleted":"0","num_feature":"3","num_nodes":"1","size_leaf_vector":"1"}},{"base_weights":[4.8954207E-2],"categories":[],"categories_nodes":[],"categories_segments":[],"categories_sizes":[],"default_left":[0],"id":36,"left_children":[-1],"loss_changes":[0E0],"parents":[2147483647],"right_children":[-1],"split_conditions":[7.3431316E-3],"split_indices":[0],"split_type":[0],"sum_hessian":[8.2E1],"tree_param":{"num_deleted":"0","num_feature":"3","num_nodes":"1","size_leaf_vector":"1"}},{"base_weights":[-6.364418E-2],"categories":[],"categories_nodes":[],"categories_segments":[],"categories_sizes":[],"default_left":[0],"id":37,"left_children":[-1],"loss_changes":[0E0],"parents":[2147483647],"right_children":[-1],"split_conditions":[-9.546627E-3],"split_indices":[0],"split_type":[0],"sum_hessian":[7.8E1],"tree_param":{"num_deleted":"0","num_feature":"3","num_nodes":"1","size_leaf_vector":"1"}},{"base_weights":[7.203415E-2],"categories":[],"categories_nodes":[],"categories_segments":[],"categories_sizes":[],"default_left":[0],"id":38,"left_children":[-1],"loss_changes":[0E0],"parents":[2147483647],"right_children":[-1],"split_conditions":[1.0805123E-2],"split_indices":[0],"split_type":[0],"sum_hessian":[7.2E1],"tree_param":{"num_deleted":"0","num_feature":"3","num_nodes":"1","size_leaf_vector":"1"}},{"base_weights":[5.9819456E-2],"categories":[],"categories_nodes":[],"categories_segments":[],"categories_sizes":[],"default_left":[0],"id":39,"left_children":[-1],"loss_changes":[0E0],"parents":[2147483647],"right_children":[-1],"split_conditions":[8.972919E-3],"split_indices":[0],"split_type":[0],"sum_hessian":[7.6E1],"tree_param":{"num_deleted":"0","num_feature":"3","num_nodes":"1","size_leaf_vector":"1"}},{"base_weights":[-1.9868996E-2],"categories":[],"categories_nodes":[],"categories_segments":[],"categories_sizes":[],"default_left":[0],"id":40,"left_children":[-1],"loss_changes":[0E0],"parents":[2147483647],"right_children":[-1],"split_conditions":[-2.9803496E-3],"split_indices":[0],"split_type":[0],"sum_hessian":[8.6E1],"tree_param":{"num_deleted":"0","num_feature":"3","num_nodes":"1","size_leaf_vector":"1"}},{"base_weights":[-2.0232432E-2],"categories":[],"categories_nodes":[],"categories_segments":[],"categories_sizes":[],"default_left":[0],"id":41,"left_children":[-1],"loss_changes":[0E0],"parents":[2147483647],"right_children":[-1],"split_conditions":[-3.0348648E-3],"split_indices":[0],"split_type":[0],"sum_hessian":[9.4E1],"tree_param":{"num_deleted":"0","num_feature":"3","num_nodes":"1","size_leaf_vector":"1"}},{"base_weights":[-3.3272594E-2],"categories":[],"categories_nodes":[],"categories_segments":[],"categories_sizes":[],"default_left":[0],"id":42,"left_children":[-1],"loss_changes":[0E0],"parents":[2147483647],"right_children":[-1],"split_conditions":[-4.990889E-3],"split_indices":[0],"split_type":[0],"sum_hessian":[8.2E1],"tree_param":{"num_deleted":"0","num_feature":"3","num_nodes":"1","size_leaf_vector":"1"}},{"base_weights":[2.3858047E-1],"categories":[],"categories_nodes":[],"categories_segments":[],"categories_sizes":[],"default_left":[0],"id":43,"left_children":[-1],"loss_changes":[0E0],"parents":[2147483647],"right_children":[-1],"split_conditions":[3.5787072E-2],"split_indices":[0],"split_type":[0],"sum_hessian":[7.3E1],"tree_param":{"num_deleted":"0","num_feature":"3","num_nodes":"1","size_leaf_vector":"1"}},{"base_weights":[-1.06651604E-1],"categories":[],"categories_nodes":[],"categories_segments":[],"categories_sizes":[],"default_left":[0],"id":44,"left_children":[-1],"loss_changes":[0E0],"parents":[2147483647],"right_children":[-1],"split_conditions":[-1.5997741E-2],"split_indices":[0],"split_type":[0],"sum_hessian":[8.1E1],"tree_param":{"num_deleted":"0","num_feature":"3","num_nodes":"1","size_leaf_vector":"1"}},{"base_weights":[-1.5373286E-2],"categories":[],"categories_nodes":[],"categories_segments":[],"categories_sizes":[],"default_left":[0],"id":45,"left_children":[-1],"loss_changes":[0E0],"parents":[2147483647],"right_children":[-1],"split_conditions":[-2.3059929E-3],"split_indices":[0],"split_type":[0],"sum_hessian":[7.6E1],"tree_param":{"num_deleted":"0","num_feature":"3","num_nodes":"1","size_leaf_vector":"1"}},{"base_weights":[-1.229994E-1],"categories":[],"categories_nodes":[],"categories_segments":[],"categories_sizes":[],"default_left":[0],"id":46,"left_children":[-1],"loss_changes":[0E0],"parents":[2147483647],"right_children":[-1],"split_conditions":[-1.844991E-2],"split_indices":[0],"split_type":[0],"sum_hessian":[8.7E1],"tree_param":{"num_deleted":"0","num_feature":"3","num_nodes":"1","size_leaf_vector":"1"}},{"base_weights":[-7.0938334E-2],"categories":[],"categories_nodes":[],"categories_segments":[],"categories_sizes":[],"default_left":[0],"id":47,"left_children":[-1],"loss_changes":[0E0],"parents":[2147483647],"right_children":[-1],"split_conditions":[-1.0640751E-2],"split_indices":[0],"split_type":[0],"sum_hessian":[7E1],"tree_param":{"num_deleted":"0","num_feature":"3","num_nodes":"1","size_leaf_vector":"1"}},{"base_weights":[-2.8842283E-2],"categories":[],"categories_nodes":[],"categories_segments":[],"categories_sizes":[],"default_left":[0],"id":48,"left_children":[-1],"loss_changes":[0E0],"parents":[2147483647],"right_children":[-1],"split_conditions":[-4.3263426E-3],"split_indices":[0],"split_type":[0],"sum_hessian":[8.8E1],"tree_param":{"num_deleted":"0","num_feature":"3","num_nodes":"1","size_leaf_vector":"1"}},{"base_weights":[4.9599265E-3],"categories":[],"categories_nodes":[],"categories_segments":[],"categories_sizes":[],"default_left":[0],"id":49,"left_children":[-1],"loss_changes":[0E0],"parents":[2147483647],"right_children":[-1],"split_conditions":[7.43989E-4],"split_indices":[0],"split_type":[0],"sum_hessian":[8.1E1],"tree_param":{"num_deleted":"0","num_feature":"3","num_nodes":"1","size_leaf_vector":"1"}},{"base_weights":[-2.520443E-2],"categories":[],"categories_nodes":[],"categories_segments":[],"categories_sizes":[],"default_left":[0],"id":50,"left_children":[-1],"loss_changes":[0E0],"parents":[2147483647],"right_children":[-1],"split_conditions":[-3.7806646E-3],"split_indices":[0],"split_type":[0],"sum_hessian":[8.9E1],"tree_param":{"num_deleted":"0","num_feature":"3","num_nodes":"1","size_leaf_vector":"1"}},{"base_weights":[1.8276092E-2],"categories":[],"categories_nodes":[],"categories_segments":[],"categories_sizes":[],"default_left":[0],"id":51,"left_children":[-1],"loss_changes":[0E0],"parents":[2147483647],"right_children":[-1],"split_conditions":[2.741414E-3],"split_indices":[0],"split_type":[0],"sum_hessian":[7.9E1],"tree_param":{"num_deleted":"0","num_feature":"3","num_nodes":"1","size_leaf_vector":"1"}},{"base_weights":[-4.850898E-2],"categories":[],"categories_nodes":[],"categories_segments":[],"categories_sizes":[],"default_left":[0],"id":52,"left_children":[-1],"loss_changes":[0E0],"parents":[2147483647],"right_children":[-1],"split_conditions":[-7.2763474E-3],"split_indices":[0],"split_type":[0],"sum_hessian":[7.8E1],"tree_param":{"num_deleted":"0","num_feature":"3","num_nodes":"1","size_leaf_vector":"1"}},{"base_weights":[-7.5122274E-2],"categories":[],"categories_nodes":[],"categories_segments":[],"categories_sizes":[],"default_left":[0],"id":53,"left_children":[-1],"loss_changes":[0E0],"parents":[2147483647],"right_children":[-1],"split_conditions":[-1.1268342E-2],"split_indices":[0],"split_type":[0],"sum_hessian":[8.3E1],"tree_param":{"num_deleted":"0","num_feature":"3","num_nodes":"1","size_leaf_vector":"1"}},{"base_weights":[8.871977E-3],"categories":[],"categories_nodes":[],"categories_segments":[],"categories_sizes":[],"default_left":[0],"id":54,"left_children":[-1],"loss_changes":[0E0],"parents":[2147483647],"right_children":[-1],"split_conditions":[1.3307966E-3],"split_indices":[0],"split_type":[0],"sum_hessian":[8.6E1],"tree_param":{"num_deleted":"0","num_feature":"3","num_nodes":"1","size_leaf_vector":"1"}},{"base_weights":[-5.5914577E-2],"categories":[],"categories_nodes":[],"categories_segments":[],"categories_sizes":[],"default_left":[0],"id":55,"left_children":[-1],"loss_changes":[0E0],"parents":[2147483647],"right_children":[-1],"split_conditions":[-8.387187E-3],"split_indices":[0],"split_type":[0],"sum_hessian":[7.4E1],"tree_param":{"num_deleted":"0","num_feature":"3","num_nodes":"1","size_leaf_vector":"1"}},{"base_weights":[8.675495E-2],"categories":[],"categories_nodes":[],"categories_segments":[],"categories_sizes":[],"default_left":[0],"id":56,"left_children":[-1],"loss_changes":[0E0],"parents":[2147483647],"right_children":[-1],"split_conditions":[1.3013243E-2],"split_indices":[0],"split_type":[0],"sum_hessian":[8.9E1],"tree_param":{"num_deleted":"0","num_feature":"3","num_nodes":"1","size_leaf_vector":"1"}},{"base_weights":[-5.337072E-2],"categories":[],"categories_nodes":[],"categories_segments":[],"categories_sizes":[],"default_left":[0],"id":57,"left_children":[-1],"loss_changes":[0E0],"parents":[2147483647],"right_children":[-1],"split_conditions":[-8.005609E-3],"split_indices":[0],"split_type":[0],"sum_hessian":[8.2E1],"tree_param":{"num_deleted":"0","num_feature":"3","num_nodes":"1","size_leaf_vector":"1"}},{"base_weights":[-8.936823E-3],"categories":[],"categories_nodes":[],"categories_segments":[],"categories_sizes":[],"default_left":[0],"id":58,"left_children":[-1],"loss_changes":[0E0],"parents":[2147483647],"right_children":[-1],"split_conditions":[-1.3405236E-3],"split_indices":[0],"split_type":[0],"sum_hessian":[8.4E1],"tree_param":{"num_deleted":"0","num_feature":"3","num_nodes":"1","size_leaf_vector":"1"}},{"base_weights":[2.9262984E-2],"categories":[],"categories_nodes":[],"categories_segments":[],"categories_sizes":[],"default_left":[0],"id":59,"left_children":[-1],"loss_changes":[0E0],"parents":[2147483647],"right_children":[-1],"split_conditions":[4.3894476E-3],"split_indices":[0],"split_type":[0],"sum_hessian":[8.4E1],"tree_param":{"num_deleted":"0","num_feature":"3","num_nodes":"1","size_leaf_vector":"1"}},{"base_weights":[3.96806E-2],"categories":[],"categories_nodes":[],"categories_segments":[],"categories_sizes":[],"default_left":[0],"id":60,"left_children":[-1],"loss_changes":[0E0],"parents":[2147483647],"right_children":[-1],"split_conditions":[5.9520905E-3],"split_indices":[0],"split_type":[0],"sum_hessian":[7.5E1],"tree_param":{"num_deleted":"0","num_feature":"3","num_nodes":"1","size_leaf_vector":"1"}},{"base_weights":[-7.863504E-2],"categories":[],"categories_nodes":[],"categories_segments":[],"categories_sizes":[],"default_left":[0],"id":61,"left_children":[-1],"loss_changes":[0E0],"parents":[2147483647],"right_children":[-1],"split_conditions":[-1.1795256E-2],"split_indices":[0],"split_type":[0],"sum_hessian":[9E1],"tree_param":{"num_deleted":"0","num_feature":"3","num_nodes":"1","size_leaf_vector":"1"}},{"base_weights":[6.108269E-2],"categories":[],"categories_nodes":[],"categories_segments":[],"categories_sizes":[],"default_left":[0],"id":62,"left_children":[-1],"loss_changes":[0E0],"parents":[2147483647],"right_children":[-1],"split_conditions":[9.162404E-3],"split_indices":[0],"split_type":[0],"sum_hessian":[8.7E1],"tree_param":{"num_deleted":"0","num_feature":"3","num_nodes":"1","size_leaf_vector":"1"}},{"base_weights":[7.695863E-2],"categories":[],"categories_nodes":[],"categories_segments":[],"categories_sizes":[],"default_left":[0],"id":63,"left_children":[-1],"loss_changes":[0E0],"parents":[2147483647],"right_children":[-1],"split_conditions":[1.1543795E-2],"split_indices":[0],"split_type":[0],"sum_hessian":[7.9E1],"tree_param":{"num_deleted":"0","num_feature":"3","num_nodes":"1","size_leaf_vector":"1"}},{"base_weights":[-9.397053E-2],"categories":[],"categories_nodes":[],"categories_segments":[],"categories_sizes":[],"default_left":[0],"id":64,"left_children":[-1],"loss_changes":[0E0],"parents":[2147483647],"right_children":[-1],"split_conditions":[-1.409558E-2],"split_indices":[0],"split_type":[0],"sum_hessian":[7.3E1],"tree_param":{"num_deleted":"0","num_feature":"3","num_nodes":"1","size_leaf_vector":"1"}},{"base_weights":[1.0588709E-1],"categories":[],"categories_nodes":[],"categories_segments":[],"categories_sizes":[],"default_left":[0],"id":65,"left_children":[-1],"loss_changes":[0E0],"parents":[2147483647],"right_children":[-1],"split_conditions":[1.5883064E-2],"split_indices":[0],"split_type":[0],"sum_hessian":[9E1],"tree_param":{"num_deleted":"0","num_feature":"3","num_nodes":"1","size_leaf_vector":"1"}},{"base_weights":[2.7352931E-2],"categories":[],"categories_nodes":[],"categories_segments":[],"categories_sizes":[],"default_left":[0],"id":66,"left_children":[-1],"loss_changes":[0E0],"parents":[2147483647],"right_children":[-1],"split_conditions":[4.1029397E-3],"split_indices":[0],"split_type":[0],"sum_hessian":[8E1],"tree_param":{"num_deleted":"0","num_feature":"3","num_nodes":"1","size_leaf_vector":"1"}},{"base_weights":[-6.5959364E-2],"categories":[],"categories_nodes":[],"categories_segments":[],"categories_sizes":[],"default_left":[0],"id":67,"left_children":[-1],"loss_changes":[0E0],"parents":[2147483647],"right_children":[-1],"split_conditions":[-9.893905E-3],"split_indices":[0],"split_type":[0],"sum_hessian":[7.9E1],"tree_param":{"num_deleted":"0","num_feature":"3","num_nodes":"1","size_leaf_vector":"1"}},{"base_weights":[1.2736534E-1],"categories":[],"categories_nodes":[],"categories_segments":[],"categories_sizes":[],"default_left":[0],"id":68,"left_children":[-1],"loss_changes":[0E0],"parents":[2147483647],"right_children":[-1],"split_conditions":[1.9104801E-2],"split_indices":[0],"split_type":[0],"sum_hessian":[6.9E1],"tree_param":{"num_deleted":"0","num_feature":"3","num_nodes":"1","size_leaf_vector":"1"}},{"base_weights":[9.650696E-2],"categories":[],"categories_nodes":[],"categories_segments":[],"categories_sizes":[],"default_left":[0],"id":69,"left_children":[-1],"loss_changes":[0E0],"parents":[2147483647],"right_children":[-1],"split_conditions":[1.4476045E-2],"split_indices":[0],"split_type":[0],"sum_hessian":[8.1E1],"tree_param":{"num_deleted":"0","num_feature":"3","num_nodes":"1","size_leaf_vector":"1"}},{"base_weights":[-2.768697E-2],"categories":[],"categories_nodes":[],"categories_segments":[],"categories_sizes":[],"default_left":[0],"id":70,"left_children":[-1],"loss_changes":[0E0],"parents":[2147483647],"right_children":[-1],"split_conditions":[-4.153046E-3],"split_indices":[0],"split_type":[0],"sum_hessian":[8.1E1],"tree_param":{"num_deleted":"0","num_feature":"3","num_nodes":"1","size_leaf_vector":"1"}},{"base_weights":[-1.9921132E-3],"categories":[],"categories_nodes":[],"categories_segments":[],"categories_sizes":[],"default_left":[0],"id":71,"left_children":[-1],"loss_changes":[0E0],"parents":[2147483647],"right_children":[-1],"split_conditions":[-2.98817E-4],"split_indices":[0],"split_type":[0],"sum_hessian":[7.9E1],"tree_param":{"num_deleted":"0","num_feature":"3","num_nodes":"1","size_leaf_vector":"1"}},{"base_weights":[-7.5628355E-2],"categories":[],"categories_nodes":[],"categories_segments":[],"categories_sizes":[],"default_left":[0],"id":72,"left_children":[-1],"loss_changes":[0E0],"parents":[2147483647],"right_children":[-1],"split_conditions":[-1.1344254E-2],"split_indices":[0],"split_type":[0],"sum_hessian":[7.8E1],"tree_param":{"num_deleted":"0","num_feature":"3","num_nodes":"1","size_leaf_vector":"1"}},{"base_weights":[1.0817037E-1],"categories":[],"categories_nodes":[],"categories_segments":[],"categories_sizes":[],"default_left":[0],"id":73,"left_children":[-1],"loss_changes":[0E0],"parents":[2147483647],"right_children":[-1],"split_conditions":[1.6225556E-2],"split_indices":[0],"split_type":[0],"sum_hessian":[9.6E1],"tree_param":{"num_deleted":"0","num_feature":"3","num_nodes":"1","size_leaf_vector":"1"}},{"base_weights":[2.7506158E-2],"categories":[],"categories_nodes":[],"categories_segments":[],"categories_sizes":[],"default_left":[0],"id":74,"left_children":[-1],"loss_changes":[0E0],"parents":[2147483647],"right_children":[-1],"split_conditions":[4.125924E-3],"split_indices":[0],"split_type":[0],"sum_hessian":[8.3E1],"tree_param":{"num_deleted":"0","num_feature":"3","num_nodes":"1","size_leaf_vector":"1"}},{"base_weights":[-6.4249426E-2],"categories":[],"categories_nodes":[],"categories_segments":[],"categories_sizes":[],"default_left":[0],"id":75,"left_children":[-1],"loss_changes":[0E0],"parents":[2147483647],"right_children":[-1],"split_conditions":[-9.6374145E-3],"split_indices":[0],"split_type":[0],"sum_hessian":[8E1],"tree_param":{"num_deleted":"0","num_feature":"3","num_nodes":"1","size_leaf_vector":"1"}},{"base_weights":[1.6054666E-2],"categories":[],"categories_nodes":[],"categories_segments":[],"categories_sizes":[],"default_left":[0],"id":76,"left_children":[-1],"loss_changes":[0E0],"parents":[2147483647],"right_children":[-1],"split_conditions":[2.4082E-3],"split_indices":[0],"split_type":[0],"sum_hessian":[9E1],"tree_param":{"num_deleted":"0","num_feature":"3","num_nodes":"1","size_leaf_vector":"1"}},{"base_weights":[-2.4743948E-2],"categories":[],"categories_nodes":[],"categories_segments":[],"categories_sizes":[],"default_left":[0],"id":77,"left_children":[-1],"loss_changes":[0E0],"parents":[2147483647],"right_children":[-1],"split_conditions":[-3.7115924E-3],"split_indices":[0],"split_type":[0],"sum_hessian":[8.8E1],"tree_param":{"num_deleted":"0","num_feature":"3","num_nodes":"1","size_leaf_vector":"1"}},{"base_weights":[3.7622187E-2],"categories":[],"categories_nodes":[],"categories_segments":[],"categories_sizes":[],"default_left":[0],"id":78,"left_children":[-1],"loss_changes":[0E0],"parents":[2147483647],"right_children":[-1],"split_conditions":[5.643328E-3],"split_indices":[0],"split_type":[0],"sum_hessian":[8.8E1],"tree_param":{"num_deleted":"0","num_feature":"3","num_nodes":"1","size_leaf_vector":"1"}},{"base_weights":[-3.1349644E-2],"categories":[],"categories_nodes":[],"categories_segments":[],"categories_sizes":[],"default_left":[0],"id":79,"left_children":[-1],"loss_changes":[0E0],"parents":[2147483647],"right_children":[-1],"split_conditions":[-4.702447E-3],"split_indices":[0],"split_type":[0],"sum_hessian":[7.8E1],"tree_param":{"num_deleted":"0","num_feature":"3","num_nodes":"1","size_leaf_vector":"1"}},{"base_weights":[9.394557E-2],"categories":[],"categories_nodes":[],"categories_segments":[],"categories_sizes":[],"default_left":[0],"id":80,"left_children":[-1],"loss_changes":[0E0],"parents":[2147483647],"right_children":[-1],"split_conditions":[1.4091836E-2],"split_indices":[0],"split_type":[0],"sum_hessian":[8.3E1],"tree_param":{"num_deleted":"0","num_feature":"3","num_nodes":"1","size_leaf_vector":"1"}},{"base_weights":[-1.7511664E-1],"categories":[],"categories_nodes":[],"categories_segments":[],"categories_sizes":[],"default_left":[0],"id":81,"left_children":[-1],"loss_changes":[0E0],"parents":[2147483647],"right_children":[-1],"split_conditions":[-2.6267497E-2],"split_indices":[0],"split_type":[0],"sum_hessian":[8.5E1],"tree_param":{"num_deleted":"0","num_feature":"3","num_nodes":"1","size_leaf_vector":"1"}},{"base_weights":[5.933712E-3],"categories":[],"categories_nodes":[],"categories_segments":[],"categories_sizes":[],"default_left":[0],"id":82,"left_children":[-1],"loss_changes":[0E0],"parents":[2147483647],"right_children":[-1],"split_conditions":[8.900568E-4],"split_indices":[0],"split_type":[0],"sum_hessian":[7.6E1],"tree_param":{"num_deleted":"0","num_feature":"3","num_nodes":"1","size_leaf_vector":"1"}},{"base_weights":[-1.0845572E-2],"categories":[],"categories_nodes":[],"categories_segments":[],"categories_sizes":[],"default_left":[0],"id":83,"left_children":[-1],"loss_changes":[0E0],"parents":[2147483647],"right_children":[-1],"split_conditions":[-1.6268358E-3],"split_indices":[0],"split_type":[0],"sum_hessian":[8.8E1],"tree_param":{"num_deleted":"0","num_feature":"3","num_nodes":"1","size_leaf_vector":"1"}},{"base_weights":[2.8359162E-2],"categories":[],"categories_nodes":[],"categories_segments":[],"categories_sizes":[],"default_left":[0],"id":84,"left_children":[-1],"loss_changes":[0E0],"parents":[2147483647],"right_children":[-1],"split_conditions":[4.2538745E-3],"split_indices":[0],"split_type":[0],"sum_hessian":[7.9E1],"tree_param":{"num_deleted":"0","num_feature":"3","num_nodes":"1","size_leaf_vector":"1"}},{"base_weights":[-4.986465E-2],"categories":[],"categories_nodes":[],"categories_segments":[],"categories_sizes":[],"default_left":[0],"id":85,"left_children":[-1],"loss_changes":[0E0],"parents":[2147483647],"right_children":[-1],"split_conditions":[-7.479698E-3],"split_indices":[0],"split_type":[0],"sum_hessian":[8.3E1],"tree_param":{"num_deleted":"0","num_feature":"3","num_nodes":"1","size_leaf_vector":"1"}},{"base_weights":[1.11520495E-2],"categories":[],"categories_nodes":[],"categories_segments":[],"categories_sizes":[],"default_left":[0],"id":86,"left_children":[-1],"loss_changes":[0E0],"parents":[2147483647],"right_children":[-1],"split_conditions":[1.6728075E-3],"split_indices":[0],"split_type":[0],"sum_hessian":[8.1E1],"tree_param":{"num_deleted":"0","num_feature":"3","num_nodes":"1","size_leaf_vector":"1"}},{"base_weights":[3.448553E-2],"categories":[],"categories_nodes":[],"categories_segments":[],"categories_sizes":[],"default_left":[0],"id":87,"left_children":[-1],"loss_changes":[0E0],"parents":[2147483647],"right_children":[-1],"split_conditions":[5.1728296E-3],"split_indices":[0],"split_type":[0],"sum_hessian":[8.4E1],"tree_param":{"num_deleted":"0","num_feature":"3","num_nodes":"1","size_leaf_vector":"1"}},{"base_weights":[1.3888685E-1],"categories":[],"categories_nodes":[],"categories_segments":[],"categories_sizes":[],"default_left":[0],"id":88,"left_children":[-1],"loss_changes":[0E0],"parents":[2147483647],"right_children":[-1],"split_conditions":[2.0833028E-2],"split_indices":[0],"split_type":[0],"sum_hessian":[8.3E1],"tree_param":{"num_deleted":"0","num_feature":"3","num_nodes":"1","size_leaf_vector":"1"}},{"base_weights":[-5.1051103E-2],"categories":[],"categories_nodes":[],"categories_segments":[],"categories_sizes":[],"default_left":[0],"id":89,"left_children":[-1],"loss_changes":[0E0],"parents":[2147483647],"right_children":[-1],"split_conditions":[-7.6576658E-3],"split_indices":[0],"split_type":[0],"sum_hessian":[8.7E1],"tree_param":{"num_deleted":"0","num_feature":"3","num_nodes":"1","size_leaf_vector":"1"}},{"base_weights":[3.1547774E-2],"categories":[],"categories_nodes":[],"categories_segments":[],"categories_sizes":[],"default_left":[0],"id":90,"left_children":[-1],"loss_changes":[0E0],"parents":[2147483647],"right_children":[-1],"split_conditions":[4.7321664E-3],"split_indices":[0],"split_type":[0],"sum_hessian":[8.6E1],"tree_param":{"num_deleted":"0","num_feature":"3","num_nodes":"1","size_leaf_vector":"1"}},{"base_weights":[-4.6539297E-3],"categories":[],"categories_nodes":[],"categories_segments":[],"categories_sizes":[],"default_left":[0],"id":91,"left_children":[-1],"loss_changes":[0E0],"parents":[2147483647],"right_children":[-1],"split_conditions":[-6.980895E-4],"split_indices":[0],"split_type":[0],"sum_hessian":[8.6E1],"tree_param":{"num_deleted":"0","num_feature":"3","num_nodes":"1","size_leaf_vector":"1"}},{"base_weights":[5.7440445E-2],"categories":[],"categories_nodes":[],"categories_segments":[],"categories_sizes":[],"default_left":[0],"id":92,"left_children":[-1],"loss_changes":[0E0],"parents":[2147483647],"right_children":[-1],"split_conditions":[8.6160675E-3],"split_indices":[0],"split_type":[0],"sum_hessian":[6.7E1],"tree_param":{"num_deleted":"0","num_feature":"3","num_nodes":"1","size_leaf_vector":"1"}},{"base_weights":[7.606553E-2],"categories":[],"categories_nodes":[],"categories_segments":[],"categories_sizes":[],"default_left":[0],"id":93,"left_children":[-1],"loss_changes":[0E0],"parents":[2147483647],"right_children":[-1],"split_conditions":[1.140983E-2],"split_indices":[0],"split_type":[0],"sum_hessian":[8.4E1],"tree_param":{"num_deleted":"0","num_feature":"3","num_nodes":"1","size_leaf_vector":"1"}},{"base_weights":[2.5434222E-2],"categories":[],"categories_nodes":[],"categories_segments":[],"categories_sizes":[],"default_left":[0],"id":94,"left_children":[-1],"loss_changes":[0E0],"parents":[2147483647],"right_children":[-1],"split_conditions":[3.8151334E-3],"split_indices":[0],"split_type":[0],"sum_hessian":[8.2E1],"tree_param":{"num_deleted":"0","num_feature":"3","num_nodes":"1","size_leaf_vector":"1"}},{"base_weights":[-1.3580257E-1],"categories":[],"categories_nodes":[],"categories_segments":[],"categories_sizes":[],"default_left":[0],"id":95,"left_children":[-1],"loss_changes":[0E0],"parents":[2147483647],"right_children":[-1],"split_conditions":[-2.0370387E-2],"split_indices":[0],"split_type":[0],"sum_hessian":[7.6E1],"tree_param":{"num_deleted":"0","num_feature":"3","num_nodes":"1","size_leaf_vector":"1"}},{"base_weights":[8.5893095E-2],"categories":[],"categories_nodes":[],"categories_segments":[],"categories_sizes":[],"default_left":[0],"id":96,"left_children":[-1],"loss_changes":[0E0],"parents":[2147483647],"right_children":[-1],"split_conditions":[1.2883965E-2],"split_indices":[0],"split_type":[0],"sum_hessian":[8.1E1],"tree_param":{"num_deleted":"0","num_feature":"3","num_nodes":"1","size_leaf_vector":"1"}},{"base_weights":[-6.2153395E-2],"categories":[],"categories_nodes":[],"categories_segments":[],"categories_sizes":[],"default_left":[0],"id":97,"left_children":[-1],"loss_changes":[0E0],"parents":[2147483647],"right_children":[-1],"split_conditions":[-9.323009E-3],"split_indices":[0],"split_type":[0],"sum_hessian":[8.7E1],"tree_param":{"num_deleted":"0","num_feature":"3","num_nodes":"1","size_leaf_vector":"1"}},{"base_weights":[1.9541621E-2],"categories":[],"categories_nodes":[],"categories_segments":[],"categories_sizes":[],"default_left":[0],"id":98,"left_children":[-1],"loss_changes":[0E0],"parents":[2147483647],"right_children":[-1],"split_conditions":[2.9312433E-3],"split_indices":[0],"split_type":[0],"sum_hessian":[8E1],"tree_param":{"num_deleted":"0","num_feature":"3","num_nodes":"1","size_leaf_vector":"1"}},{"base_weights":[-4.5336165E-2],"categories":[],"categories_nodes":[],"categories_segments":[],"categories_sizes":[],"default_left":[0],"id":99,"left_children":[-1],"loss_changes":[0E0],"parents":[2147483647],"right_children":[-1],"split_conditions":[-6.800425E-3],"split_indices":[0],"split_type":[0],"sum_hessian":[8.6E1],"tree_param":{"num_deleted":"0","num_feature":"3","num_nodes":"1","size_leaf_vector":"1"}},{"base_weights":[-6.7135565E-2],"categories":[],"categories_nodes":[],"categories_segments":[],"categories_sizes":[],"default_left":[0],"id":100,"left_children":[-1],"loss_changes":[0E0],"parents":[2147483647],"right_children":[-1],"split_conditions":[-1.0070335E-2],"split_indices":[0],"split_type":[0],"sum_hessian":[8.6E1],"tree_param":{"num_deleted":"0","num_feature":"3","num_nodes":"1","size_leaf_vector":"1"}},{"base_weights":[-2.1090275E-2],"categories":[],"categories_nodes":[],"categories_segments":[],"categories_sizes":[],"default_left":[0],"id":101,"left_children":[-1],"loss_changes":[0E0],"parents":[2147483647],"right_children":[-1],"split_conditions":[-3.1635414E-3],"split_indices":[0],"split_type":[0],"sum_hessian":[7.8E1],"tree_param":{"num_deleted":"0","num_feature":"3","num_nodes":"1","size_leaf_vector":"1"}},{"base_weights":[-3.7541255E-2],"categories":[],"categories_nodes":[],"categories_segments":[],"categories_sizes":[],"default_left":[0],"id":102,"left_children":[-1],"loss_changes":[0E0],"parents":[2147483647],"right_children":[-1],"split_conditions":[-5.6311884E-3],"split_indices":[0],"split_type":[0],"sum_hessian":[8.6E1],"tree_param":{"num_deleted":"0","num_feature":"3","num_nodes":"1","size_leaf_vector":"1"}},{"base_weights":[-7.458729E-2],"categories":[],"categories_nodes":[],"categories_segments":[],"categories_sizes":[],"default_left":[0],"id":103,"left_children":[-1],"loss_changes":[0E0],"parents":[2147483647],"right_children":[-1],"split_conditions":[-1.11880945E-2],"split_indices":[0],"split_type":[0],"sum_hessian":[8.2E1],"tree_param":{"num_deleted":"0","num_feature":"3","num_nodes":"1","size_leaf_vector":"1"}},{"base_weights":[3.2868586E-2],"categories":[],"categories_nodes":[],"categories_segments":[],"categories_sizes":[],"default_left":[0],"id":104,"left_children":[-1],"loss_changes":[0E0],"parents":[2147483647],"right_children":[-1],"split_conditions":[4.930288E-3],"split_indices":[0],"split_type":[0],"sum_hessian":[8.9E1],"tree_param":{"num_deleted":"0","num_feature":"3","num_nodes":"1","size_leaf_vector":"1"}},{"base_weights":[-2.4379348E-2],"categories":[],"categories_nodes":[],"categories_segments":[],"categories_sizes":[],"default_left":[0],"id":105,"left_children":[-1],"loss_changes":[0E0],"parents":[2147483647],"right_children":[-1],"split_conditions":[-3.6569024E-3],"split_indices":[0],"split_type":[0],"sum_hessian":[8E1],"tree_param":{"num_deleted":"0","num_feature":"3","num_nodes":"1","size_leaf_vector":"1"}}]},"name":"gbtree"},"learner_model_param":{"base_score":"6.181222E-9","boost_from_average":"1","num_class":"0","num_feature":"3","num_target":"1"},"objective":{"name":"reg:squarederror","reg_loss_param":{"scale_pos_weight":"1"}}},"version":[2,1,1]}