{
    "uid": "89987d6b-7067-404e-acc7-d32eea0cb6db",
    "name": "41_RandomForest",
    "preprocessing": [
        {
            "kmeans": {
                "new_features": [
                    "Dist_Cluster_0",
                    "Dist_Cluster_1",
                    "Dist_Cluster_2",
                    "Cluster"
                ],
                "result_file": "41_RandomForest\\kmeans_fold_0.joblib",
                "input_columns": [
                    "sepal length (cm)",
                    "sepal width (cm)",
                    "petal length (cm)"
                ]
            },
            "scale_y": {
                "scale": [
                    0.7657016649978772
                ],
                "mean": [
                    1.2148148148148148
                ],
                "var": [
                    0.5862990397805213
                ],
                "n_samples_seen": 135,
                "n_features_in": 1,
                "columns": [
                    "target"
                ],
                "scale_method": "scale_normal"
            },
            "ml_task": "regression",
            "params": {
                "columns_preprocessing": {},
                "target_preprocessing": [
                    "na_exclude",
                    "scale_normal"
                ],
                "ml_task": "regression",
                "kmeans_features": {
                    "results_path": "AutoML_4"
                }
            }
        }
    ],
    "learners": [
        {
            "library_version": "1.5.1",
            "algorithm_name": "Random Forest",
            "algorithm_short_name": "Random Forest",
            "uid": "e67225a4-0e24-4755-bfa6-02752ad50696",
            "params": {
                "model_type": "Random Forest",
                "ml_task": "regression",
                "n_jobs": -1,
                "seed": 1239,
                "criterion": "squared_error",
                "max_features": 0.8,
                "min_samples_split": 30,
                "max_depth": 7,
                "eval_metric_name": "rmse",
                "explain_level": 0
            },
            "name": "learner_fold_0"
        }
    ],
    "params": {
        "additional": {
            "trees_in_step": 100,
            "train_cant_improve_limit": 1,
            "min_steps": 1,
            "max_steps": 50,
            "early_stopping_rounds": 50,
            "max_rows_limit": null,
            "max_cols_limit": null
        },
        "preprocessing": {
            "columns_preprocessing": {},
            "target_preprocessing": [
                "na_exclude",
                "scale_normal"
            ],
            "ml_task": "regression",
            "kmeans_features": {
                "results_path": "AutoML_4"
            }
        },
        "validation_strategy": {
            "validation_type": "split",
            "train_ratio": 0.9,
            "shuffle": true,
            "X_path": "AutoML_4\\X.data",
            "y_path": "AutoML_4\\y.data",
            "results_path": "AutoML_4"
        },
        "learner": {
            "model_type": "Random Forest",
            "ml_task": "regression",
            "n_jobs": -1,
            "seed": 1239,
            "criterion": "squared_error",
            "max_features": 0.8,
            "min_samples_split": 30,
            "max_depth": 7,
            "eval_metric_name": "rmse",
            "explain_level": 0
        },
        "automl_random_state": 1234,
        "ml_task": "regression",
        "explain_level": 0,
        "name": "41_RandomForest",
        "status": "initialized",
        "final_loss": null,
        "train_time": null,
        "data_type": "original_kmeans_features",
        "max_time_for_learner": 60
    },
    "saved": [
        "41_RandomForest\\learner_fold_0.random_forest"
    ],
    "predictions_fname": "41_RandomForest\\predictions_validation.csv",
    "metric_name": "rmse",
    "final_loss": "0.12504437405994148",
    "train_time": 1.3626997470855713,
    "is_stacked": false,
    "joblib_version": "1.4.2"
}