{
    "columns": [
        "sepal length (cm)",
        "sepal width (cm)",
        "petal length (cm)"
    ],
    "rows": 150,
    "cols": 3,
    "target_is_numeric": true,
    "columns_info": {
        "sepal length (cm)": [
            "scale"
        ],
        "sepal width (cm)": [
            "scale"
        ],
        "petal length (cm)": [
            "scale"
        ]
    },
    "target_info": [
        "scale"
    ],
    "n_features": 3,
    "is_sample_weighted": false,
    "is_fairness_applied": false
}