{
    "new_features": [
        {
            "feature1": "petal length (cm)",
            "feature2": "sepal length (cm)",
            "operation": "multiply",
            "score": 0.1367897059
        },
        {
            "feature1": "sepal length (cm)",
            "feature2": "petal length (cm)",
            "operation": "ratio",
            "score": 0.1383686532
        },
        {
            "feature1": "petal length (cm)",
            "feature2": "sepal length (cm)",
            "operation": "ratio",
            "score": 0.1383686532
        },
        {
            "feature1": "petal length (cm)",
            "feature2": "sepal width (cm)",
            "operation": "multiply",
            "score": 0.1473298425
        },
        {
            "feature1": "sepal width (cm)",
            "feature2": "petal length (cm)",
            "operation": "diff",
            "score": 0.1519963541
        },
        {
            "feature1": "petal length (cm)",
            "feature2": "sepal length (cm)",
            "operation": "sum",
            "score": 0.1689408872
        },
        {
            "feature1": "petal length (cm)",
            "feature2": "sepal width (cm)",
            "operation": "sum",
            "score": 0.1754018027
        },
        {
            "feature1": "sepal length (cm)",
            "feature2": "petal length (cm)",
            "operation": "diff",
            "score": 0.2183684512
        },
        {
            "feature1": "sepal width (cm)",
            "feature2": "petal length (cm)",
            "operation": "ratio",
            "score": 0.2743222388
        },
        {
            "feature1": "petal length (cm)",
            "feature2": "sepal width (cm)",
            "operation": "ratio",
            "score": 0.2751896774
        }
    ],
    "new_columns": [
        "petal length (cm)_multiply_sepal length (cm)",
        "sepal length (cm)_ratio_petal length (cm)",
        "petal length (cm)_ratio_sepal length (cm)",
        "petal length (cm)_multiply_sepal width (cm)",
        "sepal width (cm)_diff_petal length (cm)",
        "petal length (cm)_sum_sepal length (cm)",
        "petal length (cm)_sum_sepal width (cm)",
        "sepal length (cm)_diff_petal length (cm)",
        "sepal width (cm)_ratio_petal length (cm)",
        "petal length (cm)_ratio_sepal width (cm)"
    ],
    "ml_task": "regression"
}