{
    "mode": "Compete",
    "ml_task": "regression",
    "results_path": "AutoML_4",
    "total_time_limit": 120,
    "model_time_limit": null,
    "algorithms": [
        "Baseline",
        "Linear",
        "Decision Tree",
        "Random Forest",
        "Xgboost",
        "Neural Network"
    ],
    "train_ensemble": true,
    "stack_models": false,
    "eval_metric": "rmse",
    "validation_strategy": {
        "validation_type": "split",
        "train_ratio": 0.9,
        "shuffle": true,
        "X_path": "AutoML_4\\X.data",
        "y_path": "AutoML_4\\y.data",
        "results_path": "AutoML_4"
    },
    "verbose": 1,
    "explain_level": 0,
    "golden_features": true,
    "features_selection": true,
    "start_random_models": 10,
    "hill_climbing_steps": 2,
    "top_models_to_improve": 3,
    "boost_on_errors": false,
    "kmeans_features": true,
    "mix_encoding": true,
    "max_single_prediction_time": null,
    "n_jobs": -1,
    "random_state": 1234,
    "saved": [
        "1_DecisionTree",
        "2_Baseline",
        "3_DecisionTree",
        "4_DecisionTree",
        "5_Linear",
        "6_Default_Xgboost",
        "7_Default_NeuralNetwork",
        "8_Default_RandomForest",
        "9_Xgboost",
        "18_RandomForest",
        "27_NeuralNetwork",
        "10_Xgboost",
        "19_RandomForest",
        "28_NeuralNetwork",
        "11_Xgboost",
        "20_RandomForest",
        "29_NeuralNetwork",
        "12_Xgboost",
        "21_RandomForest",
        "30_NeuralNetwork",
        "13_Xgboost",
        "22_RandomForest",
        "31_NeuralNetwork",
        "14_Xgboost",
        "23_RandomForest",
        "32_NeuralNetwork",
        "15_Xgboost",
        "24_RandomForest",
        "33_NeuralNetwork",
        "16_Xgboost",
        "25_RandomForest",
        "34_NeuralNetwork",
        "17_Xgboost",
        "26_RandomForest",
        "35_NeuralNetwork",
        "8_Default_RandomForest_GoldenFeatures",
        "22_RandomForest_GoldenFeatures",
        "18_RandomForest_GoldenFeatures",
        "8_Default_RandomForest_KMeansFeatures",
        "22_RandomForest_KMeansFeatures",
        "18_RandomForest_KMeansFeatures",
        "8_Default_RandomForest_RandomFeature",
        "36_RandomForest",
        "37_RandomForest",
        "38_RandomForest",
        "39_RandomForest",
        "40_RandomForest",
        "41_RandomForest",
        "42_Xgboost",
        "43_Xgboost",
        "44_Xgboost",
        "45_Xgboost",
        "46_Xgboost",
        "47_NeuralNetwork",
        "48_NeuralNetwork",
        "49_NeuralNetwork",
        "50_NeuralNetwork",
        "51_DecisionTree",
        "52_RandomForest",
        "53_RandomForest",
        "54_RandomForest",
        "55_RandomForest",
        "56_RandomForest",
        "57_RandomForest",
        "58_Xgboost",
        "59_Xgboost",
        "60_Xgboost",
        "61_NeuralNetwork",
        "62_NeuralNetwork",
        "63_NeuralNetwork",
        "64_NeuralNetwork",
        "Ensemble"
    ],
    "fit_level": "finished",
    "best_model": "Ensemble",
    "load_on_predict": [
        "12_Xgboost",
        "18_RandomForest",
        "25_RandomForest",
        "26_RandomForest",
        "34_NeuralNetwork",
        "37_RandomForest",
        "43_Xgboost",
        "51_DecisionTree",
        "5_Linear",
        "61_NeuralNetwork",
        "7_Default_NeuralNetwork",
        "8_Default_RandomForest_GoldenFeatures",
        "Ensemble"
    ]
}